CSV文件,列序号,中文字段,字段名,危险等级
Activity_ALL.csv,1,流水ID,Id,
Activity_ALL.csv,2,备注,Remarks,
Activity_ALL.csv,3,Key_名称,Key_Name,
Activity_ALL.csv,4,名称,Name,
Activity_ALL.csv,5,活动时间类型,TimeType,
Activity_ALL.csv,6,活动开始时间,StartTime,1
Activity_ALL.csv,7,活动结束时间,EndTime,1
Activity_ALL.csv,8,创角时间,CreateRole,
Activity_ALL.csv,9,排序权重,weight,1
Activity_ALL.csv,10,功能开启ID,SystemConfigId,
Activity_ALL.csv,11,是否有独立入口,ShowMode,
Activity_ALL.csv,12,活动类型,Type,
Activity_ALL.csv,13,活动参数id,ActivityParam,
Activity_ALL.csv,14,任务,task,
Activity_ALL.csv,15,按钮Icon,ButtonIcon,
Activity_ALL.csv,16,关联章节id,ChapterId,
Activity_DailySignReward.csv,1,流水ID,Id,
Activity_DailySignReward.csv,2,活动id,ActvityId,
Activity_DailySignReward.csv,3,签到类型,SignType,
Activity_DailySignReward.csv,4,Key_标题,Key_Title,
Activity_DailySignReward.csv,5,标题,Title,
Activity_DailySignReward.csv,6,签到奖励,Rewards,1
Activity_DailySignReward.csv,7,跳转id,Path,
Activity_DailySignReward.csv,8,图标显示,Icon,
Activity_DailySignReward.csv,9,Key_描述,Key_Des,
Activity_DailySignReward.csv,10,描述,Des,
Activity_RookieSevenPeriod.csv,1,流水ID,Id,
Activity_RookieSevenPeriod.csv,2,阶段奖励点数,PeriodPoint,1
Activity_RookieSevenPeriod.csv,3,阶段奖励,PeriodRewards,1
Activity_RookieSevenPeriod.csv,4,阶段奖励星级数量,StarNum,1
Activity_RookieSevenPeriod.csv,5,阶段奖励星级图标,StarPic,1
Activity_RookieSevenPeriod.csv,6,阶段奖励道具图标,ItemPic,1
Activity_SendReward.csv,1,流水ID,Id,
Activity_SendReward.csv,2,奖励,Reward,1
Activity_SevenDaily.csv,1,流水ID,Id,
Activity_SevenDaily.csv,2,Key_名称,Key_Name,
Activity_SevenDaily.csv,3,名称,Name,
Activity_SevenDaily.csv,4,条件id,ConditionID,
Activity_SevenDaily.csv,5,条件参数,ConditionParameters,
Activity_SevenDaily.csv,6,任务奖励,Award,1
Activity_SevenDaily.csv,7,活动ID,ActivityId,
Activity_SevenDaily.csv,8,图标,Icon,
Activity_SevenDaily.csv,9,跳转systemid,GoParams,
Activity_SevenDaily.csv,10,Key_奖励描述,Key_Tips,
Activity_SevenDaily.csv,11,奖励描述,Tips,1
Activity_SkinList.csv,1,ID,ID,
Activity_SkinList.csv,2,Key_名称,Key_Name,
Activity_SkinList.csv,3,名称,Name,
Activity_SkinList.csv,4,商品id,ShopID,1
Activity_SkinList.csv,5,关联皮肤id,SkinID,
Activity_SkinList.csv,6,Missionid,MissionID,
Activity_SkinList.csv,7,SpineId,SpineID,
Activity_SkinList.csv,8,Banner图路径,BannerBg,
Activity_Tower.csv,1,流水ID,Id,
Activity_Tower.csv,2,关卡层数,TowerId,
Activity_Tower.csv,3,名次闭区间初始值,RankingRangeMin,
Activity_Tower.csv,4,名次闭区间终值,RankingRangeMax,
Activity_Tower.csv,5,名次奖励,RankAward,1
Activity_Tower.csv,6,全局奖励,AllAward,1
Activity_Tower.csv,7,名次邮件,RankMail,
Activity_Tower.csv,8,全局邮件,AllMail,
ActivityAdventureConfigNew_Base.csv,1,流水ID,Id,
ActivityAdventureConfigNew_Base.csv,2,Key_关卡名称,Key_Name,
ActivityAdventureConfigNew_Base.csv,3,关卡名称,Name,
ActivityAdventureConfigNew_Base.csv,4,策划备注,NOTES,
ActivityAdventureConfigNew_Base.csv,5,章节表流水id,ChapterId,
ActivityAdventureConfigNew_Base.csv,6,关卡（四级）,LocalID,
ActivityAdventureConfigNew_Base.csv,7,目标场景ID,TypeParm,
ActivityAdventureConfigNew_Base.csv,8,奖励预览,RewardShow,1
ActivityAdventureConfigNew_Base.csv,9,首通奖励loot,FirstLoot,1
ActivityAdventureConfigNew_Base.csv,10,战前剧情,PreStory,
ActivityAdventureConfigNew_Base.csv,11,战后剧情,EndStory,
ActivityAdventureConfigNew_Base.csv,12,战前AVG剧情,PreAVGStory,
ActivityAdventureConfigNew_Base.csv,13,战后AVG剧情,EndAVGStory,
ActivityAdventureConfigNew_Base.csv,14,敌人信息,EnemyInfo,
ActivityAdventureConfigNew_Base.csv,15,关卡图标,Icon,
ActivityAdventureConfigNew_Base.csv,16,Key_第一星条件描述,Key_FirstStarGet,
ActivityAdventureConfigNew_Base.csv,17,第一星条件描述,FirstStarGet,
ActivityAdventureConfigNew_Base.csv,18,1星级条件,StarCondition1,
ActivityAdventureConfigNew_Base.csv,19,Key_第二星条件描述,Key_SecondStarGet,
ActivityAdventureConfigNew_Base.csv,20,第二星条件描述,SecondStarGet,
ActivityAdventureConfigNew_Base.csv,21,2星级条件,StarCondition2,
ActivityAdventureConfigNew_Base.csv,22,Key_第三星条件描述,Key_ThirdStarGet,
ActivityAdventureConfigNew_Base.csv,23,第三星条件描述,ThirdStarGet,
ActivityAdventureConfigNew_Base.csv,24,3星级条件,StarCondition3,
ActivityAdventureConfigNew_Base.csv,25,均衡模式,Balanced,
ActivityAdventureConfigNew_Base.csv,26,BOSS关卡,BossMission,
ActivityAdventureConfigNew_Chapter.csv,1,流水ID,Id,
ActivityAdventureConfigNew_Chapter.csv,2,章节组,Group,
ActivityAdventureConfigNew_Chapter.csv,3,Key_章节名称,Key_ChapterName,
ActivityAdventureConfigNew_Chapter.csv,4,章节名称,ChapterName,
ActivityAdventureConfigNew_Chapter.csv,5,Key_章节序号名称,Key_ChapterNumber,
ActivityAdventureConfigNew_Chapter.csv,6,章节序号,ChapterNumber,
ActivityAdventureConfigNew_Chapter.csv,7,地图预设文件,EpisodeMap,
ActivityAdventureConfigNew_Chapter.csv,8,解锁章节,UnlockParm,
ActivityAdventureConfigNew_Chapter.csv,9,章节图标,Icon,
ActivityAdventureConfigNew_Chapter.csv,10,星星奖励,StartReward,1
ActivityAdventureConfigNew_Chapter.csv,11,开启时间,StartTime,1
ActivityAdventureConfigNew_Chapter.csv,12,均衡模式,Balanced,
ActivityAdventureConfigNew_DevelopTree.csv,1,流水ID,Id,
ActivityAdventureConfigNew_DevelopTree.csv,2,所属期数,GroupId,
ActivityAdventureConfigNew_DevelopTree.csv,3,节点编号,Index,
ActivityAdventureConfigNew_DevelopTree.csv,4,前置节点,Unlock,
ActivityAdventureConfigNew_DevelopTree.csv,5,等级,Level,
ActivityAdventureConfigNew_DevelopTree.csv,6,类型,Type,
ActivityAdventureConfigNew_DevelopTree.csv,7,Key_节点描述,Key_NodeDes,
ActivityAdventureConfigNew_DevelopTree.csv,8,节点描述,NodeDes,
ActivityAdventureConfigNew_DevelopTree.csv,9,图标,Icon,
ActivityAdventureConfigNew_DevelopTree.csv,10,属性加成,Buff,
ActivityAdventureConfigNew_DevelopTree.csv,11,试用角色升火,TrialRoleUP,
ActivityAdventureConfigNew_DevelopTree.csv,12,升级消耗,Consume,1
ActivityAdventureConfigNew_DevelopTree.csv,13,基础属性加成,AddAttribute,
ActivityAdventureConfigNew_StartReward.csv,1,流水ID,Id,
ActivityAdventureConfigNew_StartReward.csv,2,备注,bz,
ActivityAdventureConfigNew_StartReward.csv,3,星星数量,StartNumber,
ActivityAdventureConfigNew_StartReward.csv,4,奖励,Reward,1
ActivityBossConfig_Base.csv,1,ID,ID,
ActivityBossConfig_Base.csv,2,关联活动id,OpActivityID,
ActivityBossConfig_Base.csv,3,boss名称,BossName,
ActivityBossConfig_Base.csv,4,关卡id,SceneID,
ActivityBossConfig_Base.csv,5,boss阶段组,BossLevelGroup,
ActivityBossConfig_Base.csv,6,boss单体task组,HighestPointTaskGroup,
ActivityBossConfig_Base.csv,7,boss累积task组,AccumulatePointTaskGroup,
ActivityBossConfig_Base.csv,8,积分系数,PointCoefficient,
ActivityBossConfig_Base.csv,9,积分排行榜id,RankID,
ActivityBossConfig_Base.csv,10,排行榜奖励结算时间,RankRewardTime,1
ActivityBossConfig_BossLevel.csv,1,ID,id,
ActivityBossConfig_BossLevel.csv,2,boss组,GroupId,
ActivityBossConfig_BossLevel.csv,3,Key_关卡名称,Key_Name,
ActivityBossConfig_BossLevel.csv,4,关卡名称,Name,
ActivityBossConfig_BossLevel.csv,5,等级,Difficult,
ActivityBossConfig_BossLevel.csv,6,SceneID,SceneID,
ActivityBossConfig_BossLevel.csv,7,开启时间,OpenTime,1
ActivityBossConfig_BossLevel.csv,8,生命调节系数,HpRate,
ActivityBossConfig_BossLevel.csv,9,攻击调节系数,AtkRate,
ActivityBossConfig_BossLevel.csv,10,防御调节系数,DefRate,
ActivityBossConfig_BossLevel.csv,11,魔抗调节系数,MgrRate,
ActivityBossConfig_BossLevel.csv,12,添加词条id,BuffIds,
ActivityBossConfig_BossLevel.csv,13,推荐战力,RecommendFight,
ActivityBossConfig_BossLevel.csv,14,首通奖励,FirstReward,1
ActivityBossConfig_BuffClient.csv,1,ID,ID,
ActivityBossConfig_BuffClient.csv,2,Key_名称,Key_Name,
ActivityBossConfig_BuffClient.csv,3,名称,Name,
ActivityBossConfig_BuffClient.csv,4,Key_描述,Key_Describe,
ActivityBossConfig_BuffClient.csv,5,描述,Describe,
ActivityBossConfig_PointsTask.csv,1,任务ID,Id,
ActivityBossConfig_PointsTask.csv,2,任务组,TaskGroup,
ActivityBossConfig_PointsTask.csv,3,Key_任务简介,Key_Des,
ActivityBossConfig_PointsTask.csv,4,任务简介,Des,
ActivityBossConfig_PointsTask.csv,5,任务积分目标,Target,
ActivityBossConfig_PointsTask.csv,6,任务奖励,Reward,1
ActivityBossConfig_StrongerHero.csv,1,ID,ID,
ActivityBossConfig_StrongerHero.csv,2,活动小id,BaseID,
ActivityBossConfig_StrongerHero.csv,3,角色id,HeroID,
ActivityBossConfig_StrongerHero.csv,4,Key_描述,Key_Describe,
ActivityBossConfig_StrongerHero.csv,5,描述,Describe,
ActivityBossConfigNew Mission.csv,1,ID,id,
ActivityBossConfigNew Mission.csv,2,boss组,GroupId,
ActivityBossConfigNew Mission.csv,3,Key_关卡名称,Key_Name,
ActivityBossConfigNew Mission.csv,4,关卡名称,Name,
ActivityBossConfigNew Mission.csv,5,等级,Difficult,
ActivityBossConfigNew Mission.csv,6,SceneID,SceneID,
ActivityBossConfigNew Mission.csv,7,生命调节系数,HpRate,
ActivityBossConfigNew Mission.csv,8,攻击调节系数,AtkRate,
ActivityBossConfigNew Mission.csv,9,防御调节系数,DefRate,
ActivityBossConfigNew Mission.csv,10,魔抗调节系数,MgrRate,
ActivityBossConfigNew Mission.csv,11,护甲调节系数,ArmorRate,
ActivityBossConfigNew Mission.csv,12,Buff,Buff,
ActivityBossConfigNew Mission.csv,13,Key_BUFF描述,Key_BuffDes,
ActivityBossConfigNew Mission.csv,14,BUFF描述,BuffDes,
ActivityBossConfigNew Mission.csv,15,BUFF图标,BuffIcon,
ActivityBossConfigNew_Base.csv,1,ID,ID,
ActivityBossConfigNew_Base.csv,2,boss名称,bz,
ActivityBossConfigNew_Base.csv,3,关卡ID,MissionID,
ActivityBossConfigNew_Base.csv,4,积分系数,PointCoefficient,
ActivityBossConfigNew_Base.csv,5,积分排行榜id,RankID,
ActivityBossConfigNew_Base.csv,6,排行榜奖励结算时间,RankRewardTime,1
ActivityBossConfigNew_Base.csv,7,开启时间,StartTime,1
ActivityBossConfigNew_Base.csv,8,结束时间,EndTime,1
ActivityBossConfigNew_Base.csv,9,关卡图标,Icon,
ActivityBossConfigNew_Base.csv,10,挑战次数,FightTime,1
ActivityBossConfigNew_Base.csv,11,奖励,Loot,1
ActivityBossConfigNew_Base.csv,12,奖励预览,RewardShow,1
ActivityBossConfigNew_Base.csv,13,均衡模式,Balanced,
ActivityBossConfigNew_Base.csv,14,大厅SceneID,HallSceneId,
ActivityBossConfigNew_ChallengeBuff.csv,1,ID,ID,
ActivityBossConfigNew_ChallengeBuff.csv,2,KeyP_BUFF描述,Key_Describe,
ActivityBossConfigNew_ChallengeBuff.csv,3,BUFF描述,Describe,
ActivityBossConfigNew_ChallengeBuff.csv,4,BOSSID,BossID,
ActivityBossConfigNew_ChallengeBuff.csv,5,BUFFID,BuffID,
ActivityBossConfigNew_ChallengeBuff.csv,6,得分加成,ScoreBonus,
ActivityBossConfigNew_Mission.csv,1,ID,id,
ActivityBossConfigNew_Mission.csv,2,Key_关卡名称,Key_Name,
ActivityBossConfigNew_Mission.csv,3,关卡名称,Name,
ActivityBossConfigNew_Mission.csv,4,敌人信息,EnemyInfo,
ActivityBossConfigNew_Mission.csv,5,目标场景ID,SceneId,
ActivityBossConfigNew_Mission.csv,6,生命调节系数,HpRate,
ActivityBossConfigNew_Mission.csv,7,攻击调节系数,AtkRate,
ActivityBossConfigNew_Mission.csv,8,防御调节系数,DefRate,
ActivityBossConfigNew_Mission.csv,9,魔抗调节系数,MgrRate,
ActivityBossConfigNew_Mission.csv,10,护甲调节系数,ArmorRate,
ActivityBossConfigNew_Mission.csv,11,Buff,Buff,
ActivityBossConfigNew_Mission.csv,12,Key_BUFF描述,Key_BuffDes,
ActivityBossConfigNew_Mission.csv,13,BUFF描述,BuffDes,
ActivityBossConfigNew_Mission.csv,14,BUFF图标,BuffIcon,
ActivityBossConfigNew_Mission.csv,15,均衡模式,Balanced,
ActivityCasualGameConfig_A7.csv,1,id,Id,
ActivityCasualGameConfig_A7.csv,2,活动id,ActivityId,
ActivityCasualGameConfig_A7.csv,3,天数,day,
ActivityCasualGameConfig_A7.csv,4,每日道具数量,Item_Times,1
ActivityCasualGameConfig_A7.csv,5,Key_明日提示词文本,Key_Hint,
ActivityCasualGameConfig_A7.csv,6,明日提示词文本,Hint,
ActivityCasualGameConfig_Base.csv,1,流水id,Id,
ActivityCasualGameConfig_Base.csv,2,描述,Description,
ActivityCasualGameConfig_Base.csv,3,关联活动id,OpActivityID,
ActivityCasualGameConfig_Base.csv,4,排行id,RankId,
ActivityCasualGameConfig_Base.csv,5,小游戏参数1,Param1,
ActivityCasualGameConfig_Base.csv,6,小游戏参数2,Param2,
ActivityCasualGameConfig_Base.csv,7,小游戏参数3,Param3,
ActivityCasualGameConfig_Base.csv,8,小游戏参数4,Param4,
ActivityCasualGameConfig_Base.csv,9,任务组（废弃）,TaskGroup,
ActivityCasualGameConfig_Base.csv,10,预制体,Prefab,
ActivityCasualGameConfig_Base.csv,11,活动开始时间,StartTime,1
ActivityCasualGameConfig_Base.csv,12,活动结束时间,EndTime,1
ActivityCasualGameConfig_Base.csv,13,小游戏参数数组说明,ParamsDescription,
ActivityTask_Base.csv,1,ID,id,
ActivityTask_Base.csv,2,积分道具,PointsItem,
ActivityTask_Base.csv,3,开启时间,StartTime,1
ActivityTask_Base.csv,4,结束时间,EndTime,1
ActivityTask_Base.csv,5,归属角色,HeroId,
ActivityTask_Base.csv,6,Key_标题,Key_Title,
ActivityTask_Base.csv,7,标题,Title,
ActivityTask_Base.csv,8,Key_规则描述,Key_Des,
ActivityTask_Base.csv,9,规则描述,Des,
ActivityTask_Base.csv,10,邮件模板,MailId,
ActivityTask_Base.csv,11,资源编号,ResourceNumber,
ActivityTask_PointsReward.csv,1,ID,id,
ActivityTask_PointsReward.csv,2,所属期数,Periods,
ActivityTask_PointsReward.csv,3,所需积分,NeedPoints,
ActivityTask_PointsReward.csv,4,奖励,Reward,1
ActivityTask_PointsReward.csv,5,头像显示,HeroShow,
ActivityTask_PointsReward.csv,6,顶部显示奖励,TopShow,1
ActivityTask_Stage.csv,1,ID,id,
ActivityTask_Stage.csv,2,所属期数,Periods,
ActivityTask_Stage.csv,3,开始时间,OpenDay,1
ActivityTask_Stage.csv,4,任务组id,QuestSubType,
ActivityTask_Stage.csv,5,礼包id,GiftPack,
AICardWeight_Base.csv,1,流水ID,Id,
AICardWeight_Base.csv,2,天空城卡牌类型,PVPCardType,
AICardWeight_Base.csv,3,检测条件,Condition,
AICardWeight_Base.csv,4,条件参数,ConditionsParameter,
AICardWeight_Base.csv,5,权重参数,WeightParameter,1
AIConfig_Array.csv,1,布阵格子流水ID,id,
AIConfig_Array.csv,2,格子顺序,natureID,
AIConfig_Base.csv,1,流水ID,id,
AIConfig_Base.csv,2,Key_信息,Key_Info,
AIConfig_Base.csv,3,信息,Info,
AIConfig_Base.csv,4,策划备注,Notes,
AIConfig_Base.csv,5,所属英雄或小兵,playerID,
AIConfig_Base.csv,6,决策逻辑ID,decisionID,
AIConfig_Base.csv,7,攻击行为逻辑ID,actionAttackID,
AIConfig_Base.csv,8,防御行为逻辑ID,actionDefenceID,
AIConfig_Base.csv,9,逃跑行为逻辑ID,actionRunAwayID,
AIConfig_Base.csv,10,待机行为逻辑ID,actionIdleID,
AIConfig_Base.csv,11,目标选择策略ID,setTargetID,
AIConfig_DecisionLogic.csv,1,流水ID,id,
AIConfig_DecisionLogic.csv,2,性格ID,natureID,
AIConfig_DecisionLogic.csv,3,强度等级,strengthLevel,
AIConfig_DecisionLogic.csv,4,决策行为树相对路径,btPath,
AIConfig_Threat.csv,1,职业ID,id,
AIConfig_Threat.csv,2,初始仇恨,DefaultThreat,
AIConfig_Threat.csv,3,普攻仇恨,ThreatAttackValue,
AIConfig_Threat.csv,4,战技仇恨,ThreatSkillValue,
AIConfig_Threat.csv,5,奥义仇恨,ThreatMaxSkillValue,
AIConfig_Threat.csv,6,普攻受击仇恨,ThreatTakeAttackValue,
AIConfig_Threat.csv,7,战技受击仇恨,ThreatTakeSkillValue,
AIConfig_Threat.csv,8,奥义受击仇恨,ThreatTakeMaxSkillValue,
AllianceBattleConfig_Base.csv,1,ID,id,
AllianceBattleConfig_Base.csv,2,描述,Des,
AllianceBattleConfig_Base.csv,3,开放时间,StartTime,1
AllianceBattleConfig_Base.csv,4,阶段时间,StageTime,
AllianceBattleConfig_Base.csv,5,阶段类型,StageType,
AllianceBattleConfig_Base.csv,6,使用关卡组,MissionGroup,
AllianceBattleConfig_Base.csv,7,关卡组挑战次数,GroupFightNumber,1
AllianceBattleConfig_Base.csv,8,使用BUFF,Buff,
AllianceBattleConfig_BUFF.csv,1,ID,id,
AllianceBattleConfig_BUFF.csv,2,Key_buff描述,Key_BuffDes,
AllianceBattleConfig_BUFF.csv,3,buff描述,BuffDes,
AllianceBattleConfig_BUFF.csv,4,Key_buff名称,Key_BuffName,
AllianceBattleConfig_BUFF.csv,5,buff名称,BuffName,
AllianceBattleConfig_BUFF.csv,6,buffID,BuffID,
AllianceBattleConfig_BUFF.csv,7,icon,Icon,
AllianceBattleConfig_BUFF.csv,8,buff作用目标,BuffTarget,
AllianceBattleConfig_Config.csv,1,流水ID,id,
AllianceBattleConfig_Config.csv,2,描述,des,
AllianceBattleConfig_Config.csv,3,key,Key,
AllianceBattleConfig_Config.csv,4,值,value,
AllianceBattleConfig_Mission.csv,1,ID,id,
AllianceBattleConfig_Mission.csv,2,Key_描述,Key_Des,
AllianceBattleConfig_Mission.csv,3,描述,Des,
AllianceBattleConfig_Mission.csv,4,标题,Title,
AllianceBattleConfig_Mission.csv,5,立绘,Image,
AllianceBattleConfig_Mission.csv,6,关卡组,MissionGroup,
AllianceBattleConfig_Mission.csv,7,循环数,Circulate,
AllianceBattleConfig_Mission.csv,8,下一关,Next,
AllianceBattleConfig_Mission.csv,9,首领怪物ID,BossID,
AllianceBattleConfig_Mission.csv,10,首领血量放大系数,BossHpAmplify,
AllianceBattleConfig_Mission.csv,11,攻击力放大系数,Atk,
AllianceBattleConfig_Mission.csv,12,护甲放大系数,Def,
AllianceBattleConfig_Mission.csv,13,魔法抗性放大系数,Mgr,
AllianceBattleConfig_Mission.csv,14,BUFF,Buff,
AllianceBattleConfig_Mission.csv,15,Key_BUFF描述,Key_BuffDes,
AllianceBattleConfig_Mission.csv,16,BUFF描述,BuffDes,
AllianceBattleConfig_Mission.csv,17,BUFF类型,BuffType,
AllianceBattleConfig_Mission.csv,18,得分倍率,Multiplying,1
AllianceBattleConfig_Mission.csv,19,通关积分,Points,
AllianceBattleConfig_Mission.csv,20,挑战奖励,FightReward,1
AllianceBattleConfig_Mission.csv,21,挑战奖励预览,FightRewardShow,1
AllianceBattleConfig_Mission.csv,22,最后一击奖励,LastReward,1
AllianceBattleConfig_Mission.csv,23,击杀奖励预览,LastRewardShow,1
AllianceBattleConfig_Mission.csv,24,押注奖励权重掉落包,StakeReward,1
AllianceBattleConfig_Mission.csv,25,评价区间,Score,
AllianceBattleConfig_Mission.csv,26,公会战DPS调整系数(新增),UnionAntiCheatDpsAdjustRatio,
AllianceBattleConfig_Mission.csv,27,关卡详情资源,DetailResources,
AllianceBattleConfig_Mission.csv,28,SS评价额外奖励,SSReward,1
AllianceBattleConfig_Mission.csv,29,限制等级,UnlockLevel,
AllianceBattleConfig_Mission.csv,30,敌人信息,EnemyInfo,
AllianceBattleConfig_Mission.csv,31,目标场景ID,SceneId,
AllianceBattleConfig_Mission.csv,32,成就条件1,TaskCondition1,
AllianceBattleConfig_Mission.csv,33,成就条件1系数提示,TaskCondition1Tip,
AllianceBattleConfig_Mission.csv,34,成就条件2,TaskCondition2,
AllianceBattleConfig_Mission.csv,35,成就条件2系数提示,TaskCondition2Tip,
AllianceBattleConfig_Mission.csv,36,是否需要破盾,NeedBreak,
AllianceBattleConfig_Mission.csv,37,击杀获得宝箱,Box,
AllianceBattleConfig_Mission.csv,38,最大战斗时长,MaxTime,
AllianceOccupyConfig_Base.csv,1,流水ID,Id,
AllianceOccupyConfig_Base.csv,2,描述,Des,
AllianceOccupyConfig_Base.csv,3,开启时间,StartTime,1
AllianceOccupyConfig_Base.csv,4,战斗周数,FightWeek,
AllianceOccupyConfig_Base.csv,5,战斗周天数,FightDay,
AllianceOccupyConfig_Base.csv,6,休赛天数,RestDay,
AllianceOccupyConfig_Base.csv,7,据点组,FortGroup,
AllianceOccupyConfig_Camp.csv,1,流水ID,Id,
AllianceOccupyConfig_Camp.csv,2,颜色,Color,
AllianceOccupyConfig_Camp.csv,3,图片,Bg,
AllianceOccupyConfig_Camp.csv,4,路线特效贴图,RouteEffect,
AllianceOccupyConfig_Config.csv,1,流水ID,Id,
AllianceOccupyConfig_Config.csv,2,描述,des,
AllianceOccupyConfig_Config.csv,3,key,Key,
AllianceOccupyConfig_Config.csv,4,值,value,
AllianceOccupyConfig_DailyStage.csv,1,流水ID,Id,
AllianceOccupyConfig_DailyStage.csv,2,Key_名称,Key_Name,
AllianceOccupyConfig_DailyStage.csv,3,名称,Name,
AllianceOccupyConfig_DailyStage.csv,4,图标,Icon,
AllianceOccupyConfig_DailyStage.csv,5,开启时间,StartTime,1
AllianceOccupyConfig_DailyStage.csv,6,Key_阶段描述,Key_Des,
AllianceOccupyConfig_DailyStage.csv,7,阶段描述,Des,
AllianceOccupyConfig_DailyStage.csv,8,特效,Effect,
AllianceOccupyConfig_DailyStage.csv,9,Key_抬头倒计时描述上,Key_DesUp,
AllianceOccupyConfig_DailyStage.csv,10,抬头倒计时描述上,DesUp,
AllianceOccupyConfig_DailyStage.csv,11,Key_抬头倒计时描述下,Key_DesDown,
AllianceOccupyConfig_DailyStage.csv,12,抬头倒计时描述下,DesDown,
AllianceOccupyConfig_DailyStage.csv,13,说明图,Image,
AllianceOccupyConfig_DailyStage.csv,14,说明文本数组,DesHelp,
AllianceOccupyConfig_Fort.csv,1,流水ID,Id,
AllianceOccupyConfig_Fort.csv,2,Key_据点描述,Key_FortDes,
AllianceOccupyConfig_Fort.csv,3,据点描述,FortDes,
AllianceOccupyConfig_Fort.csv,4,Key_据点名称,Key_FortName,
AllianceOccupyConfig_Fort.csv,5,据点名称,FortName,
AllianceOccupyConfig_Fort.csv,6,据点组,FortGroup,
AllianceOccupyConfig_Fort.csv,7,据点资源,FortRes,
AllianceOccupyConfig_Fort.csv,8,地图资源,MapRes,
AllianceOccupyConfig_Fort.csv,9,阵营资源,CampIcon,
AllianceOccupyConfig_Fort.csv,10,相连据点,Adjacent,
AllianceOccupyConfig_Fort.csv,11,是否为初始据点,Initial,
AllianceOccupyConfig_Fort.csv,12,占领积分,Points,
AllianceOccupyConfig_Fort.csv,13,阵营,Camp,
AllianceOccupyConfig_Fort.csv,14,坐标索引,PosIndex,
AllianceOccupyConfig_Fort.csv,15,大小据点,BaseType,
AllianceOccupyConfig_Level.csv,1,流水ID,Id,
AllianceOccupyConfig_Level.csv,2,Key_段位名称,Key_Name,
AllianceOccupyConfig_Level.csv,3,段位名称,Name,
AllianceOccupyConfig_Level.csv,4,图标,Icon,
AllianceOccupyConfig_Level.csv,5,大图标,BigIcon,
AllianceOccupyConfig_Level.csv,6,段位变化,ClassChange,
AllianceOccupyConfig_Level.csv,7,段位重置,ClassReset,
AllianceOccupyConfig_Level.csv,8,周期排行榜ID,WeekRankID,
AllianceOccupyConfig_Level.csv,9,赛季排行榜ID,SeasonRankID,
AllianceOccupyConfig_Level.csv,10,联盟宝箱,Box,
AllianceOccupyConfig_Level.csv,11,联盟排名宝箱,BoxReward,
AllianceOccupyConfig_Level.csv,12,是否为跨服段位,IsCrossServer,
AllianceOccupyConfig_Route.csv,1,流水ID,Id,
AllianceOccupyConfig_Route.csv,2,路线索引,RouteIndex,
AllianceOccupyConfig_Tired.csv,1,流水ID,Id,
AllianceOccupyConfig_Tired.csv,2,疲劳等级,TiredClass,
AllianceOccupyConfig_Tired.csv,3,连胜场数,WinNumber,
AllianceOccupyConfig_Tired.csv,4,图标电池个数,IconNumber,
AllianceOccupyConfig_Tired.csv,5,生命调节系数,HpRate,
AllianceOccupyConfig_Tired.csv,6,攻击调节系数,AtkRate,
AllianceOccupyConfig_Tired.csv,7,防御调节系数,DefRate,
AllianceOccupyConfig_Tired.csv,8,魔抗调节系数,MgrRate,
AreaClean_Area.csv,1,流水ID,Id,
AreaClean_Area.csv,2,Key区域名,Key_Name,
AreaClean_Area.csv,3,区域名,Name,
AreaClean_Area.csv,4,奖励图标,RewardIcon,1
AreaClean_Area.csv,5,通关奖励,Reward,1
AreaClean_Area.csv,6,前三个区域坐标,FormerlyAreaPoint,
AreaClean_Area.csv,7,前三个区域旋转,FormerlyAreaEotate,
AreaClean_Base.csv,1,流水ID,Id,
AreaClean_Base.csv,2,Key_关卡名称,Key_Name,
AreaClean_Base.csv,3,关卡名称,Name,
AreaClean_Base.csv,4,原missionID,OriginalMissionId,
AreaClean_Base.csv,5,区域id,AreaId,
AreaClean_Base.csv,6,关卡类型,Type,
AreaClean_Base.csv,7,关卡（推荐）战力,RecommendForce,
AreaClean_Base.csv,8,战力差系数,ForceRatio,
AreaClean_Base.csv,9,区域净化属性系数调整,ArenCleanAttrRate,
AreaClean_Base.csv,10,危险战力,DangerForce,
AreaClean_Base.csv,11,关卡序号,SerialNum,
AreaClean_Base.csv,12,目标场景ID,SceneId,
AreaClean_Base.csv,13,关卡限时,StageLimitedTime,
AreaClean_Base.csv,14,区域净化开战条件,StartCondition,
AreaClean_Base.csv,15,区域净化通关条件,CleanCondition,
AreaClean_Base.csv,16,镜头参数（美术用）,ShotValue,
AreaClean_Base.csv,17,挂机奖励,IdleRewards,1
AreaClean_Base.csv,18,最大挂机时长,IdleLimitedTime,
AreaClean_Base.csv,19,关卡通关奖励,ClearRewards,1
AreaClean_CleanCondition.csv,1,流水ID,Id,
AreaClean_CleanCondition.csv,2,限制条件类型,Condition,
AreaClean_CleanCondition.csv,3,限制条件参数,ConditionValue,
AreaClean_CleanCondition.csv,4,Key_限制条件文本描述,Key_ConditionText,
AreaClean_CleanCondition.csv,5,限制条件文本描述,ConditionText,
AreaClean_ProgressRewards.csv,1,奖励序号,Id,1
AreaClean_ProgressRewards.csv,2,阶段奖励,ProgressRewards,1
AreaClean_ProgressRewards.csv,3,关卡序号,SerialNum,
AreaClean_ProgressRewards.csv,4,重点奖励关,ImportantRewards,1
AreaClean_QuickExchange.csv,1,序号,Id,
AreaClean_QuickExchange.csv,2,快速挂机小时数,RewardsHour,
AreaClean_QuickExchange.csv,3,消耗,CostNum,1
AreaClean_QuickExchange.csv,4,宝箱掉落概率,EquipBoxLootID,1
AreaClean_StartCondition.csv,1,流水ID,Id,
AreaClean_StartCondition.csv,2,限制条件类型,Condition,
AreaClean_StartCondition.csv,3,限制条件参数,ConditionValue,
AreaClean_StartCondition.csv,4,Key_限制条件文本描述,Key_ConditionText,
AreaClean_StartCondition.csv,5,限制条件文本描述,ConditionText,
AreaCleanRank_Base.csv,1,流水ID,Id,
AreaCleanRank_Base.csv,2,活动ID,ActivityId,
AreaCleanRank_Base.csv,3,通关层数,Num,
AreaCleanRank_Base.csv,4,全服普发奖励,Reward,1
AreaCleanRank_Base.csv,5,首通奖励,FirstClearReward,1
ArenaConfig_AreaEffect.csv,1,序号,ID,
ArenaConfig_AreaEffect.csv,2,Key_场地BUFF名称,Key_AreaEffectName,
ArenaConfig_AreaEffect.csv,3,场地BUFF名称,AreaEffectName,
ArenaConfig_AreaEffect.csv,4,Key_场地BUFF名称,Key_AreaEffectDes,
ArenaConfig_AreaEffect.csv,5,场地BUFF描述,AreaEffectDes,
ArenaConfig_AreaEffect.csv,6,场地格类型,TypeID,
ArenaConfig_AreaEffect.csv,7,场地BUFF组ID,AreaEffectGroupID,
ArenaConfig_AreaEffect.csv,8,场地效果等级,AreaEffectLevel,
ArenaConfig_AreaEffect.csv,9,场地格ID,FormationCellID,
ArenaConfig_AreaEffect.csv,10,场地格BUFF图标,AreaEffectIcon,
ArenaConfig_AreaEffect.csv,11,场地格升级消耗,AreaLevelUpCost,1
ArenaConfig_ArenaBuff.csv,1,序号,ID,
ArenaConfig_ArenaBuff.csv,2,策划备注,BuffDes,
ArenaConfig_ArenaBuff.csv,3,Key_BUFF名称,Key_BuffName,
ArenaConfig_ArenaBuff.csv,4,BUFF名称,BuffName,
ArenaConfig_ArenaBuff.csv,5,BUFFID,BuffID,
ArenaConfig_ArenaBuff.csv,6,Buff图标,BuffIcon,
ArenaConfig_ArenaBuff.csv,7,Key_Buff效果,Key_BuffDes,
ArenaConfig_ArenaBuff.csv,8,Buff效果,BuffDes,
ArenaConfig_ArenaBuff.csv,9,Buff效果量,Des,
ArenaConfig_ArenaFreeHero.csv,1,流水ID,Id,
ArenaConfig_ArenaFreeHero.csv,2,备注,DesignerNote,
ArenaConfig_ArenaFreeHero.csv,3,佣兵类型,RobotType,
ArenaConfig_ArenaFreeHero.csv,4,数据源模型,OriginalID,
ArenaConfig_ArenaFreeHero.csv,5,应用场景,NpcType,
ArenaConfig_ArenaFreeHero.csv,6,布阵特效挂载,PreCombatEffect,
ArenaConfig_ArenaFreeHero.csv,7,Key_场地BUFF名称,Key_MechanismInfo,
ArenaConfig_ArenaFreeHero.csv,8,机关描述,MechanismInfo,
ArenaConfig_ArenaMatches.csv,1,流水ID,ID,
ArenaConfig_ArenaMatches.csv,2,场次数,Matches,1
ArenaConfig_ArenaMatches.csv,3,场次修正系数,MatchesNum,
ArenaConfig_ArenaMatchRule.csv,1,流水ID,ID,
ArenaConfig_ArenaMatchRule.csv,2,胜率,WinRate,
ArenaConfig_ArenaMatchRule.csv,3,胜率修正参数,FixedNum,
ArenaConfig_ArenaMechanism.csv,1,序号,ID,
ArenaConfig_ArenaMechanism.csv,2,机关组ID,ArenaMechanismGroupID,
ArenaConfig_ArenaMechanism.csv,3,机关等级,MechanismLevel,
ArenaConfig_ArenaMechanism.csv,4,机关品质,MechanismQuality,
ArenaConfig_ArenaMechanism.csv,5,机关类型,MechanismType,
ArenaConfig_ArenaMechanism.csv,6,数据源模型,OriginalID,
ArenaConfig_ArenaMechanism.csv,7,机关特效挂载,PreCombatEffect,
ArenaConfig_ArenaMechanism.csv,8,机关升级消耗,MechanismLevelUpCost,1
ArenaConfig_ArenaMechanism.csv,9,Key_机关名称,Key_ArenaMechanismName,
ArenaConfig_ArenaMechanism.csv,10,机关名称,ArenaMechanismName,
ArenaConfig_ArenaMechanism.csv,11,Key_机关描述,Key_ArenaMechanismDes,
ArenaConfig_ArenaMechanism.csv,12,机关描述,ArenaMechanismDes,
ArenaConfig_ArenaMechanism.csv,13,技能数值,SkillNumber,
ArenaConfig_ArenaMechanism.csv,14,参数,ParamString,
ArenaConfig_ArenaRank.csv,1,流水ID,ID,
ArenaConfig_ArenaRank.csv,2,Key_段位名称,Key_RankName,
ArenaConfig_ArenaRank.csv,3,段位名称,RankName,
ArenaConfig_ArenaRank.csv,4,段位最低分数,MinRankPoints,
ArenaConfig_ArenaRank.csv,5,段位最高分数,MaxRankPoints,
ArenaConfig_ArenaRank.csv,6,各段位扩散分数,DefinedPoints,
ArenaConfig_ArenaRank.csv,7,各段位对应段位的折算系数,DownNum,
ArenaConfig_ArenaRank.csv,8,迷雾场次,ArenaFog,
ArenaConfig_ArenaRank.csv,9,胜场奖励,WinArenaAward,1
ArenaConfig_ArenaRank.csv,10,输场/平局奖励,LoseArenaAward,1
ArenaConfig_ArenaRank.csv,11,段位图标,RankIcon,
ArenaConfig_ArenaRank.csv,12,段位一次性奖励,RankFirstReward,1
ArenaConfig_ArenaRank.csv,13,赛季中间奖励,RankInterimReward,1
ArenaConfig_ArenaRank.csv,14,赛季最终奖励,RankFinalReward,1
ArenaConfig_Base.csv,1,迷宫ID,ID,
ArenaConfig_Base.csv,2,备注,DesignerNote,
ArenaConfig_Base.csv,3,开始时间,ArenaOpenTime,1
ArenaConfig_Base.csv,4,赛季休赛时间,ArenaRestTime,
ArenaConfig_Base.csv,5,结束时间,ArenaCloseTime,1
ArenaConfig_Base.csv,6,老服判定时间,GroupFoundTime,
ArenaConfig_Base.csv,7,赛季佣兵,FreeHeroID,
ArenaConfig_Base.csv,8,赛季BUFF,ArenaBuff,
ArenaConfig_Base.csv,9,赛季机关,FreeAreaEffectID,
ArenaNormal_ArenaRobot.csv,1,IndexID,Id,
ArenaNormal_ArenaRobot.csv,2,备注,Remarks,
ArenaNormal_ArenaRobot.csv,3,Key_名称,Key_RobotName,
ArenaNormal_ArenaRobot.csv,4,机器人名字,RobotName,
ArenaNormal_ArenaRobot.csv,5,机器人战力显示区间,BattleForce,
ArenaNormal_ArenaRobot.csv,6,角色账号等级,WorldLevel,
ArenaNormal_ArenaRobot.csv,7,排名区间下限,IntegralMin,1
ArenaNormal_ArenaRobot.csv,8,排名区间上限,IntegralMax,1
ArenaNormal_ArenaRobot.csv,9,竞技场属性系数调整,ArenaAttrRate,
ArenaNormal_ArenaRobot.csv,10,Hero1等级区间,HeroLevel1,
ArenaNormal_ArenaRobot.csv,11,Hero1突破等级区间,HeroAweak1,
ArenaNormal_ArenaRobot.csv,12,Hero1星级段,HeroStar1,
ArenaNormal_ArenaRobot.csv,13,Hero技能等级1,HeroSkill1,
ArenaNormal_Base.csv,1,IndexID,Id,
ArenaNormal_Base.csv,2,备注,Remarks,
ArenaNormal_Base.csv,3,Key_名称,Key_Name,
ArenaNormal_Base.csv,4,名称,Name,
ArenaNormal_Base.csv,5,Key_描述,Key_Des,
ArenaNormal_Base.csv,6,描述,Des,
ArenaNormal_Base.csv,7,日结算时间,DayEndTime,
ArenaNormal_Base.csv,8,休赛时间,DelayTime,
ArenaNormal_Base.csv,9,门票上限数,MaxCount,1
ArenaNormal_Base.csv,10,排行榜ID,RankId,
ArenaNormal_Base.csv,11,邮件停发时间,MailStopTime,
ArenaNormal_Base.csv,12,购买门票所需货币ID,CurrencyId,
ArenaNormal_Base.csv,13,付费购买次数消耗钻石数量,Price,1
ArenaNormal_Base.csv,14,首次战斗机器人,FirstRobot,
ArenaNormal_Base.csv,15,首次战斗胜利后名次,FirstRanking,
ArenaNormal_Base.csv,16,地图id,MapId,
ArenaNormal_Base.csv,17,换一批时间,RefreshTime,
ArenaNormal_Base.csv,18,战斗对象被挑战时锁定时间,ArenaNormalLockTime,
ArenaNormal_BattleTiemsReward.csv,1,IndexID,Id,
ArenaNormal_BattleTiemsReward.csv,2,挑战次数,BattleTimes,1
ArenaNormal_BattleTiemsReward.csv,3,奖励,BattleTimesReward,1
ArenaNormal_Map.csv,1,IndexID,Id,
ArenaNormal_Map.csv,2,防御地图Scene,SceneId1,
ArenaNormal_Map.csv,3,进攻地图Scene,SceneId2,
ArenaNormal_Map.csv,4,名称,Name,
ArenaNormal_Map.csv,5,竞技场Icon,Icon,
ArenaNormal_Map.csv,6,Key_名字,Key_Name,
ArenaNormal_Map.csv,7,解锁地图条件,unlock,
ArenaNormal_RankMatch.csv,1,indexID,Id,
ArenaNormal_RankMatch.csv,2,排名区间下限,IntegralMin,1
ArenaNormal_RankMatch.csv,3,排名区间上限,IntegralMax,1
ArenaNormal_RankMatch.csv,4,匹配1区间,Match1,
ArenaNormal_RankMatch.csv,5,匹配2区间,Match2,
ArenaNormal_RankMatch.csv,6,匹配3区间,Match3,
ArenaNormal_RankMatch.csv,7,匹配扫荡区间,Match4,
ArenaNormal_RankReward.csv,1,IndexID,Id,
ArenaNormal_RankReward.csv,2,达到名次,Rank,
ArenaNormal_RankReward.csv,3,生涯排名奖励,RankReward,1
ArenaNormal_RobotGroup.csv,1,ID,Id,
ArenaNormal_RobotGroup.csv,2,英雄组,SceneId,
ArenaNormal_RobotGroup.csv,3,英雄站位,Position,
ArenaNormal_RoundReward.csv,1,IndexID,Id,
ArenaNormal_RoundReward.csv,2,排名区间上限,RankMax,1
ArenaNormal_RoundReward.csv,3,排名区间下限,RankMin,1
ArenaNormal_RoundReward.csv,4,每日结算奖励,RoundReward,1
ArenaNormal_RoundReward.csv,5,邮件ID,RoundMail,
ArenaPeak_Banner.csv,1,IndexID,Id,
ArenaPeak_Banner.csv,2,Key_名字,Key_Name,
ArenaPeak_Banner.csv,3,玩法名,Name,
ArenaPeak_Banner.csv,4,活动类型,Type,
ArenaPeak_Banner.csv,5,banner资源路径,BannerResource,
ArenaPeak_Base.csv,1,IndexID,Id,
ArenaPeak_Base.csv,2,备注,Remarks,
ArenaPeak_Base.csv,3,赛季期数,SeasonNum,
ArenaPeak_Base.csv,4,赛季期数,SeasonID,
ArenaPeak_Base.csv,5,Key_赛季名称,Key_Name,
ArenaPeak_Base.csv,6,名称,Name,
ArenaPeak_Base.csv,7,Key_描述,Key_Des,
ArenaPeak_Base.csv,8,描述,Des,
ArenaPeak_Base.csv,9,周结算时间,WeekEndTime,
ArenaPeak_Base.csv,10,日结算时间,DayEndTime,
ArenaPeak_Base.csv,11,开始时间,ArenaOpenTime,1
ArenaPeak_Base.csv,12,结束时间,ArenaCloseTime,1
ArenaPeak_Base.csv,13,赛季地图,Match2,
ArenaPeak_Base.csv,14,休赛时间,DelayTime,
ArenaPeak_Base.csv,15,每日门票数,DayCount,
ArenaPeak_Base.csv,16,重置对手次数,FreeResetting,1
ArenaPeak_Base.csv,17,排行榜ID,RankId,
ArenaPeak_Base.csv,18,邮件停发时间,MailStopTime,
ArenaPeak_Base.csv,19,门票上限数,MaxCount,1
ArenaPeak_Base.csv,20,防守胜利邮件ID,DefWinMail,
ArenaPeak_Base.csv,21,防守失败邮件ID,DefLoseMail,
ArenaPeak_CheckIn.csv,1,流水ID,id,
ArenaPeak_CheckIn.csv,2,赛季id,SeasonId,
ArenaPeak_CheckIn.csv,3,描述,Des,
ArenaPeak_CheckIn.csv,4,Key_描述,Key_Des,
ArenaPeak_CheckIn.csv,5,天数,Day,
ArenaPeak_CheckIn.csv,6,第一天签到奖励,Reward,1
ArenaPeak_EqualModeConfig.csv,1,流水ID,id,
ArenaPeak_EqualModeConfig.csv,2,描述,des,
ArenaPeak_EqualModeConfig.csv,3,均衡等级,EqualModeLevel,
ArenaPeak_EqualModeConfig.csv,4,均衡突破,EqualModeBreach,
ArenaPeak_EqualModeConfig.csv,5,技能等级,SkillLevel,
ArenaPeak_EqualModeConfig.csv,6,均衡星级,EqualModeStar,
ArenaPeak_EqualModeConfig.csv,7,均衡新装备强化等级,ArmorGrowUpLevel,
ArenaPeak_EqualModeConfig.csv,8,均衡新装备打造等级,ArmorQualityLevel,
ArenaPeak_HeroGroup.csv,1,ID,Id,
ArenaPeak_HeroGroup.csv,2,英雄组,SceneId1,
ArenaPeak_LocalRank.csv,1,IndexID,Id,
ArenaPeak_LocalRank.csv,2,赛季ID,SeasonId,
ArenaPeak_LocalRank.csv,3,排名区间上限,RankMax,1
ArenaPeak_LocalRank.csv,4,排名区间下限,RankMin,1
ArenaPeak_LocalRank.csv,5,每日结算奖励,DailyReward,1
ArenaPeak_LocalRank.csv,6,每日邮件ID,DailyMail,
ArenaPeak_LocalRank.csv,7,赛季结算奖励,SeasonReward,1
ArenaPeak_LocalRank.csv,8,赛季邮件ID,SeasonMail,
ArenaPeak_Map.csv,1,IndexID,Id,
ArenaPeak_Map.csv,2,防御地图Scene,SceneId1,
ArenaPeak_Map.csv,3,进攻地图Scene,SceneId2,
ArenaPeak_Map.csv,4,巅峰对决进攻地图Scene,Top64SceneId2,
ArenaPeak_Map.csv,5,名称,Name,
ArenaPeak_Map.csv,6,竞技场缩略图预制件,MapPrefab,
ArenaPeak_Map.csv,7,Key_名字,Key_Name,
ArenaPeak_Map.csv,8,名字,Name,
ArenaPeak_Map.csv,9,初始站位,standpos,
ArenaPeak_Map.csv,10,合法站位,validStandpos,
ArenaPeak_Map.csv,11,Key_描述,Key_Desc,
ArenaPeak_Map.csv,12,描述,Desc,
ArenaPeak_Map.csv,13,Key_提示,Key_Tips,
ArenaPeak_Map.csv,14,提示,Tips,
ArenaPeak_Map.csv,15,障碍物位置,blocksPos,
ArenaPeak_Rank.csv,1,IndexID,Id,
ArenaPeak_Rank.csv,2,赛季ID,SeasonId,
ArenaPeak_Rank.csv,3,排名区间上限,RankMax,1
ArenaPeak_Rank.csv,4,排名区间下限,RankMin,1
ArenaPeak_Rank.csv,5,隐藏角色数量,HideNum,
ArenaPeak_Rank.csv,6,每日结算奖励,DailyReward,1
ArenaPeak_Rank.csv,7,每日邮件ID,DailyMail,
ArenaPeak_Rank.csv,8,赛季结算奖励,SeasonReward,1
ArenaPeak_Rank.csv,9,赛季邮件ID,SeasonMail,
ArenaPeak_Rank.csv,10,挑战获胜奖励,AtkWinReward,1
ArenaPeak_Rank.csv,11,挑战失败奖励,AtkLoseReward,1
ArenaPeak_Rank.csv,12,防守获胜奖励,DefWinReward,1
ArenaPeak_Rank.csv,13,防守失败奖励,DefLoseReward,1
ArenaPeak_Rank.csv,14,巅峰赛累计积分值/min,PointsPerMin,
ArenaPeak_Rank.csv,15,巅峰赛积分结算倍率（万分比）,PointsMutiply,1
ArenaPeak_RankMatch.csv,1,indexID,Id,
ArenaPeak_RankMatch.csv,2,排名区间下限,IntegralMin,1
ArenaPeak_RankMatch.csv,3,排名区间上限,IntegralMax,1
ArenaPeak_RankMatch.csv,4,匹配1区间,Match1,
ArenaPeak_RankMatch.csv,5,匹配2区间,Match2,
ArenaPeak_RankMatch.csv,6,匹配3区间,Match3,
ArenaPeak_SeasonTarget.csv,1,IndexID,Id,
ArenaPeak_SeasonTarget.csv,2,Key_段位名,Key_RankName,
ArenaPeak_SeasonTarget.csv,3,段位名,RankName,
ArenaPeak_SeasonTarget.csv,4,段位图标,RankIcon,
ArenaPeak_SeasonTarget.csv,5,排名区间上限,RankMax,1
ArenaPeak_SeasonTarget.csv,6,排名区间下限,RankMin,1
ArenaPeak_SeasonTarget.csv,7,晋升奖励,PromotionReward,1
ArenaPeak_SeasonTarget.csv,8,赛季许愿奖励,WishReward,1
ArenaPeak_SeasonTarget.csv,9,达成目标奖励,ContractReward,1
ArenaSingle_Base.csv,1,IndexID,Id,
ArenaSingle_Base.csv,2,备注,Remarks,
ArenaSingle_Base.csv,3,Key_名称,Key_Name,
ArenaSingle_Base.csv,4,名称,Name,
ArenaSingle_Base.csv,5,Key_描述,Key_Des,
ArenaSingle_Base.csv,6,描述,Des,
ArenaSingle_Base.csv,7,周结算时间,WeekEndTime,
ArenaSingle_Base.csv,8,日结算时间,DayEndTime,
ArenaSingle_Base.csv,9,休赛时间,DelayTime,
ArenaSingle_Base.csv,10,每日门票数,DayCount,
ArenaSingle_Base.csv,11,每周次数重置时间,WeekRewardRefersh,1
ArenaSingle_Base.csv,12,真实玩家容量,MaxNum,
ArenaSingle_Base.csv,13,初始积分,InitalRank,
ArenaSingle_Base.csv,14,最小积分,MinRank,
ArenaSingle_Base.csv,15,排行榜ID,RankId,
ArenaSingle_Base.csv,16,邮件停发时间,MailStopTime,
ArenaSingle_Base.csv,17,门票上限数,MaxCount,1
ArenaSingle_Base.csv,18,机器人战力区间,RobotFight,
ArenaSingle_Base.csv,19,前三名机器人看板娘数据,RobotDisplay,
ArenaSingle_Base.csv,20,多少轮内不会碰到相同玩家,MatchMaxNum,
ArenaSingle_CareerRewards.csv,1,IndexID,Id,
ArenaSingle_CareerRewards.csv,2,达到积分,CareerRank,
ArenaSingle_CareerRewards.csv,3,获得奖励,Reward,1
ArenaSingle_CareerRewards.csv,4,每日结算奖励,DayReward,1
ArenaSingle_CareerRewards.csv,5,每日邮件ID,DayMail,
ArenaSingle_CircleReward.csv,1,IndexID,Id,
ArenaSingle_CircleReward.csv,2,累胜次数,CircleWinTimes,1
ArenaSingle_CircleReward.csv,3,累胜奖励,CircleReward,1
ArenaSingle_Map.csv,1,IndexID,Id,
ArenaSingle_Map.csv,2,防御地图Scene,SceneId1,
ArenaSingle_Map.csv,3,进攻地图Scene,SceneId2,
ArenaSingle_Map.csv,4,名称,Name,
ArenaSingle_Map.csv,5,竞技场Icon,Icon,
ArenaSingle_Map.csv,6,Key_名字,Key_Name,
ArenaSingle_Map.csv,7,解锁地图条件,unlock,
ArenaSingle_Rank.csv,1,IndexID,Id,
ArenaSingle_Rank.csv,2,排名区间上限,RankMax,1
ArenaSingle_Rank.csv,3,排名区间下限,RankMin,1
ArenaSingle_Rank.csv,4,周期结算奖励,RoundReward,1
ArenaSingle_Rank.csv,5,周期邮件ID,RoundMail,
ArenaSingle_RankMatch.csv,1,indexID,Id,
ArenaSingle_RankMatch.csv,2,积分区间下限,IntegralMin,1
ArenaSingle_RankMatch.csv,3,积分区间上限,IntegralMax,1
ArenaSingle_RankMatch.csv,4,生成机器人组,CreatRobot,
ArenaSingle_RankMatch.csv,5,匹配区间,Match1,
ArenaSingle_RankMatch.csv,6,匹配机器人出现概率,MatchRobot1,1
ArenaSingle_RankMatch.csv,7,扩散区间最低积分,Match2,
ArenaSingle_RankMatch.csv,8,区间M值,ParmM,
ArenaSingle_RankMatch.csv,9,区间N值,ParmN,
ArenaSingle_RankMatch.csv,10,区间K值,ParmK,
ArenaSingle_RankMatch.csv,11,胜利基础分,Parm1,
ArenaSingle_RankMatch.csv,12,失败基础分,Parm2,
ArenaSingle_RankMatch.csv,13,平局基础分,Parm3,
ArenaSingle_RankMatch.csv,14,新赛季初始积分段id,IntegralInitial,
ArenaSingle_Score.csv,1,阵亡人数,DeathNumber,
ArenaSingle_Score.csv,2,积分变化,Score,
ArenaSingle_SeasonHot.csv,1,IndexID,Id,
ArenaSingle_SeasonHot.csv,2,开始时间,ArenaOpenTime,1
ArenaSingle_SeasonHot.csv,3,结束时间,ArenaCloseTime,1
ArenaSingle_SeasonHot.csv,4,热点角色,HotCharacter,
ArenaSingle_SeasonHot.csv,5,属性加成,AttributeAdd,
ArenaSingle_SeasonHot.csv,6,赛季增益,BattleEffectId,
ArenaSingle_SeasonHot.csv,7,Key_描述,Key_Des,
ArenaSingle_SeasonHot.csv,8,描述,Des,
ArenaSingle_SeasonHot.csv,9,Key_描述2,Key_Des2,
ArenaSingle_SeasonHot.csv,10,描述2,Des2,
ArenaSingle_WeeklyRewards.csv,1,IndexID,Id,
ArenaSingle_WeeklyRewards.csv,2,挑战次数,BattleTimes,1
ArenaSingle_WeeklyRewards.csv,3,达到奖励,TimesReward,1
ArenaTop64_AdvanceRound.csv,1,indexID,Id,
ArenaTop64_AdvanceRound.csv,2,基础代币,BaseCoin,
ArenaTop64_Base.csv,1,赛季id,Id,
ArenaTop64_Base.csv,2,备注,Remarks,
ArenaTop64_Base.csv,3,对应3V3赛季ID,ArenaPeakSeasonId,
ArenaTop64_Base.csv,4,Key_赛季名称,Key_Name,
ArenaTop64_Base.csv,5,名称,Name,
ArenaTop64_Base.csv,6,Key_描述,Key_Des,
ArenaTop64_Base.csv,7,描述,Des,
ArenaTop64_Base.csv,8,获取64名选手的时间,Get64Time,
ArenaTop64_Base.csv,9,开始时间,ArenaOpenTime,1
ArenaTop64_Base.csv,10,结束时间,ArenaCloseTime,1
ArenaTop64_Base.csv,11,赛季是否关闭,IsClosed,
ArenaTop64_Bet.csv,1,indexID,Id,
ArenaTop64_Bet.csv,2,押注消耗,BetCost,1
ArenaTop64_Bet.csv,3,猜中奖励,RightReward,1
ArenaTop64_Bet.csv,4,猜错奖励（冰果道具）,WrongReward,1
ArenaTop64_Bet.csv,5,单场比赛投注上限,BetTimes,1
ArenaTop64_BingoBase.csv,1,IndexID,Id,
ArenaTop64_BingoBase.csv,2,奖励道具行1,Row1,1
ArenaTop64_BingoBase.csv,3,奖励道具行2,Row2,1
ArenaTop64_BingoBase.csv,4,奖励道具行3,Row3,1
ArenaTop64_BingoBase.csv,5,奖励道具行4,Row4,1
ArenaTop64_BingoBase.csv,6,奖励道具列1,Column1,1
ArenaTop64_BingoBase.csv,7,奖励道具列2,Column2,1
ArenaTop64_BingoBase.csv,8,奖励道具列3,Column3,1
ArenaTop64_BingoBase.csv,9,奖励道具列4,Column4,1
ArenaTop64_BingoBonus.csv,1,IndexID,Id,
ArenaTop64_BingoBonus.csv,2,累计填写,FullTimes,
ArenaTop64_BingoBonus.csv,3,奖励道具,Rewards,1
ArenaTop64_BingoSheet.csv,1,ID,Id,
ArenaTop64_BingoSheet.csv,2,表格数据,sheet,
ArenaTop64_BingoSheet.csv,3,随机权重,Weight,1
ArenaTop64_Config.csv,1,流水ID,Id,
ArenaTop64_Config.csv,2,描述,des,
ArenaTop64_Config.csv,3,key,Key,
ArenaTop64_Config.csv,4,值,value,
ArenaTop64_GameInfo.csv,1,indexID,Id,
ArenaTop64_GameInfo.csv,2,关联赛季id(Base表）,SeasonId,
ArenaTop64_GameInfo.csv,3,每日地图,DailyMap,
ArenaTop64_GameInfo.csv,4,每日陷阱,DailyTrap,
ArenaTop64_KnockoutRound.csv,1,typeID,Id,
ArenaTop64_KnockoutRound.csv,2,投注倍率,BetRate,1
ArenaTop64_KnockoutRound.csv,3,猜中奖励（冰果道具）,RightReward,1
ArenaTop64_LifeRewards.csv,1,IndexID,Id,
ArenaTop64_LifeRewards.csv,2,最高排名,TopRank,
ArenaTop64_LifeRewards.csv,3,获得次数,Num,1
ArenaTop64_LifeRewards.csv,4,最终分段结算奖励,Reward,1
ArenaTop64_LifeRewards.csv,5,Key_名称,Key_Name,
ArenaTop64_LifeRewards.csv,6,名称,Name,
ArenaTop64_LifeRewards.csv,7,Key_描述,Key_Des,
ArenaTop64_LifeRewards.csv,8,描述,Des,
ArenaTop64_Notice.csv,1,IndexID,Id,
ArenaTop64_Notice.csv,2,赛程时间,OpenDays,
ArenaTop64_Notice.csv,3,赛程排名,Rank,
ArenaTop64_Notice.csv,4,每日分组页签数量,GroupNum,
ArenaTop64_Notice.csv,5,每组队伍数量,TeamNum,
ArenaTop64_Notice.csv,6,Key_名称,Key_Name,
ArenaTop64_Notice.csv,7,名称,Name,
ArenaTop64_Notice.csv,8,Key_描述,Key_Des,
ArenaTop64_Notice.csv,9,描述,Des,
ArenaTop64_Notice.csv,10,图标,Icon,
ArenaTop64_SeasonRewards.csv,1,IndexID,Id,
ArenaTop64_SeasonRewards.csv,2,排名区间下限,RankMin,1
ArenaTop64_SeasonRewards.csv,3,最终分段结算奖励,RankReward,1
ArenaTop64_SeasonRewards.csv,4,Key_标题,Key_Title,
ArenaTop64_SeasonRewards.csv,5,名称,Title,
ArenaTop64_Trap.csv,1,序号,Id,
ArenaTop64_Trap.csv,2,Key_名称,Key_TrapName,
ArenaTop64_Trap.csv,3,名称,TrapName,
ArenaTop64_Trap.csv,4,Key_描述,Key_TrapDes,
ArenaTop64_Trap.csv,5,描述,TrapDes,
ArenaTop64_Trap.csv,6,触发器单位ID,TriggerNpcID,
ArenaTop64_Trap.csv,7,BUFF图标,BuffIcon,
ArenaTop64_Upvote.csv,1,indexID,Id,
ArenaTop64_Upvote.csv,2,签到奖励,Rwd,1
ArmorConfig_Base.csv,1,ID,Id,
ArmorConfig_Base.csv,2,Key_名称,Key_Name,
ArmorConfig_Base.csv,3,装备名称,Name,
ArmorConfig_Base.csv,4,装备类型,Type,
ArmorConfig_Base.csv,5,装备品质等级,QualityLevel,
ArmorConfig_Base.csv,6,装备品质,Quality,
ArmorConfig_Base.csv,7,装备星级,Star,
ArmorConfig_Base.csv,8,最大星级,MaxStar,
ArmorConfig_Base.csv,9,强化消耗组,GrownUp_Group,1
ArmorConfig_Base.csv,10,强化等级上限,GrownUp_Limit,1
ArmorConfig_Base.csv,11,打造消耗,Make_Cost,1
ArmorConfig_Base.csv,12,打造限制,Make_Limit,
ArmorConfig_Base.csv,13,打造限制2,Make_Limit_Other,
ArmorConfig_Base.csv,14,装备图标,Pic,
ArmorConfig_Base.csv,15,基础属性,Base_Attr,
ArmorConfig_Base.csv,16,成长属性,GrownUp_Attr,
ArmorConfig_GrownUp.csv,1,ID,Id,
ArmorConfig_GrownUp.csv,2,组ID,GroupId,
ArmorConfig_GrownUp.csv,3,装备等级,Level,
ArmorConfig_GrownUp.csv,4,强化消耗,Cost,1
ArmorConfig_GrownUp.csv,5,强化属性,GrownUp_Attr,
ArmorConfig_Master.csv,1,ID,Id,
ArmorConfig_Master.csv,2,大师类型,MasterType,
ArmorConfig_Master.csv,3,大师等级,MasterLevel,
ArmorConfig_Master.csv,4,大师条件,MasterValue,
ArmorConfig_Master.csv,5,属性加成,AttAdd,
ArmorConfig_Quality.csv,1,流水ID,Id,
ArmorConfig_Quality.csv,2,品质id,QualityId,
ArmorConfig_Quality.csv,3,Key_品质名称,Key_QualityName,
ArmorConfig_Quality.csv,4,品质名称,QualityName,
ArmorConfig_Quality.csv,5,品质底图,QualityBG,
ArmorConfig_Quality.csv,6,强化大师弹窗品质图,QualityTabPic,
ArmorConfig_Quality.csv,7,字色,QualityColor,
AtlasConfig_Animation.csv,1,流水ID,Id,
AtlasConfig_Animation.csv,2,类别,Type,
AtlasConfig_Animation.csv,3,Key_名称,Key_Name,
AtlasConfig_Animation.csv,4,名称,Name,
AtlasConfig_Animation.csv,5,标题类别,TitleType,
AtlasConfig_Animation.csv,6,标题名称,TitleTypeName,
AtlasConfig_Animation.csv,7,排序,Order,
AtlasConfig_Animation.csv,8,资源路径,Resource,
AtlasConfig_Animation.csv,9,高优资源路径,PrimaryResource,
AtlasConfig_Animation.csv,10,解锁条件,Unlock,1
AtlasConfig_Animation.csv,11,Key_描述,Key_Describe,
AtlasConfig_Animation.csv,12,插画描述,Describe,
AtlasConfig_AnimationChapter.csv,1,流水ID,Id,
AtlasConfig_AnimationChapter.csv,2,Key_标题名称,Key_Name,
AtlasConfig_AnimationChapter.csv,3,章回名称,Name,
AtlasConfig_AnimationChapter.csv,4,是否屏蔽,Shield,1
AtlasConfig_AnimationChapter.csv,5,章回类别,ChapterType,
AtlasConfig_AnimationChapter.csv,6,优先级,Order,
AtlasConfig_AnimationChapter.csv,7,封面图片,HeadPic,
AtlasConfig_AnimationChapter.csv,8,背景图片,BackGroundPic,
AtlasConfig_AnimationType.csv,1,流水ID,Id,
AtlasConfig_AnimationType.csv,2,Key_标题名称,Key_Name,
AtlasConfig_AnimationType.csv,3,标题名称,Name,
AtlasConfig_AnimationType.csv,4,标题类别,TitleType,
AtlasConfig_AnimationType.csv,5,优先级,Order,
AtlasConfig_Base.csv,1,流水ID,Id,
AtlasConfig_Base.csv,2,Key_名称,Key_Name,
AtlasConfig_Base.csv,3,功能模块名称,Name,
AtlasConfig_Base.csv,4,模块功能名（策划看）,beizhu,
AtlasConfig_Base.csv,5,功能模块,Module,
AtlasConfig_Character.csv,1,流水ID,Id,
AtlasConfig_Character.csv,2,势力ID,ForceId,
AtlasConfig_Character.csv,3,势力名称,ForceName,
AtlasConfig_Character.csv,4,Key_描述,Key_Describe,
AtlasConfig_Character.csv,5,势力文本,Describe,
AtlasConfig_Hero.csv,1,id,id,
AtlasConfig_Hero.csv,2,角色ID,HeroID,
AtlasConfig_Hero.csv,3,角色星级,Star,
AtlasConfig_Hero.csv,4,属性加成,AddAttribute,
AtlasConfig_Inspiration.csv,1,流水ID,Id,
AtlasConfig_Inspiration.csv,2,剧作角色id,SuitId,
AtlasConfig_Inspiration.csv,3,剧作角色名称,SuitName,
AtlasConfig_Inspiration.csv,4,封面图片,SuitPic,
AtlasConfig_Inspiration.csv,5,Key_描述,Key_Describe,
AtlasConfig_Inspiration.csv,6,套装描述,Describe,
AtlasConfig_Inspiration.csv,7,关联道具id,ItemId,
AtlasConfig_InspirationStar.csv,1,流水ID,Id,
AtlasConfig_InspirationStar.csv,2,总星数,Star,
AtlasConfig_InspirationStar.csv,3,属性加成,AddAttribute,
AtlasConfig_InspirationSuit.csv,1,唯一id,id,
AtlasConfig_InspirationSuit.csv,2,套装ID,SuitId,
AtlasConfig_InspirationSuit.csv,3,星级,star,
AtlasConfig_InspirationSuit.csv,4,属性加成,AddAttribute,
AtlasConfig_InspirationSuit.csv,5,Key_描述,Key_Describe,
AtlasConfig_InspirationSuit.csv,6,套装描述,Describe,
AtlasConfig_MainItem.csv,1,流水ID,Id,
AtlasConfig_MainItem.csv,2,Key_名称,Key_Name,
AtlasConfig_MainItem.csv,3,道具名称,Name,
AtlasConfig_MainItem.csv,4,排序,Order,
AtlasConfig_MainItem.csv,5,道具图标,MainItemPic,
AtlasConfig_MainItem.csv,6,道具模型,MainItemModel,
AtlasConfig_MainItem.csv,7,道具展示场景id,SceneId,
AtlasConfig_MainItem.csv,8,道具id,MainItemId,
AtlasConfig_MainItem.csv,9,Key_描述,Key_Describe,
AtlasConfig_MainItem.csv,10,道具描述,Describe,
AtlasConfig_MainItem.csv,11,解锁条件,Unlock,1
AtlasConfig_Monster.csv,1,流水ID,Id,
AtlasConfig_Monster.csv,2,怪物类别,Type,
AtlasConfig_Monster.csv,3,怪物ID,MonsterId,
AtlasConfig_Monster.csv,4,Key_描述,Key_Describe,
AtlasConfig_Monster.csv,5,怪物描述,Describe,
AtlasConfig_Monster.csv,6,解锁条件,Unlock,1
AtlasConfig_Monster.csv,7,列表图片,ListPic,
AtlasConfig_Monster.csv,8,是否圣子,IsGodson,
AtlasConfig_Monster.csv,9,是否有语音,IsHaveVoice,
AtlasConfig_Monster.csv,10,排序,Order,
AtlasConfig_PicSuit.csv,1,流水ID,Id,
AtlasConfig_PicSuit.csv,2,Key_名称,Key_Name,
AtlasConfig_PicSuit.csv,3,绘本名称,Name,
AtlasConfig_PicSuit.csv,4,排序,Order,
AtlasConfig_Picture.csv,1,流水ID,Id,
AtlasConfig_Picture.csv,2,类型,Type,
AtlasConfig_Picture.csv,3,绘本插画,Picture,
AtlasConfig_Picture.csv,4,Key_描述,Key_Describe,
AtlasConfig_Picture.csv,5,插画描述,Describe,
AtlasConfig_Picture.csv,6,解锁条件,Unlock,1
AtlasConfig_Picture.csv,7,Key_解锁条件文本,Key_description,
AtlasConfig_Picture.csv,8,解锁条件文本,description,1
AtlasConfig_Picture.csv,9,全屏插图,PicDetail,
AtlasConfig_TeamConfig.csv,1,流水ID,Id,
AtlasConfig_TeamConfig.csv,2,Key_描述,Key_ForceName,
AtlasConfig_TeamConfig.csv,3,势力名称,ForceName,
AtlasConfig_TeamConfig.csv,4,角色list,HeroList,
AtlasConfig_TeamConfig.csv,5,角色位置,HeroCoordinate,
AtlasConfig_TeamConfig.csv,6,Key_描述,Key_Describe,
AtlasConfig_TeamConfig.csv,7,势力文本,Describe,
AtlasConfig_TeamStar.csv,1,流水ID,Id,
AtlasConfig_TeamStar.csv,2,势力id,ForceName,
AtlasConfig_TeamStar.csv,3,总星数,Star,
AtlasConfig_TeamStar.csv,4,属性加成,AddAttribute,
AtlasConfig_Voice.csv,1,流水ID,Id,
AtlasConfig_Voice.csv,2,怪物id,MonsterId,
AtlasConfig_Voice.csv,3,语音资源,Resource,
AtlasConfig_Voice.csv,4,Key_描述,Key_Describe,
AtlasConfig_Voice.csv,5,语音文本,Describe,
AtlasConfig_Voice.csv,6,Key_描述,Key_Text,
AtlasConfig_Voice.csv,7,语音文本,Text,
AttributeConfig_AtrInherit.csv,1,流水ID,Id,
AttributeConfig_AtrInherit.csv,2,继承规则详情,InheritDetail,
AttributeConfig_Base.csv,1,流水ID,Id,
AttributeConfig_Base.csv,2,描述,Desc,
AttributeConfig_Base.csv,3,基础AI,BaseAI,
AttributeConfig_Base.csv,4,镜像AI,MirrorAI,
AttributeConfig_Base.csv,5,状态机AI,StateAI,
AttributeConfig_Base.csv,6,重量,Weight,
AttributeConfig_Base.csv,7,攻击间隔,BaseAttackInterval,
AttributeConfig_Base.csv,8,对峙距离,StandOffRange,
AttributeConfig_Base.csv,9,攻击范围,AttackRange,
AttributeConfig_Base.csv,10,仇恨值,Disapproval,
AttributeConfig_Base.csv,11,可否被击退,CanHitBack,
AttributeConfig_Base.csv,12,可否被击飞,CanHitFly,
AttributeConfig_Base.csv,13,可否被抓取,CanGrab,
AttributeConfig_Base.csv,14,可否霸体被打断,CanArmorBreak,
AttributeConfig_Base.csv,15,可否被死亡击飞,CanDeadHitFly,
AttributeConfig_Base.csv,16,可否被吸附,CanAdsorb,
AttributeConfig_Base.csv,17,阶段数量,StageCount,
AttributeConfig_Base.csv,18,血条数量,LifePipe,
AttributeConfig_Base.csv,19,血量,BaseHp,
AttributeConfig_Base.csv,20,物理攻击,BaseAtk,
AttributeConfig_Base.csv,21,魔法攻击,BaseMag,
AttributeConfig_Base.csv,22,物理防御,BaseDef,
AttributeConfig_Base.csv,23,魔法防御,BaseMgr,
AttributeConfig_Base.csv,24,暴击等级,BaseCrit,
AttributeConfig_Base.csv,25,暴击加成,BaseCritPow,
AttributeConfig_Base.csv,26,怒气,BaseRage,
AttributeConfig_Base.csv,27,护甲,BaseArmor,
AttributeConfig_Base.csv,28,护甲恢复时间,ArmorRecovTime,
AttributeConfig_Base.csv,29,护甲恢复速率,BaseArmorRecov,
AttributeConfig_Base.csv,30,移动速度,BaseSpd,
AttributeConfig_Base.csv,31,相性,Phasic,
AttributeConfig_Base.csv,32,职业,Profession,
AttributeConfig_Base.csv,33,抗暴,BaseCritDef,
AttributeConfig_Base.csv,34,闪避,BaseDodge,
AttributeConfig_Base.csv,35,命中,BaseHitRatio,
AttributeConfig_Base.csv,36,被杀对方回能,BaseBeKilledEnergy,
AttributeConfig_Base.csv,37,属性继承ID,AtrInheritID,
AttributeConfig_Base.csv,38,爆伤耐性,BeCritDamDown,
AttributeConfig_Define.csv,1,流水ID,Id,
AttributeConfig_Define.csv,2,Key_名称,Key_Name,
AttributeConfig_Define.csv,3,名称,Name,
AttributeConfig_Define.csv,4,Key_描述,Key_Desc,
AttributeConfig_Define.csv,5,描述,Desc,
AttributeConfig_Define.csv,6,属性类型,Type,
AttributeConfig_Define.csv,7,数据类型,DataType,
AttributeConfig_Define.csv,8,显示排序,ShowSort,
AttributeConfig_Define.csv,9,属性图标,Icon,
AttributeConfig_Define.csv,10,属性图标2,Icon_a,
AttributeConfig_Define.csv,11,Key_文本描述,Key_TxtShow,
AttributeConfig_Define.csv,12,文本显示,TxtShow,
AttributeConfig_Define.csv,13,换算系数,ConversionCoeff,
AttributeConfig_Define.csv,14,Key_注释,Key_Comment,
AttributeConfig_Define.csv,15,注释,Comment,
AttributeConfig_Define.csv,16,是否非负,IsNoNegative,
AttributeConfig_Define.csv,17,遗迹剧场属性压缩系数,CompressionCoeff,
AttributeConfig_Define.csv,18,Key_魔宠界面文本,Key_PetText,
AttributeConfig_Define.csv,19,魔宠界面文本,PetText,
AttributeConfig_Define.csv,20,Key_筛选界面文本,Key_FilterText,
AttributeConfig_Define.csv,21,筛选界面文本,FilterText,
AttributeConfig_Define.csv,22,字体渐变颜色,Text_Gradient_Color,
AttributeConfig_Define.csv,23,Nx概率日志属性名,NxAttrName,1
AttributeConfig_Ratio.csv,1,流水ID,Id,
AttributeConfig_Ratio.csv,2,类型ID,KindName,
AttributeConfig_Ratio.csv,3,当前HP/战前HP上限,HpRation,1
AttributeConfig_Ratio.csv,4,对应的系数,AccOfRatio,
AttrRndConfg_Attr.csv,1,属性id,Id,
AttrRndConfg_Attr.csv,2,属性名称,AttributeName,
AttrRndConfg_Attr.csv,3,最大评分,MaxScore,
AttrRndConfg_Attr.csv,4,最大数值,max_num,
AttrRndConfg_Base.csv,1,ID,Id,
AttrRndConfg_Base.csv,2,属性组,Attributes,
AttrRndConfg_Base.csv,3,属性id,AttributeNameID,
AttrRndConfg_Base.csv,4,属性名称,AttributeName,
AttrRndConfg_Base.csv,5,权重组,Rate,1
AttrRndConfg_Base.csv,6,优先级,Pri,
AttrRndConfg_GameConfig.csv,1,流水ID,Id,
AttrRndConfg_GameConfig.csv,2,描述,des,
AttrRndConfg_GameConfig.csv,3,名称,name,
AttrRndConfg_GameConfig.csv,4,值,value,
AttrRndConfg_Skill.csv,1,ID,Id,
AttrRndConfg_Skill.csv,2,职业id,ProfessionID,
AttrRndConfg_Skill.csv,3,技能id,SkillID,
AttrRndConfg_Skill.csv,4,Key_技能名称,Key_SkillName,
AttrRndConfg_Skill.csv,5,技能名称,SkillName,
AttrRndConfg_Skill.csv,6,Key_技能描述,Key_SkillIDescribe,
AttrRndConfg_Skill.csv,7,技能描述,SkillIDescribe,
AttrRndConfg_Skill.csv,8,技能图标,Icon,
AttrRndConfg_Skill.csv,9,解锁评分,UnlockScore,
AttrRndConfg_Skill.csv,10,虚战力,SkillAbilityAdd,
AttrRndConfg_Value.csv,1,ID,Id,
AttrRndConfg_Value.csv,2,属性id,AttributeNameID,
AttrRndConfg_Value.csv,3,属性品质,AttributeNameQuality,
AttrRndConfg_Value.csv,4,权重组,Rate,1
AttrRndConfg_Value.csv,5,最小数值,min_num,
AttrRndConfg_Value.csv,6,可达最大数值,max_num,
AttrRndConfg_Value.csv,7,保底组,IsSpecial,1
AttrRndConfg_Value.csv,8,品质补正参数,AttributeParameter,
AuctionConfig_Config.csv,1,流水ID,Id,
AuctionConfig_Config.csv,2,描述,des,
AuctionConfig_Config.csv,3,key,Key,
AuctionConfig_Config.csv,4,值,value,
AuctionConfig_Dividend.csv,1,流水ID,Id,
AuctionConfig_Dividend.csv,2,获取途径,AccessMethod,
AuctionConfig_Dividend.csv,3,活跃人数范围,ActiveUsersRange,
AuctionConfig_Dividend.csv,4,分红系数,Coefficient,
AuctionConfig_Lots.csv,1,流水ID,Id,
AuctionConfig_Lots.csv,2,备注,bz,
AuctionConfig_Lots.csv,3,奖励,Reward,1
AuctionConfig_Lots.csv,4,获取途径,AccessMethod,
AuctionConfig_Lots.csv,5,权重,weight,1
AuctionConfig_Lots.csv,6,货币id,CurrencyId,
AuctionConfig_Lots.csv,7,起拍价,StartingBid,
AuctionConfig_Lots.csv,8,一口价,FixedPrice,
AuctionConfig_Lots.csv,9,竞拍加价,AuctionMarkup,
AuctionConfig_Lots.csv,10,分红奖励,DividendReward,1
AuctionConfig_Lots.csv,11,解锁条件,ConditionData,1
AuctionConfig_Lots.csv,12,商品分类,LotsType,1
AuctionConfig_Lots.csv,13,流拍上限,CirculationMax,1
AuctionConfig_Lots.csv,14,折扣,Discount,1
AuctionConfig_Lots.csv,15,掉落组,LootGroup,1
AuctionConfig_Lots.csv,16,是否重复掉落,RepeatLoot,1
AuctionConfig_RankOutPut.csv,1,流水ID,Id,
AuctionConfig_RankOutPut.csv,2,备注,Bz,
AuctionConfig_RankOutPut.csv,3,获取途径,AccessMethod,
AuctionConfig_RankOutPut.csv,4,排名区间,RankRange,
AuctionConfig_RankOutPut.csv,5,掉落拍卖品数量,LotsNumber,1
AuctionConfig_RankOutPut.csv,6,基础分红,BaseDividend,
AuctionConfig_RankOutPut.csv,7,掉落内容,LotsReward,1
AuctionConfig_RankOutPut.csv,8,奖励预览,RewardShow,1
AVGStoryConfig_Base.csv,1,流水ID,ID,
AVGStoryConfig_Base.csv,2,剧情组编号,GroupID,
AVGStoryConfig_Base.csv,3,编号说明,GroupID_Commment,
AVGStoryConfig_Base.csv,4,剧情组内序号,Index,
AVGStoryConfig_Base.csv,5,对白类型(事件类型),DialogueType,
AVGStoryConfig_Base.csv,6,跳转目标,JumpTo,
AVGStoryConfig_Base.csv,7,角色ID参考,NarratorIDReference,
AVGStoryConfig_Base.csv,8,说话角色参考,NarratorNameReference,
AVGStoryConfig_Base.csv,9,说话角色多名称多语言key,Key_NarratorName,
AVGStoryConfig_Base.csv,10,说话角色名称,NarratorName,
AVGStoryConfig_Base.csv,11,对白多语言key,Key_Dialogue,
AVGStoryConfig_Base.csv,12,对白,Dialogue,
AVGStoryConfig_Base.csv,13,多语言注释,ContentAuthor,
AVGStoryConfig_Base.csv,14,角色1动作,Char1Act,
AVGStoryConfig_Base.csv,15,角色1表情,Char1Emo,
AVGStoryConfig_Base.csv,16,角色1模型,Char1Model,
AVGStoryConfig_Base.csv,17,角色2动作,Char2Act,
AVGStoryConfig_Base.csv,18,角色2表情,Char2Emo,
AVGStoryConfig_Base.csv,19,角色2模型,Char2Model,
AVGStoryConfig_Base.csv,20,语音,VoicePath,
AVGStoryConfig_Base.csv,21,说话角色对应模型,NarratorModel,
AVGStoryConfig_Base.csv,22,背景图片,BackgroundPath,
AVGStoryConfig_Base.csv,23,背景音乐,MusicEvent,
AVGStoryConfig_Base.csv,24,表情气泡,Expression,
AVGStoryConfig_Base.csv,25,选项时头像,OptionPicPath,
AVGStoryConfig_Base.csv,26,插图资源,PicPath,
AVGStoryConfig_Base.csv,27,角色3动作,Char3Act,
AVGStoryConfig_Base.csv,28,角色3表情,Char3Emo,
AVGStoryConfig_Base.csv,29,角色3模型,Char3Model,
AVGStoryConfig_GroupIntro.csv,1,流水ID,ID,
AVGStoryConfig_GroupIntro.csv,2,剧情简介多语言key,Key_AVG_Introduction,
AVGStoryConfig_GroupIntro.csv,3,剧情简介,AVG_Introduction,
BalancedConfig_Base.csv,1,ID,Id,
BalancedConfig_Base.csv,2,备注,Remarks,
BalancedConfig_Base.csv,3,均衡等级,EqualModeLevel,
BalancedConfig_Base.csv,4,均衡突破,EqualModeBreach,
BalancedConfig_Base.csv,5,均衡战技技能等级,EqualModeSkill1Level,
BalancedConfig_Base.csv,6,均衡普攻技能等级,EqualModeSkill8Level,
BalancedConfig_Base.csv,7,均衡奥义技能等级,EqualModeSkill9Level,
BalancedConfig_Base.csv,8,均衡品质,EqualQuality,
BalancedConfig_Base.csv,9,均衡星级,EqualModeStar,
BalancedConfig_Base.csv,10,均衡火数,EqualModeFire,
BalancedConfig_Base.csv,11,均衡燃数,EqualModeReburn,
BalancedConfig_Base.csv,12,均衡重燃小节点等级,EqualModeReburnLevel,
BalancedConfig_Base.csv,13,均衡重燃大节点阶数,EqualModeReburnStage,
BalancedConfig_Base.csv,14,均衡专武等级,EqualModeWeapon,
BalancedConfig_Base.csv,15,均衡剧作星级,EqualModeInspStart,
BalancedConfig_Base.csv,16,清除剧作,ClearInsp,
BalancedConfig_Base.csv,17,均衡装备等级,EqualModeEquipLevel,
BalancedConfig_Base.csv,18,均衡装备品质,EqualModeEquipQuality,
BalancedConfig_Base.csv,19,均衡装备淬炼等级,EqualModeEquipRefineLevel,
BalancedConfig_Base.csv,20,清除装备,ClearEquip,
BalancedConfig_Base.csv,21,清除洗练,ClearRefined,
BalancedConfig_Base.csv,22,清除其他养成,ClearEquipOthers,
BalancedConfig_Base.csv,23,Key_说明文本,Key_DescribeString,
BalancedConfig_Base.csv,24,说明文本,DescribeString,
BalancedConfig_Base.csv,25,是否仅显示,IsShow,
BalancedConfig_Base.csv,26,均衡新装备强化等级,ArmorGrowUpLevel,
BalancedConfig_Base.csv,27,均衡新装备打造等级,ArmorQualityLevel,
BannerConfg_Base.csv,1,流水ID,Id,
BannerConfg_Base.csv,2,跳转id,Param,
BannerConfg_Base.csv,3,资源路径,Pic,
BannerConfg_Base.csv,4,显示优先级,Order,
BannerConfg_Base.csv,5,备注（策划看）,Name,
BannerConfg_Base.csv,6,开始时间,StartTime,1
BannerConfg_Base.csv,7,关闭时间,EndTime,1
BannerConfg_Base.csv,8,切换倒计时文本显示时间参数,ShowTime,
BattleAreaConfig_WarZone.csv,1,战区id,Id,
BattleAreaConfig_WarZone.csv,2,Key_名称,Key_Name,
BattleAreaConfig_WarZone.csv,3,名称,Name,
BattleAreaConfig_Zone.csv,1,小服id,Id,
BattleAreaConfig_Zone.csv,2,Key_名称,Key_Name,
BattleAreaConfig_Zone.csv,3,名称,Name,
BattleEffect_Base.csv,1,流水ID,Id,
BattleEffect_Base.csv,2,效果描述,EffectDesc,
BattleEffect_Base.csv,3,效果逻辑类型,EffectLogic,
BattleEffect_Base.csv,4,附加参数,ParamNum,
BattleEffect_Base.csv,5,参数1描述,ParamDesc0,
BattleEffect_Base.csv,6,参数1值,Param0,
BattleEffect_Base.csv,7,参数2描述,ParamDesc1,
BattleEffect_Base.csv,8,参数2值,Param1,
BattleEffect_Base.csv,9,参数3描述,ParamDesc2,
BattleEffect_Base.csv,10,参数3值,Param2,
BattleGuideConfig_LevelGuide.csv,1,流水ID,Id,
BattleGuideConfig_LevelGuide.csv,2,Key_介绍,Key_Des,
BattleGuideConfig_LevelGuide.csv,3,介绍,Des,
BattleGuideConfig_LevelGuide.csv,4,介绍图,Pic,
BattleGuideConfig_LevelGuide.csv,5,注释,Tip,
BattleGuideConfig_MonsterGuide.csv,1,流水ID,Id,
BattleGuideConfig_MonsterGuide.csv,2,描述,Des,
BattleGuideConfig_MonsterGuide.csv,3,怪物,Monster,
BattleGuideConfig_MonsterGuide.csv,4,介绍图,Pic,
BattleLossConfig_Base.csv,1,id,Id,
BattleLossConfig_Base.csv,2,优先级,Order,
BattleLossConfig_Base.csv,3,可实现优先级,OrderAttainable,
BattleLossConfig_Base.csv,4,图标,Icon,
BattleLossConfig_Base.csv,5,跳转systemid,SystemJump,
BattleLossConfig_Base.csv,6,标题,Key_Name,
BattleLossConfig_Base.csv,7,标题,Name,
BattleLossConfig_Base.csv,8,描述,Key_Describe,
BattleLossConfig_Base.csv,9,描述,Describe,
BattleLossConfig_Base.csv,10,跳转文字,Key_JumpTxT,
BattleLossConfig_Base.csv,11,跳转文字,JumpTxT,
BattleLossConfig_Base.csv,12,图标,SmallIcon,
BattlePassBind_Base.csv,1,流水ID,Id,
BattlePassBind_Base.csv,2,Key_BP名称,Key_BPName,
BattlePassBind_Base.csv,3,BP名称,BPName,
BattlePassBind_Base.csv,4,系统id,SystemID,
BattlePassBind_Base.csv,5,顶部栏位,TopList,
BattlePassConfig_Base.csv,1,流水ID,Id,
BattlePassConfig_Base.csv,2,类型,Type,
BattlePassConfig_Base.csv,3,Key_BP名称,Key_BPName,
BattlePassConfig_Base.csv,4,BP名称,BPName,
BattlePassConfig_Base.csv,5,BP开启时间,StartTime,1
BattlePassConfig_Base.csv,6,BP结束时间,EndTime,1
BattlePassConfig_Base.csv,7,付费档位1,Lv1PayPrice,1
BattlePassConfig_Base.csv,8,付费档位1奖励预览,Lv1PayRewardShow,1
BattlePassConfig_Base.csv,9,付费档位2,Lv2PayPrice,1
BattlePassConfig_Base.csv,10,付费档位2奖励,Lv2PayReward,1
BattlePassConfig_Base.csv,11,付费档位2提供经验,Lv2PayExp,1
BattlePassConfig_Base.csv,12,折扣,Discount,1
BattlePassConfig_Base.csv,13,档位1折扣,Discount1,1
BattlePassConfig_Base.csv,14,档位2折扣,Discount2,1
BattlePassConfig_Base.csv,15,付费档位2原价,OriPriceId,1
BattlePassConfig_Base.csv,16,购买付费1后付费2单位价格,Spread,1
BattlePassConfig_Base.csv,17,BP经验道具,ExpItem,
BattlePassConfig_Base.csv,18,购买经验所需货币,ExpMoneyItemId,
BattlePassConfig_Base.csv,19,价格经验比例,Ratio,1
BattlePassConfig_Base.csv,20,等级上限,MaxLevel,1
BattlePassConfig_Base.csv,21,不可购买BP倒计时,LimitTime,1
BattlePassConfig_Base.csv,22,邮件模板,MailId,
BattlePassConfig_Base.csv,23,界面皮肤展示,SkinShow,
BattlePassConfig_Base.csv,24,购买界面皮肤展示,SkinBgImage,
BattlePassConfig_Base.csv,25,BP标题图,TitleImage,
BattlePassConfig_Base.csv,26,BP界面皮肤展示,SkinBpBgImage,
BattlePassConfig_Base.csv,27,BP界面皮肤动效,SkinEffect,
BattlePassConfig_Base.csv,28,live2D/立绘图坐标,HeroBuyPicCoordinate,
BattlePassConfig_Base.csv,29,live2D缩放比例,HeroPicScale,
BattlePassConfig_Base.csv,30,等级购买开启时间,LevelBuyTime,1
BattlePassConfig_Base.csv,31,BP界面背景图,BgPic,
BattlePassConfig_Base.csv,32,BP界面动效,BgEffect,
BattlePassConfig_Base.csv,33,BP弹窗背景图,PopupBgPic,
BattlePassConfig_Base.csv,34,BP弹窗动效,PopupBgEffect,
BattlePassConfig_Base.csv,35,BP界面SPINE遮罩,SpineBg,
BattlePassConfig_Base.csv,36,BP弹窗SPINE遮罩,PopupSpineBg,
BattlePassConfig_Base.csv,37,BPUI风格,UiType,
BattlePassConfig_Base.csv,38,live2D/立绘图坐标,HeroPicCoordinate,
BattlePassConfig_Base.csv,39,live2D/立绘图坐标,HeroPopupPicCoordinate,
BattlePassConfig_Base.csv,40,live2D缩放比例,PopupHeroPicScale,
BattlePassConfig_Base.csv,41,BP首页奖励预览,PreciousRewardShow,1
BattlePassConfig_Level.csv,1,流水ID,Id,
BattlePassConfig_Level.csv,2,BP期数,SeaSon,
BattlePassConfig_Level.csv,3,等级,Level,
BattlePassConfig_Level.csv,4,升至下一级所需经验,LevelUpExp,
BattlePassConfig_Level.csv,5,免费奖励,FreeReward,1
BattlePassConfig_Level.csv,6,付费档位1奖励,SeniorReward,1
BattlePassConfig_Level.csv,7,是否为特殊展示档位,IsSpecial,
BattlePassConfig_Task.csv,1,任务id,Id,
BattlePassConfig_Task.csv,2,BP期数,Season,
BattlePassConfig_Task.csv,3,任务开启时间,StartTime,1
BattlePassConfig_Task.csv,4,任务结束时间,EndTime,1
BattlePassConfig_Task.csv,5,是否显示时间信息,IsShowTime,
BattlePassCycle_Base.csv,1,ID,ID,
BattlePassCycle_Base.csv,2,直购id,MoneyShopId,
BattlePassCycle_Base.csv,3,奖励显示,RewardsShow,1
BattlePassCycle_Base.csv,4,Key战令名称,Key_BPName,
BattlePassCycle_Base.csv,5,战令名称,BPName,
BattlePassCycle_Base.csv,6,Key免费档位名称,Key_FreeName,
BattlePassCycle_Base.csv,7,免费档位名称,FreeName,
BattlePassCycle_Base.csv,8,Key付费档位名称,Key_ChargeName,1
BattlePassCycle_Base.csv,9,付费档位名称,ChargeName,1
BattlePassCycle_Base.csv,10,Key说明tip,Key_TipText,
BattlePassCycle_Base.csv,11,说明tip,TipText,
BattlePassCycle_Base.csv,12,首次开放时间,FirstOpenTime,1
BattlePassCycle_Base.csv,13,邮件模板,MailId,
BattlePassCycle_Base.csv,14,BP持续时间,Duration,1
BattlePassCycle_Base.csv,15,间隔时间,Interval,1
BattlePassCycle_Base.csv,16,返利比,Num,1
BattlePassCycle_Base.csv,17,关联SystemID,SystemID,
BattlePassCycle_Base.csv,18,是否循环,IsCycle,
BattlePassCycle_Rewards.csv,1,流水ID,Id,
BattlePassCycle_Rewards.csv,2,所属礼包id,SeaSon,
BattlePassCycle_Rewards.csv,3,奖励档位参数,LevelParam,1
BattlePassCycle_Rewards.csv,4,Key_奖励档位名称,Key_LevelParamName,
BattlePassCycle_Rewards.csv,5,奖励档位名称,LevelParamName,1
BattlePassCycle_Rewards.csv,6,免费奖励,FreeReward,1
BattlePassCycle_Rewards.csv,7,付费档位奖励,ChargeReward,1
BattlePassCycle_Rewards.csv,8,是否为特殊展示档位,IsSpecial,
BattlePassNew_Base.csv,1,流水ID,Id,
BattlePassNew_Base.csv,2,Key_BP名称,Key_BPName,
BattlePassNew_Base.csv,3,BP名称,BPName,
BattlePassNew_Base.csv,4,BP开启时间,StartTime,1
BattlePassNew_Base.csv,5,BP结束时间,EndTime,1
BattlePassNew_Base.csv,6,直购id,MoneyShopId,
BattlePassNew_Base.csv,7,Key免费档位名称,Key_FreeName,
BattlePassNew_Base.csv,8,免费档位名称,FreeName,
BattlePassNew_Base.csv,9,Key付费档位名称,Key_ChargeName,1
BattlePassNew_Base.csv,10,付费档位名称,ChargeName,1
BattlePassNew_Base.csv,11,邮件模板,MailId,
BattlePassNew_Base.csv,12,Key_奖励描述,Key_Desc,
BattlePassNew_Base.csv,13,奖励描述,Desc,1
BattlePassNew_Base.csv,14,BP首页奖励预览,PreciousRewardShow,1
BattlePassNew_Base.csv,15,返利比,Num,1
BattlePassNew_Rewards.csv,1,流水ID,Id,
BattlePassNew_Rewards.csv,2,所属礼包id,SeaSon,
BattlePassNew_Rewards.csv,3,奖励档位,Level,1
BattlePassNew_Rewards.csv,4,档位条件,Condition,
BattlePassNew_Rewards.csv,5,条件参数,Param,
BattlePassNew_Rewards.csv,6,Key_档位条件名称,Key_LevelParamName,
BattlePassNew_Rewards.csv,7,档位条件名称,LevelParamName,
BattlePassNew_Rewards.csv,8,免费奖励,FreeReward,1
BattlePassNew_Rewards.csv,9,付费档位奖励,ChargeReward,1
BattleSupport_Base.csv,1,流水ID,Id,
BattleSupport_Base.csv,2,玩法,Description,
BattleSupport_Base.csv,3,玩法systemid,SystemId,
BattleSupport_Base.csv,4,每日助战次数限制,SupportNum,1
BattleSupport_Base.csv,5,最小好友数,MinFriend,
BattleSupport_Base.csv,6,推荐协战数,RecommendNum,
BattleSupport_Reward.csv,1,流水ID,Id,
BattleSupport_Reward.csv,2,累计次数,Num,1
BattleSupport_Reward.csv,3,奖励,Reward,1
Billboard_Banner.csv,1,流水ID,Id,
Billboard_Banner.csv,2,备注,Remarks,
Billboard_Banner.csv,3,名称,Name,
Billboard_Banner.csv,4,开始时间,StartTime,1
Billboard_Banner.csv,5,结束时间,EndTime,1
Billboard_Banner.csv,6,关联公告id,RelationIdBillboard,
Billboard_Banner.csv,7,排序权重,Weight,1
Billboard_Banner.csv,8,跳转时间,Time,
Billboard_Banner.csv,9,公告图,Icon,
Billboard_Banner.csv,10,跳转功能id,RelationIdSystem,
Billboard_Banner.csv,11,跳转链接,Link,
Billboard_Banner.csv,12,切换倒计时文本显示时间参数,ShowTime,
Billboard_Banner.csv,13,显示等级限制,LevelLimit,
Billboard_Banner.csv,14,是否显示,IsShow,
Billboard_Banner.csv,15,创号后几日开启,InitialOpentime,
Billboard_Banner.csv,16,创号后维持几日,InitialMaintencetime,
Billboard_Banner.csv,17,Key_标题,Key_Title,
Billboard_Banner.csv,18,标题,Title,
Billboard_Base.csv,1,流水ID,Id,
Billboard_Base.csv,2,备注,Remarks,
Billboard_Base.csv,3,Key_名称,Key_Name,
Billboard_Base.csv,4,名称,Name,
Billboard_Base.csv,5,公告类型,type,
Billboard_Base.csv,6,显示等级,ShowLevel,
Billboard_Base.csv,7,公告开始时间,StartTime,1
Billboard_Base.csv,8,公告结束时间,EndTime,1
Billboard_Base.csv,9,字体颜色,TimeColor,
Billboard_Base.csv,10,显示开始时间,ShowStartTime,1
Billboard_Base.csv,11,显示关闭时间,ShowEndTime,1
Billboard_Base.csv,12,显示位置,ShowPos,
Billboard_Base.csv,13,关联活动id,RelationIdActivity,
Billboard_Base.csv,14,关联卡池id,RelationIdLottery,1
Billboard_Base.csv,15,排序权重,Weight,1
Billboard_Base.csv,16,公告图,Icon,
Billboard_Base.csv,17,Key_描述,Key_Desc,
Billboard_Base.csv,18,描述,Desc,
Billboard_Base.csv,19,跳转id,RelationIdSystem,
Billboard_Base.csv,20,活动公告链接,AcitvityLink,
Billboard_Base.csv,21,是否为问卷链接,IsQuestionnaire,
Billboard_Base.csv,22,显示服务器范围,ServerShow,
Billboard_Base.csv,23,是否游戏内公告,IsGameBillboard,
Billboard_LobbyBanner.csv,1,流水ID,Id,
Billboard_LobbyBanner.csv,2,活动位置类型,Type,
Billboard_LobbyBanner.csv,3,所属活动,Remarks,
Billboard_LobbyBanner.csv,4,活动数据来源,DataSource,
Billboard_LobbyBanner.csv,5,来源id,DataSourceID,
Billboard_LobbyBanner.csv,6,入口路径,ButtonPath,
Billboard_LobbyBanner.csv,7,公告图,Icon,
Billboard_LobbyBanner.csv,8,排序权重,Weight,1
Billboard_LobbyBanner.csv,9,功能id,SystemId,
Billboard_LobbyBanner.csv,10,开始显示时间,StartTime,
Billboard_LobbyBanner.csv,11,结束显示时间,EndTime,
Billboard_LobbyBanner.csv,12,是否显示倒计时,IsShowCountdown,
Billboard_LobbyBanner.csv,13,是否是预览活动,IsPreShow,
Billboard_Questionnaire.csv,1,问卷ID,Id,
Billboard_Questionnaire.csv,2,公告id,BillboardId,
Billboard_Questionnaire.csv,3,奖励邮件id,MailId,1
Billboard_Questionnaire.csv,4,奖励,Award,1
Billboard_Questionnaire.csv,5,备注,Name,
BingoGameActivity_Base.csv,1,流水id,Id,
BingoGameActivity_Base.csv,2,备注,Desc,
BingoGameActivity_Base.csv,3,Key_活动系统名,Key_Name,
BingoGameActivity_Base.csv,4,活动系统名,Name,
BingoGameActivity_Base.csv,5,活动开始时间,StartTime,1
BingoGameActivity_Base.csv,6,活动结束时间,EndTime,1
BingoGameActivity_Base.csv,7,活动解密代币,ItemId,
BingoGameActivity_Base.csv,8,背景图,BG_Pic,
BingoGameActivity_Base.csv,9,角色spine,Spine,
BingoGameActivity_BingoReward.csv,1,id,Id,
BingoGameActivity_BingoReward.csv,2,拼图格位置,PositionId,
BingoGameActivity_BingoReward.csv,3,奖励道具,Reward,1
BingoGameActivity_BingoReward.csv,4,所属拼图id,PuzzleId,
BingoGameActivity_BingoReward.csv,5,权重,Rate,1
BingoGameActivity_CollectionReward.csv,1,id,Id,
BingoGameActivity_CollectionReward.csv,2,奖励道具,Reward,1
BingoGameActivity_CollectionReward.csv,3,奖励类别,RewardType,1
BingoGameActivity_CollectionReward.csv,4,所属拼图id,PuzzleId,
BingoGameActivity_Config.csv,1,流水ID,id,
BingoGameActivity_Config.csv,2,描述,des,
BingoGameActivity_Config.csv,3,名称,name,
BingoGameActivity_Config.csv,4,值,value,
BingoGameActivity_FinalReward.csv,1,id,Id,
BingoGameActivity_FinalReward.csv,2,奖励道具,Reward,1
BingoGameActivity_FinalReward.csv,3,活动id,ActivityId,
BingoGameActivity_FinalReward.csv,4,指定拼图id解锁,PuzzlePicId,
BingoGameActivity_PuzzlePic.csv,1,id,Id,
BingoGameActivity_PuzzlePic.csv,2,活动id,ActivityId,
BingoGameActivity_PuzzlePic.csv,3,拼图路径,PuzzlePic,
BiographyConfig_Base.csv,1,流水ID,Id,
BiographyConfig_Base.csv,2,章节开启时间,ChapterOpenTime,1
BiographyConfig_Base.csv,3,banner关闭时间,BannerCloseTime,1
BiographyConfig_Base.csv,4,关联英雄,HeroId,
BiographyConfig_Base.csv,5,卡池id,LotteryId,1
BiographyConfig_Base.csv,6,Key_文本信息,Key_Desc,
BiographyConfig_Base.csv,7,文本信息,Desc,
BiographyConfig_Base.csv,8,背景图,BackgroundPic,
BiographyConfig_Base.csv,9,标题图,TitlePic,
BossRush_BossQuest.csv,1,流水ID,Id,
BossRush_BossQuest.csv,2,策划备注,Name,
BossRush_BossQuest.csv,3,对应活动ID,ReferID,
BossRush_BossQuest.csv,4,Key_任务选项卡描述,Key_QuestDes,
BossRush_BossQuest.csv,5,任务选项卡描述,QuestDes,
BossRush_BossQuest.csv,6,任务难度,QuestType,
BossRush_BossQuest.csv,7,对应任务ID,ReferQuestId,
BossRush_BossQuest.csv,8,奖励显示,ShowRewards,1
BossRush_BossQuest.csv,9,难度开放时间,QuestTypeOpenTime,1
BossRush_BossQuest.csv,10,难度结束时间,QuestTypeCloseTime,1
BossRush_BossReferMission.csv,1,流水ID,Id,
BossRush_BossReferMission.csv,2,对应活动ID,ReferID,
BossRush_BossReferMission.csv,3,任务难度,QuestType,
BossRush_BossReferMission.csv,4,对应关卡顺位,ReferPos,
BossRush_BossReferMission.csv,5,结算难度所需前置难度,ReferDiffcult,
BossRush_BossReferMission.csv,6,关联关卡,ReferMission,
BossRush_BossReferMission.csv,7,关卡对应图标,MissionReferIcon,
BossRush_BossReferMission.csv,8,关卡首通奖励,MissionFirstRewards,1
BossRush_BossReferMission.csv,9,关卡对应排行榜,MissionReferRankID,
BuildConfig_CombineFactory.csv,1,流水Id,Id,
BuildConfig_CombineFactory.csv,2,合成物品id,CombineIdNum,
BuildConfig_CombineFactory.csv,3,物品所属页签,Label,
BuildConfig_CombineFactory.csv,4,物品合成所需工厂等级,CombineNeedLv,
BuildConfig_CombineFactory.csv,5,所需材料及数量,NeedNum1,
BuildConfig_CombineFactory.csv,6,消耗物资及数量,CostNum,1
BuildConfig_CombineFactory.csv,7,是否可以快捷合成,IsOpenQuickPath,
BuildConfig_CombineFactory.csv,8,快捷合成方式,Type,
BuildConfig_CombineFactory.csv,9,背包按钮显示,BagBtnPos,
Builtin_Adapter.csv,1,流水ID,Id,
Builtin_Adapter.csv,2,描述,Desc,
Builtin_Adapter.csv,3,硬件平台,Platform,
Builtin_Adapter.csv,4,设备型号,DeviceModel,
Builtin_Adapter.csv,5,显卡厂商,GraphicsDeviceVendor,
Builtin_Adapter.csv,6,显卡型号,GraphicsDeviceName,
Builtin_Adapter.csv,7,质量,Quality,
Builtin_ExpressModules.csv,1,流水ID,Id,
Builtin_ExpressModules.csv,2,描述,Desc,
Builtin_ExpressModules.csv,3,地址,UrlId,
Builtin_ExpressModules.csv,4,服务ID,ServiceId,
Builtin_ExpressModules.csv,5,资产模块,ModuleType,
Builtin_ExpressModules.csv,6,项目ID,ProjectId,
Builtin_ExpressModules.csv,7,渠道ID,ChannelId,
Builtin_ExpressModules.csv,8,标题描述,TitleTextId,
Builtin_ExpressModules.csv,9,内容描述,DescTextId,
Builtin_ExpressUrls.csv,1,流水ID,Id,
Builtin_ExpressUrls.csv,2,描述,Desc,
Builtin_ExpressUrls.csv,3,后台地址,WebUrl,
Builtin_ExpressUrls.csv,4,下载切线地址,DownBackupUrls,
Builtin_ExpressUrls.csv,5,清单切线地址,VersionBackupUrls,
Builtin_ExpressUrls.csv,6,版本校验地址,VersionUrl,
Builtin_Server.csv,1,流水ID,Id,
Builtin_Server.csv,2,忽略行,Ignore,
Builtin_Server.csv,3,Key_名称,Key_Name,
Builtin_Server.csv,4,名称,Name,
Builtin_Server.csv,5,描述,Desc,
Builtin_Server.csv,6,IP,Ip,
Builtin_Server.csv,7,平台,Platform,
Builtin_Server.csv,8,渠道,Channel,
Builtin_Server.csv,9,地区,Zone,
Builtin_Server.csv,10,是否老玩家服务器,IsOldServer,
Builtin_Server.csv,11,ServerList地址,ServerList,
Builtin_Server.csv,12,ServerListPort,ServerListPort,
Builtin_Server.csv,13,HttpPort,HttpPort,
Builtin_Server.csv,14,GM服务端口,BackPort,
Builtin_Server.csv,15,延迟检测地址,QOSAddr,
Builtin_Server.csv,16,是否小服模式,IsAreaServer,
Builtin_Strings.csv,1,唯一标识符,Id,
Builtin_Strings.csv,2,描述,Desc,
Builtin_Strings.csv,3,中文,CN,
Builtin_Strings.csv,4,英文,EN,
Builtin_Strings.csv,5,繁中,TC,
Builtin_Strings.csv,6,日语,JP,
Builtin_Strings.csv,7,韩语,KR,
CalamityLines_Base.csv,1,IndexID,Id,
CalamityLines_Base.csv,2,备注,Remarks,
CalamityLines_Base.csv,3,Key_boss名称,Key_Name,
CalamityLines_Base.csv,4,名称,Name,
CalamityLines_Base.csv,5,Key_描述,Key_Des,
CalamityLines_Base.csv,6,描述,Des,
CalamityLines_Base.csv,7,开始时间,OpenTime,1
CalamityLines_Base.csv,8,结束时间,CloseTime,1
CalamityLines_Base.csv,9,特别支援角色,AssistHero,
CalamityLines_Base.csv,10,风队特殊布阵格,PhasicLevelBuff,
CalamityLines_Base.csv,11,场景入口的timeline表现,TimeLinePath,
CalamityLines_Base.csv,12,活动入口icon资源,EntranceIconPath,
CalamityLines_BossLevel.csv,1,流水id,ID,
CalamityLines_BossLevel.csv,2,活动期数ID,BaseID,
CalamityLines_BossLevel.csv,3,战线类型,Phasic,
CalamityLines_BossLevel.csv,4,难度,Level,
CalamityLines_BossLevel.csv,5,调用MissionID,Missions,
CalamityLines_BossLevel.csv,6,关卡进度奖励组id,BossLevelRewardID,1
CalamityLines_BossLevelReward.csv,1,ID,id,
CalamityLines_BossLevelReward.csv,2,key,BossLevelRewardID,
CalamityLines_BossLevelReward.csv,4,伤害值（万分比）,TargetPrecent,
CalamityLines_BossLevelReward.csv,5,奖励,RewardList,1
CalamityLines_BuffLevel.csv,1,ID,id,
CalamityLines_BuffLevel.csv,2,等级,Level,
CalamityLines_BuffLevel.csv,3,描述,Key_Desc,
CalamityLines_BuffLevel.csv,4,描述,Desc,
CalamityLines_BuffLevel.csv,5,类型,Type,
CalamityLines_BuffLevel.csv,6,效果ID,Effect,
CalamityLines_Config.csv,1,ID,id,
CalamityLines_Config.csv,2,描述,Desc,
CalamityLines_Config.csv,3,key,Key,
CalamityLines_Config.csv,4,参数,Param,
CalamityLines_LevelShow.csv,1,难度,Id,
CalamityLines_LevelShow.csv,2,颜色,BaseColor,
CalamityLines_LevelShow.csv,3,图标,Icon,
CalamityLines_LevelShow.csv,4,Key_文字,Key_LevelDesc,
CalamityLines_LevelShow.csv,5,文字,LevelDesc,
CalamityLines_Mission.csv,1,流水ID,id,
CalamityLines_Mission.csv,2,备注,Name_1,
CalamityLines_Mission.csv,3,NPCid,Enemyinfo,
CalamityLines_Mission.csv,4,怪物血量,Monsterid,
CalamityLines_Mission.csv,5,目标场景ID,SceneId,
CalamityLines_Mission.csv,6,Key_关卡名称,Key_Name,
CalamityLines_Mission.csv,7,关卡名称,Name,
CalendarConfig_ActivityList.csv,1,流水ID,Id,
CalendarConfig_ActivityList.csv,2,Key_活动名称,Key_Name,
CalendarConfig_ActivityList.csv,3,活动名称,Name,
CalendarConfig_ActivityList.csv,4,行数,Row,
CalendarConfig_ActivityList.csv,5,Key_参与条件,Key_Condition,
CalendarConfig_ActivityList.csv,6,参与条件,Condition,
CalendarConfig_ActivityList.csv,7,活动开启时间,StartTime,1
CalendarConfig_ActivityList.csv,8,活动结束时间,EndTime,1
CalendarConfig_ActivityList.csv,9,Key_时间显示,Key_ShowTime,
CalendarConfig_ActivityList.csv,10,时间显示,ShowTime,
CalendarConfig_ActivityList.csv,11,图标路径,IconPic,
CalendarConfig_ActivityList.csv,12,banner路径,BannerPic,
CalendarConfig_ActivityList.csv,13,奖励预览,Items,1
CalendarConfig_ActivityList.csv,14,跳转id,QuickPath,
CalendarConfig_ActivityList.csv,15,系统id,SystemId,
CalendarConfig_ActivityList.csv,16,活动颜色类型,ShowType,
CalendarConfig_ActivityList.csv,17,Key_活动标题,Key_Title,
CalendarConfig_ActivityList.csv,18,活动标题,Title,
CalendarConfig_ActivityList.csv,19,是否显示跳转按钮,IsJump,
CalendarConfig_ActivityList.csv,20,Key_无按钮提示文本,Key_BtnText,
CalendarConfig_ActivityList.csv,21,无按钮提示文本,BtnText,
CalendarConfig_Base.csv,1,流水ID,Id,
CalendarConfig_Base.csv,2,开始时间,Starttime,1
CalendarConfig_Base.csv,3,结束时间,EndTime,1
CalendarConfig_Base.csv,4,展示活动,ActivityList,
CalendarConfig_ShowType.csv,1,流水ID,Id,
CalendarConfig_ShowType.csv,2,背景颜色代码,BgColor,
CalendarConfig_ShowType.csv,3,字体颜色代码,TextColor,
CalendarConfig_Value.csv,1,流水ID,Id,
CalendarConfig_Value.csv,2,描述,Type,
CalendarConfig_Value.csv,3,活动参数,Param,
CareerPos_Base.csv,1,职业类型,ID,
CareerPos_Base.csv,2,职业默认位置范围,CareerPos,
CareerTreeConfig_Base.csv,1,流水ID,Id,
CareerTreeConfig_Base.csv,2,Key_名称,Key_Name,
CareerTreeConfig_Base.csv,3,名称,Name,
CareerTreeConfig_Base.csv,4,解锁条件,OpenCondition,1
CareerTreeConfig_Base.csv,5,Key_解锁文案,Key_UnlockText,
CareerTreeConfig_Base.csv,6,解锁文案,UnlockText,
CareerTreeConfig_Layer.csv,1,流水ID,Id,
CareerTreeConfig_Layer.csv,2,类别,Type,
CareerTreeConfig_Layer.csv,3,对应图形/预制,Pic,
CareerTreeConfig_Layer.csv,4,弹窗标题,Key_Tilte,
CareerTreeConfig_Layer.csv,5,标题,Title,
CareerTreeConfig_Node.csv,1,流水ID,Id,
CareerTreeConfig_Node.csv,2,类别,Type,
CareerTreeConfig_Node.csv,3,层级,Layer,
CareerTreeConfig_Node.csv,4,节点分类,IconType,
CareerTreeConfig_Node.csv,5,图标,Pic,
CareerTreeConfig_Node.csv,6,位置序号,Pos,
CareerTreeConfig_Node.csv,7,解锁条件,OpenCondition,1
CareerTreeConfig_Node.csv,8,Key_解锁文案,Key_UnlockText,
CareerTreeConfig_Node.csv,9,解锁文案,UnlockText,
CareerTreeConfig_Node.csv,10,上一级节点,LastId,
CareerTreeConfig_Node.csv,11,下一级节点,NextId,
CareerTreeConfig_Node.csv,12,激活消耗,Cost,1
CareerTreeConfig_Node.csv,13,属性加成（加法）,AddAttribute,
CareerTreeConfig_Node.csv,14,属性加成（乘法）,RatioAttribute,
CareerTreeConfig_Node.csv,15,技能组,Group,
CareerTreeConfig_Node.csv,16,技能等级,SkillLv,
CareerTreeConfig_Node.csv,17,技能,Skill,
CareerTreeConfig_Node.csv,18,作用对象,ObjectType,
CareerTreeConfig_Node.csv,19,对象参数,Param,
CareerTreeConfig_Node.csv,20,Key_技能名称,Key_Name,
CareerTreeConfig_Node.csv,21,技能名称,Name,
CareerTreeConfig_Node.csv,22,Key_技能描述,Key_Desc,
CareerTreeConfig_Node.csv,23,技能描述,Desc,
CeremonyActivity_Base.csv,1,流水ID,Id,
CeremonyActivity_Base.csv,2,Key_气泡文本,Key_Desc,
CeremonyActivity_Base.csv,3,活动名,Desc,
CeremonyActivity_Base.csv,4,系统id,SystemId,
CeremonyActivity_Base.csv,5,奖励内容,Rewards,1
ChaosAttack_Base.csv,1,ID,ID,
ChaosAttack_Base.csv,2,阶段,Bz,
ChaosAttack_Base.csv,3,Key_阶段名,Key_StageName,
ChaosAttack_Base.csv,4,阶段名,StageName,
ChaosAttack_Base.csv,5,开启时间,StartTime,1
ChaosAttack_Base.csv,6,结束时间,EndTime,1
ChaosAttack_Base.csv,7,新手引导id,GuideID,
ChaosAttack_Base.csv,8,剧情id,StoryID,
ChaosAttack_Base.csv,9,场景路径,Scene,
ChaosAttack_Base.csv,10,每日挑战次数,ChallengeTime,1
ChaosAttack_BuffClient.csv,1,ID,ID,
ChaosAttack_BuffClient.csv,2,Key_名称,Key_Name,
ChaosAttack_BuffClient.csv,3,名称,Name,
ChaosAttack_BuffClient.csv,4,Key_描述,Key_Describe,
ChaosAttack_BuffClient.csv,5,描述,Describe,
ChaosAttack_Config.csv,1,流水ID,Id,
ChaosAttack_Config.csv,2,描述,des,
ChaosAttack_Config.csv,3,key,Key,
ChaosAttack_Config.csv,4,值,value,
ChaosAttack_DifficultGroup.csv,1,ID,ID,
ChaosAttack_DifficultGroup.csv,2,等级区间,StartLevel,
ChaosAttack_DifficultGroup.csv,3,守卫1关卡难度,GroupMission1,
ChaosAttack_DifficultGroup.csv,4,守卫2关卡难度,GroupMission2,
ChaosAttack_DifficultGroup.csv,5,守卫单次奖励,GuardReward,1
ChaosAttack_DifficultGroup.csv,6,守卫单次奖励,GuardRewardShow,1
ChaosAttack_DifficultGroup.csv,7,守卫积分奖励组,GuardPointRewardGroup,1
ChaosAttack_DifficultGroup.csv,8,boss1关卡,BossMission1,
ChaosAttack_DifficultGroup.csv,9,boss2关卡,BossMission2,
ChaosAttack_DifficultGroup.csv,10,boss积分奖励组,BossPointRewardGroup,1
ChaosAttack_DifficultGroup.csv,11,守卫积分系数,GuardPointCoefficient,
ChaosAttack_DifficultGroup.csv,12,Boss积分系数,BossPointCoefficient,
ChaosAttack_DifficultGroup.csv,13,Boss积分排行榜id,RankID,
ChaosAttack_DifficultGroup.csv,14,排行榜系统id,RankSystemID,
ChaosAttack_DifficultGroup.csv,15,Key_难度名称,Key_DifficultDes,
ChaosAttack_DifficultGroup.csv,16,难度名称,DifficultDes,
ChaosAttack_DifficultGroup.csv,17,是否启用多队伍,Teams,1
ChaosAttack_DifficultGroup.csv,18,分组文本颜色,Color,
ChaosAttack_DifficultShow.csv,1,难度,Id,
ChaosAttack_DifficultShow.csv,2,颜色,BaseColor,
ChaosAttack_DifficultShow.csv,3,Key_文字,Key_DifficultDesc,
ChaosAttack_DifficultShow.csv,4,文字,DifficultDesc,
ChaosAttack_Illustration.csv,1,流水ID,Id,
ChaosAttack_Illustration.csv,2,备注,bz,
ChaosAttack_Illustration.csv,3,立绘路径,Path,
ChaosAttack_Illustration.csv,4,坐标,position,
ChaosAttack_Illustration.csv,5,旋转,rotation,
ChaosAttack_Illustration.csv,6,缩放,Size,
ChaosAttack_Mission.csv,1,ID,id,
ChaosAttack_Mission.csv,2,Key_关卡名称,Key_Name,
ChaosAttack_Mission.csv,3,关卡名称,Name,
ChaosAttack_Mission.csv,4,SceneID,SceneID,
ChaosAttack_Mission.csv,5,BOSS索引,BossIndex,
ChaosAttack_Mission.csv,6,关卡分组,Group,
ChaosAttack_Mission.csv,7,难度,Difficult,
ChaosAttack_Mission.csv,8,击杀奖励展示,killRwardShow,1
ChaosAttack_Mission.csv,9,击杀奖励,killRward,1
ChaosAttack_Mission.csv,10,Boss最大血量,BossHp,
ChaosAttack_Mission.csv,11,生命调节系数,HpRate,
ChaosAttack_Mission.csv,12,攻击调节系数,AtkRate,
ChaosAttack_Mission.csv,13,防御调节系数,DefRate,
ChaosAttack_Mission.csv,14,魔抗调节系数,MgrRate,
ChaosAttack_Mission.csv,15,暴击率调节系数,BcRate,
ChaosAttack_Mission.csv,16,抗暴率调节系数,BcdRate,
ChaosAttack_Mission.csv,17,爆伤增幅调节系数,CpRate,
ChaosAttack_Mission.csv,18,爆伤耐性调节系数,CpdRate,
ChaosAttack_Mission.csv,19,推荐战力,RecommendFight,
ChaosAttack_Mission.csv,20,关卡时长,LevelTime,
ChaosAttack_Mission.csv,21,敌人信息,EnemyInfo,
ChaosAttack_PointsReward.csv,1,ID,Id,
ChaosAttack_PointsReward.csv,2,奖励组,Group,1
ChaosAttack_PointsReward.csv,3,Key_任务简介,Key_Des,
ChaosAttack_PointsReward.csv,4,任务简介,Des,
ChaosAttack_PointsReward.csv,5,任务积分目标,Target,
ChaosAttack_PointsReward.csv,6,奖励类型,Type,1
ChaosAttack_PointsReward.csv,7,任务奖励,Reward,1
CharacterConfig_Action.csv,1,流水ID,Id,
CharacterConfig_Action.csv,2,描述,Desc,
CharacterConfig_Action.csv,3,用于修正休闲跑步动画速度,NorRunStdSpeed,
CharacterConfig_Action.csv,4,用于修正战斗跑步动画速度,CombatRunStdSpeed,
CharacterConfig_Action.csv,5,用于修正前移动画速度,FwdStdSpeed,
CharacterConfig_Action.csv,6,用于修正平移动画速度,WalkStdSpeed,
CharacterConfig_Action.csv,7,用于修正后退动画速度,BackStdSpeed,
CharacterConfig_Action.csv,8,用于修正起身动画速度（默认为动画时间）,StandupAnimStdTime,
CharacterConfig_Action.csv,9,用于修正硬直动画速度（默认为动画时间）,HurtAnimStdTime,
CharacterConfig_Action.csv,10,狂暴待机,CruelIdle,
CharacterConfig_Action.csv,11,狂暴跑步,CruelRun,
CharacterConfig_Action.csv,12,休闲待机,NormalIdle,
CharacterConfig_Action.csv,13,休闲跑步,NormalRun,
CharacterConfig_Action.csv,14,战斗待机,CombatIdle,
CharacterConfig_Action.csv,15,战斗跑步,CombatRun,
CharacterConfig_Action.csv,16,受伤待机,InjuredIdle,
CharacterConfig_Action.csv,17,行走,Walk,
CharacterConfig_Action.csv,18,左走,WalkLeft,
CharacterConfig_Action.csv,19,右走,WalkRight,
CharacterConfig_Action.csv,20,后走,WalkBack,
CharacterConfig_Action.csv,21,跑步停止,RunEnd,
CharacterConfig_Action.csv,22,击退后仰,HurtBack,
CharacterConfig_Action.csv,23,击退左倾,HurtLeft,
CharacterConfig_Action.csv,24,击退右倾,HurtRight,
CharacterConfig_Action.csv,25,眩晕,Sleep,
CharacterConfig_Action.csv,26,死亡,Dead,
CharacterConfig_Action.csv,27,出生,Born,
CharacterConfig_Action.csv,28,击飞上升,FlyUp,
CharacterConfig_Action.csv,29,击飞下落,FlyDown,
CharacterConfig_Action.csv,30,浮空受击,FlyHit,
CharacterConfig_Action.csv,31,倒地,OnGround,
CharacterConfig_Action.csv,32,起身,GetUp,
CharacterConfig_Action.csv,33,螺旋击飞,FlyRotate,
CharacterConfig_Action.csv,34,螺旋击飞倒地,RotateOnGround,
CharacterConfig_Action.csv,35,螺旋击飞起身,RotateGetUP,
CharacterConfig_Action.csv,36,被控,Grab,
CharacterConfig_Action.csv,37,眩晕,Dizzy,
CharacterConfig_Action.csv,38,力竭开始,BurstStart,
CharacterConfig_Action.csv,39,力竭循环,BurstLoop,
CharacterConfig_Action.csv,40,力竭结束,BurstEnd,
CharacterConfig_Action.csv,41,吹起开始,TornadoStart,
CharacterConfig_Action.csv,42,吹起循环,TornadoLoop,
CharacterConfig_Action.csv,43,吹起结束,TornadoEnd,
CharacterConfig_Action.csv,44,登场,Open,
CharacterConfig_Action.csv,45,胜利,Celebrate,
CharacterConfig_Action.csv,46,震颤,HurtShake,
CharacterConfig_Action.csv,47,是否开启震颤,IsBeHitShake,1
CharacterConfig_Action.csv,48,节奏玩法攻击,TheatreAttack,
CharacterConfig_Action.csv,49,左转,TurnLeft,
CharacterConfig_Action.csv,50,右转,TurnRight,
CharacterConfig_Bone.csv,1,流水ID,Id,
CharacterConfig_Bone.csv,2,描述,Desc,
CharacterConfig_Bone.csv,3,骨骼根节点名称,BoneRoot,
CharacterConfig_Bone.csv,4,骨骼脊柱名称,BoneSpine,
CharacterConfig_Bone.csv,5,骨骼头部名称,BoneHead,
CharacterConfig_Bone.csv,6,骨骼右手名称,BoneRHand,
CharacterConfig_Bone.csv,7,骨骼左手名称,BoneLHand,
CharacterConfig_Bone.csv,8,腰部,BoneWaist,
CharacterConfig_Bone.csv,9,武器节点,BoneWeapon,
CharacterConfig_CastShadow.csv,1,流水ID,Id,
CharacterConfig_CastShadow.csv,2,场景名,SceneName,
CharacterConfig_CastShadow.csv,3,模型名,CharacterName,
CharacterConfig_CastShadow.csv,4,剧情名,StoryName,
CharacterConfig_Toon.csv,1,流水ID,Id,
CharacterConfig_Toon.csv,2,描述,Desc,
CharacterConfig_Toon.csv,3,场合,Environment,
CharacterConfig_Toon.csv,4,角色类型,CharType,
CharacterConfig_Toon.csv,5,角色,CharId,
CharacterConfig_Toon.csv,6,适用皮肤,SkinSeqList,
CharacterConfig_Toon.csv,7,相机FOV,CamFov,
CharacterConfig_Toon.csv,8,相机动画,CamAnim,
CharacterConfig_Toon.csv,9,相对位置,RelativePos,
CharacterConfig_Toon.csv,10,全屏展示2D/3D位置,RelativePos3,
CharacterConfig_Toon.csv,11,光影之间相对位置,RelativePos2,
CharacterConfig_Toon.csv,12,光影之间旋转角度,ShadowRot,
CharacterConfig_Toon.csv,13,角度,RelativeRot,
CharacterConfig_Toon.csv,14,缩放,RelativeScale,
CharacterConfig_Toon.csv,15,相对光照,IsRelativeLight,
CharacterConfig_Toon.csv,16,光照,LightInfo,
CharacterConfig_Toon.csv,17,光照颜色,LightColor,
CharacterConfig_Toon.csv,18,Ramp亮度,RampBrightness,
CharacterConfig_Toon.csv,19,饱和度,Saturation,
CharacterConfig_Toon.csv,20,描边宽度,OutlineWidth,
CharacterConfig_Toon.csv,21,卡通渲染设置,ToonLevel,
CharacterConfig_Toon.csv,22,等待时间,ShowTime,
CharacterConfig_Voice.csv,1,流水ID,Id,
CharacterConfig_Voice.csv,2,描述,Desc,
CharacterConfig_Voice.csv,3,获取（抽卡获得）,Get,
CharacterConfig_Voice.csv,4,等级提升,LevelUp,
CharacterConfig_Voice.csv,5,星级节点提升,StarUp,
CharacterConfig_Voice.csv,6,升星至3星,Stars3,
CharacterConfig_Voice.csv,7,升星至6星,Stars6,
CharacterConfig_Voice.csv,8,技能强化,SkillUp,
CharacterConfig_Voice.csv,9,天赋强化,TalentUp,
CharacterConfig_Voice.csv,10,编入队伍（上阵）,Battle_JoinTeam,
CharacterConfig_Voice.csv,11,开始战斗（小怪）,BattleNpc,
CharacterConfig_Voice.csv,12,开始战斗（精英）,BattleElite,
CharacterConfig_Voice.csv,13,开始战斗（BOSS）,BattleBoss,
CharacterConfig_Voice.csv,14,战后结算,Battle_Settle,
CharacterConfig_Voice.csv,15,破防,BattleDamage,
CharacterConfig_Voice.csv,16,受击,Battle_Hurt,
CharacterConfig_Voice.csv,17,低血量（HP≤50%）,Battle_LowHP,
CharacterConfig_Voice.csv,18,死亡,Battle_Dead,
CharacterConfig_Voice.csv,19,羁绊角色死亡,BattleDeadBond,
CharacterConfig_Voice.csv,20,声音资源,Soundbank,
CharacterConfig_Voice.csv,21,魔宠获取（抽卡获得）,PetGet,
CharacterConfig_Voice.csv,22,魔宠觉醒,PetStar,
CharacterConfig_Voice.csv,23,魔宠编入队伍（上阵）,Pet_JoinTeam,
CharacterConfig_Voice.csv,24,魔宠点击交互,PetClick,
CharacterConfig_Voice.csv,25,魔宠待机（30％触发）,PetIdle,
ChatConfig_Base.csv,1,序号,Id,
ChatConfig_Base.csv,2,Key_频道名称,Key_Name,
ChatConfig_Base.csv,3,频道名称,Name,
ChatConfig_Base.csv,4,频道类型,Type,
ChatConfig_Base.csv,5,频道图标,Icon,
ChatConfig_Base.csv,6,跳转ID,JumpId,
ChatConfig_Base.csv,7,排序,Order,
ChatConfig_Emotion.csv,1,流水ID,Id,
ChatConfig_Emotion.csv,2,类型,Type,
ChatConfig_Emotion.csv,3,页签,Sheet,
ChatConfig_Emotion.csv,4,Key_名称,Key_Name,
ChatConfig_Emotion.csv,5,名称,Name,
ChatConfig_Emotion.csv,6,表情路径,Emotion,
CheatConfig_Value.csv,1,流水ID,id,
CheatConfig_Value.csv,2,攻击放大系数,AtkAmplifyRate,
ClientConfig_CurrencySymbol.csv,1,id,Id,
ClientConfig_CurrencySymbol.csv,2,币种名称,Name,
ClientConfig_CurrencySymbol.csv,3,对应货币,CurrencyType,
ClientConfig_CurrencySymbol.csv,4,货币符号,CurrencySymbol,
ClientConfig_LossTips.csv,1,流水ID,Id,
ClientConfig_LossTips.csv,2,Key_贴士标题,Key_Title,
ClientConfig_LossTips.csv,3,贴士标题,TipsTitle,
ClientConfig_LossTips.csv,4,贴士权重,Weight,1
ClientConfig_LossTips.csv,5,玩法类型,PveType,
ClientConfig_Speed.csv,1,流水ID,Id,
ClientConfig_Speed.csv,2,开关,Enable,1
ClientConfig_Speed.csv,3,类型,Type,
ClientConfig_Speed.csv,4,图标高亮,Highlight,
ClientConfig_Speed.csv,5,描述,Desc,
ClientConfig_Speed.csv,6,注释,Comment,
ClientConfig_Speed.csv,7,速率,Speed,
ClientConfig_SpeedHelper.csv,1,流水ID,Id,
ClientConfig_SpeedHelper.csv,2,显示倍率,Multiple,1
ClientConfig_SpeedHelper.csv,3,速率,Speed,
ClientConfig_SpeedHelper.csv,4,解锁条件,Condition,1
ClientConfig_SpeedHelper.csv,5,Key_提示文本,Key_TipString,
ClientConfig_SpeedHelper.csv,6,提示文本,TipString,
ClientConfig_ZoneConfig.csv,1,大区id,Id,
ClientConfig_ZoneConfig.csv,2,大区名称,ZoneName,
ClientConfig_ZoneConfig.csv,3,对应货币,CurrencyType,
ClientConfig_ZoneConfig.csv,4,货币符号,CurrencySymbol,
ComboConfig_Base.csv,1,流水ID,Id,
ComboConfig_Base.csv,2,技能ID,SkillID,
ComboConfig_Base.csv,3,技能归属,name,
ComboConfig_Base.csv,4,短Combo力竭效果,BaseDes,
ComboConfig_Base.csv,5,力竭触发效果怪物,BaseImpact,
ComboConfig_Base.csv,6,力竭触发效果己方,BaseBreakBuff,
ComboConfig_Base.csv,7,作用目标,BaseFilterID,
ComboConfig_Base.csv,8,基础屏幕特效,BasePrefab,
ComboConfig_Base.csv,9,长Combo力竭效果,AdvancedDes,
ComboConfig_Base.csv,10,力竭触发效果怪物,AdvancedImpact,
ComboConfig_Base.csv,11,力竭触发效果己方,AdvancedBreakBuff,
ComboConfig_Base.csv,12,作用目标,AdvancedFilterID,
ComboConfig_Base.csv,13,进阶屏幕特效,AdvancedPrefab,
ComboConfig_Base.csv,14,结束屏幕特效,EndPrefab,
ComboConfig_combo.csv,1,流水ID,Id,
ComboConfig_combo.csv,2,备注,name,
ComboConfig_combo.csv,3,combo类型,ComboType,
ComboConfig_combo.csv,4,combo顺序,ComboSequence,
ComboConfig_combo.csv,5,combo效果-伤害系数,ComboDmg,
ComboConfig_combo.csv,6,combo效果-破盾系数,ComboBreak,
ComboConfig_combo.csv,7,combo提示Key,ComboDesKey_Name,
ComboConfig_combo.csv,8,名称,ComboDesName,
ComboConfig_combotag.csv,1,流水ID,Id,
ComboConfig_combotag.csv,2,备注,name,
ComboConfig_combotag.csv,3,combo标签,ComboTag,
ComboConfig_combotag.csv,4,卡牌icon路径,BaseIcon,
ComboConfig_combotag.csv,5,卡牌动画-技能,CardAnimeSkill,
ComboConfig_combotag.csv,6,卡牌动画-奥义,CardAnimeEX,
CommunityConfig_Base.csv,1,流水id,Id,
CommunityConfig_Base.csv,2,跳转链接,UrlLink,
CommunityConfig_Base.csv,3,scheme链接,SchemeUrl,
CommunityConfig_Base.csv,4,app包名,PackageName,
CommunityConfig_Base.csv,5,图标路径,ButtonIcon,
CommunityConfig_Base.csv,6,社区名称,Name,
CommunityConfig_Base.csv,7,是否显示,IsShow,
CommunityConfig_Base.csv,8,显示渠道范围,ShowChannel,
CommunityConfig_Base.csv,9,是否为二维码,IsQrCode,
CommunityConfig_Base.csv,10,策划备注,Desc,
ConditionConfig_Base.csv,1,条件ID,Id,
ConditionConfig_Base.csv,2,描述,Description,
ConditionConfig_Base.csv,3,目标,Target,
ConditionConfig_Base.csv,4,目标附加参数,TargetValue,
ConditionConfig_Base.csv,5,Key_提示文本,Key_ErrorTip,
ConditionConfig_Base.csv,6,提示文本,ErrorTip,
ConditionConfig_Base.csv,7,文本优先级,Priority,
ConditionConfig_Target.csv,1,目标ID,Id,
ConditionConfig_Target.csv,2,Key_提示文本,Key_Tip,
ConditionConfig_Target.csv,3,提示文本,Tip,
ConditionConfig_Target.csv,4,描述,Description,
ConditionConfig_Target.csv,5,附加参数说明,TargetValue,
ConditionConfig_Target.csv,6,备注,Tip,
ContactConfig_Base.csv,1,流水ID,Id,
ContactConfig_Base.csv,2,全局的角色ID,LinkId,
ContactConfig_Base.csv,3,使用逻辑,TriggerLogic,
ContactConfig_Base.csv,4,皮肤序号,SkinSeq,
ContactConfig_Base.csv,5,循环状态ID,LoopStateID,
ContactConfig_Base.csv,6,索引,Index,
ContactConfig_Base.csv,7,角色是否可在列表里浏览,IsShow,
ContactConfig_Base.csv,8,角色是否可作为助理,Isassistant,
ContactConfig_Base.csv,9,播放需要达到好感度等级,HeroLikeLevel,
ContactConfig_Base.csv,10,好感度等级达到几级后不播放,HeroLikeLevelMute,
ContactConfig_Base.csv,11,语音索引,heroVoiceId,
ContactConfig_Base.csv,12,多语言注释,ContentAuthor,
ContactConfig_Base.csv,13,语音素材名称,VoiceId,
ContactConfig_Base.csv,14,对应起始动作id,ActionId1,
ContactConfig_Base.csv,15,对应循环动作id,ActionId2,
ContactConfig_Base.csv,16,对应终止动作id,ActionId3,
ContactConfig_Base.csv,17,仅播放一次的动作,ActionId4,
ContactConfig_Base.csv,18,全局类型,Type,
ContactConfig_Base.csv,19,是否使用,Trigger,
ContactConfig_Base.csv,20,调用权重,Weight,1
ContactConfig_Base.csv,21,播放时间,LastTime,
ContactConfig_Base.csv,22,表演动作对应的特效,EffectId,
ContactConfig_General.csv,1,流水ID,id,
ContactConfig_General.csv,2,随机动作间隔,RandomInteractionInterval,
ContactConfig_General.csv,3,大厅换人按钮持续时间,LobbyChangeButtonDuration,1
CreateAiNpc_BuffLayout.csv,1,流水Id,Id,
CreateAiNpc_BuffLayout.csv,2,buff组布阵Id,BuffLayoutId,
CreateAiNpc_BuffLayout.csv,3,BuffId,BuffId,
CreateAiNpc_BuffLayout.csv,4,buff布阵格Id,BuffFormationCellId,
CreateAiNpc_NpcAttr.csv,1,流水id,Id,
CreateAiNpc_NpcAttr.csv,2,应用场景类型,NpcType,
CreateAiNpc_NpcAttr.csv,3,rank分段,RankGrade,
CreateAiNpc_NpcAttr.csv,4,属性获取类型,GetAttrType,
CreateAiNpc_NpcAttr.csv,5,直接生成属性（互斥）,GetNpcAttr,
CreateAiNpc_NpcAttr.csv,6,生成角色特性等级,CreateNpcFeatureLevel,
CreateAiNpc_NpcAttr.csv,7,生成等级,CreateNpcLevel,
CreateAiNpc_NpcAttr.csv,8,灿晶武装等级,CreateWeaponLevel,
CreateAiNpc_NpcAttr.csv,9,技能等级,CreateSkillLevel,
CreateAiNpc_NpcAttr.csv,10,觉醒等级,CreateAwakeLevel,
CreateAiNpc_NpcAttr.csv,11,灵感等级,CreateInspirationLevel,
CreateAiNpc_NpcFeature.csv,1,流水id,Id,
CreateAiNpc_NpcFeature.csv,2,应用场景类型化,NpcType,
CreateAiNpc_NpcFeature.csv,3,强度级别,NpcIntensityLevel,
CreateAiNpc_NpcFeature.csv,4,怪物Id,Npcid,
CreateAiNpc_NpcFeature.csv,5,NPC特性等级,NpcFeatureLevel,
CreateAiNpc_NpcFeature.csv,6,主属性系数,MainAttrRete,
CreateAiNpc_NpcFeature.csv,7,技能选择,Skill,
CreateAiNpc_NpcFeature.csv,8,天赋选择,Telant,
CreateAiNpc_NpcFeature.csv,9,灵感组件,Inspiration,
CreateAiNpc_NpcFeature.csv,10,其他属性补正包等级,ExtraAttrBagLevel,
CreateAiNpc_NpcFeature.csv,11,其他属性百分比补正包等级,ExtraPercentAttrBagLevel,1
CreateAiNpc_NpcGroup.csv,1,流水id,Id,
CreateAiNpc_NpcGroup.csv,2,怪物强度级别id,NpcIntensityLevel,
CreateAiNpc_NpcGroup.csv,3,怪物组id,GroupId,
CreateAiNpc_NpcGroup.csv,4,怪物组内NpcId,GroupNpcid,
CreateAiNpc_NpcGroup.csv,5,怪组权重,GroupWeight,1
CreateAiNpc_NpcGroupMatch.csv,1,流水id,Id,
CreateAiNpc_NpcGroupMatch.csv,2,应用场景类型,NpcType,
CreateAiNpc_NpcGroupMatch.csv,3,rank段,RankGrade,
CreateAiNpc_NpcGroupMatch.csv,4,怪物强度组别权重,NpcIntensityLevelGroupWeight,1
CreateAiNpc_NpcLayout.csv,1,怪物布阵Id,Id,
CreateAiNpc_NpcLayout.csv,2,怪物1Id,Npcid1,
CreateAiNpc_NpcLayout.csv,3,布阵格1Id,FormationCellId1,
CreateAiNpc_NpcLayout.csv,4,怪物2Id,Npcid2,
CreateAiNpc_NpcLayout.csv,5,布阵格2Id,FormationCellId2,
CreateAiNpc_NpcLayout.csv,6,怪物3Id,Npcid3,
CreateAiNpc_NpcLayout.csv,7,布阵格3Id,FormationCellId3,
CreateAiNpc_NpcLayout.csv,8,怪物4Id,Npcid4,
CreateAiNpc_NpcLayout.csv,9,布阵格4Id,FormationCellId4,
CreateAiNpc_NpcLayoutGroup.csv,1,流水Id,Id,
CreateAiNpc_NpcLayoutGroup.csv,2,怪物组内NpcId,GroupNpcid,
CreateAiNpc_NpcLayoutGroup.csv,3,对战局数,MatchNum,
CreateAiNpc_NpcLayoutGroup.csv,4,怪物布阵Id,NpcLayoutId,
CreateAiNpc_NpcLayoutGroup.csv,5,buff组布阵Id,BuffLayoutId,
CrisisContract_Base.csv,1,序号ID,ID,
CrisisContract_Base.csv,2,活动名称,Name,
CrisisContract_Base.csv,3,常规关卡,Chapter,
CrisisContract_Base.csv,4,日替关卡列表,DayChapterList,
CrisisContract_Base.csv,5,兑换商店ID,ShopID,1
CrisisContract_Base.csv,6,未领取奖励邮件,MailID,1
CrisisContract_Base.csv,7,通关榜ID,ClearRankID,
CrisisContract_Base.csv,8,竞速榜ID,TimeRankID,
CrisisContract_Base.csv,9,剧情名,StoryName,
CrisisContract_Chapter.csv,1,关卡序号,ID,
CrisisContract_Chapter.csv,2,名称索引,Key_Name,
CrisisContract_Chapter.csv,3,关卡名称,Name,
CrisisContract_Chapter.csv,4,关卡类型,Type,
CrisisContract_Chapter.csv,5,开始时间,StarTime,1
CrisisContract_Chapter.csv,6,结束时间,EndTime,1
CrisisContract_Chapter.csv,7,合约列表,ContractList,
CrisisContract_Chapter.csv,8,任务列表,TaskList,
CrisisContract_Chapter.csv,9,波次序号,MissionID,
CrisisContract_Contract.csv,1,合约序号,ID,
CrisisContract_Contract.csv,2,合约类型,Type,
CrisisContract_Contract.csv,3,合约难度,Difficulty,
CrisisContract_Contract.csv,4,互斥组ID,MutexID,
CrisisContract_Contract.csv,5,合约图标,Icon,
CrisisContract_Contract.csv,6,名称索引,Key_Name,
CrisisContract_Contract.csv,7,合约名称,Name,
CrisisContract_Contract.csv,8,描述索引,Key_Desc,
CrisisContract_Contract.csv,9,合约描述,Desc,
CrisisContract_Contract.csv,10,激活点数,ActivePoint,
CrisisContract_Contract.csv,11,难度要求,UnlockPoint,
CrisisContract_Contract.csv,12,相对列位置,Location,
CrisisContract_Contract.csv,13,连线合约,LinkContract,
CrisisContract_Contract.csv,14,开启时间,StarTime,1
CrisisContract_Contract.csv,15,结束时间,EndTime,1
CrisisContract_Contract.csv,16,效果组序号,BUFFGroupID,
CrisisContract_Effect.csv,1,流水ID,Id,
CrisisContract_Effect.csv,2,词条描述,ContractDes,
CrisisContract_Effect.csv,3,词条类型,EntryType,
CrisisContract_Effect.csv,4,词条逻辑类型,EntryLogic,
CrisisContract_Effect.csv,5,词条触发波次,EntryWave,
CrisisContract_Effect.csv,6,附加参数,ParamNum,
CrisisContract_Effect.csv,7,参数1,ParamDesc0,
CrisisContract_Effect.csv,8,参数1值,Param0,
CrisisContract_Effect.csv,9,参数2,ParamDesc1,
CrisisContract_Effect.csv,10,参数2值,Param1,
CrisisContract_Effect.csv,11,参数3,ParamDesc2,
CrisisContract_Effect.csv,12,参数3值,Param2,
CrisisContract_Task.csv,1,任务序号,ID,
CrisisContract_Task.csv,2,任务类型,Type,
CrisisContract_Task.csv,3,类型参数,Parameter,
CrisisContract_Task.csv,4,可否使用援助,UseAssistance,
CrisisContract_Task.csv,5,描述索引,Key_Desc,
CrisisContract_Task.csv,6,任务描述,Desc,
CrisisContract_Task.csv,7,任务奖励,Reward,1
CrisisContract_Task.csv,8,开启时间,StarTime,1
CrisisContract_Task.csv,9,结束时间,EndTime,1
DailyEnergyConfig_Base.csv,1,流水ID,Id,
DailyEnergyConfig_Base.csv,2,描述,desc,
DailyEnergyConfig_Base.csv,3,值,Type,
DailyMission_BreachMission.csv,1,MissionID,Id,
DailyMission_BreachMission.csv,2,关卡名称Key,Key_Name,
DailyMission_BreachMission.csv,3,关卡名称,Name,
DailyMission_BreachMission.csv,4,难度名称,StageID,
DailyMission_BreachMission.csv,5,关卡顺序,LocalID,
DailyMission_BreachMission.csv,6,目标场景ID,SceneID,
DailyMission_BreachMission.csv,7,奖励预览,RewardShow,1
DailyMission_BreachMission.csv,8,首通奖励loot,FirstLoot,1
DailyMission_BreachMission.csv,9,普通奖励loot,Loot,1
DailyMission_BreachMission.csv,10,成功消耗体力,WinCostVIT,1
DailyMission_BreachMission.csv,11,限制条件,Unlock,
DailyMission_DailyExpDesc.csv,1,流水ID,Id,
DailyMission_DailyExpDesc.csv,2,周几,Week,
DailyMission_DailyExpDesc.csv,3,全局生效BUFF,GlobalBuff,
DailyMission_DailyExpDesc.csv,4,Buff描述Key,Key_BuffDesc,
DailyMission_DailyExpDesc.csv,5,Buff描述,BuffDesc,
DailyMission_DailyExpDesc.csv,6,Buff图标,BuffIcon,
DailyMission_DailyExpMission.csv,1,流水ID,Id,
DailyMission_DailyExpMission.csv,2,副本名称,Key_Name,
DailyMission_DailyExpMission.csv,3,副本名称,Name,
DailyMission_DailyExpMission.csv,4,开放周期,OpenTime,
DailyMission_DailyExpMission.csv,5,结束时间,EndTime,1
DailyMission_DailyExpMission.csv,6,高额奖励次数,AddRewardTimes,1
DailyMission_ExpMission.csv,1,MissionID,Id,
DailyMission_ExpMission.csv,2,关卡名称Key,Key_Name,
DailyMission_ExpMission.csv,3,关卡名称,Name,
DailyMission_ExpMission.csv,4,DailyID,DailyExpID,
DailyMission_ExpMission.csv,5,难度名称,StageID,
DailyMission_ExpMission.csv,6,关卡（四级）,LocalID,
DailyMission_ExpMission.csv,7,目标场景ID,SceneID,
DailyMission_ExpMission.csv,8,奖励预览,RewardShow,1
DailyMission_ExpMission.csv,9,首通奖励loot,FirstLoot,1
DailyMission_ExpMission.csv,10,成功消耗体力,WinCostVIT,1
DailyMission_ExpMission.csv,11,限制条件,Unlock,
DailyMission_ExpMission.csv,12,第1波基础奖励,Reward1,1
DailyMission_ExpMission.csv,13,第1波高额奖励,Reward1Add,1
DailyMission_ExpMission.csv,14,第2波基础奖励,Reward2,1
DailyMission_ExpMission.csv,15,第2波高额奖励,Reward2Add,1
DailyMission_ExpMission.csv,16,第3波基础奖励,Reward3,1
DailyMission_ExpMission.csv,17,第3波高额奖励,Reward3Add,1
DailyMission_ExpMission.csv,18,第4波基础奖励,Reward4,1
DailyMission_ExpMission.csv,19,第4波高额奖励,Reward4Add,1
DailyMission_ExpMission.csv,20,第5波基础奖励,Reward5,1
DailyMission_ExpMission.csv,21,第5波高额奖励,Reward5Add,1
DailyMission_SkillMission.csv,1,MissionID,Id,
DailyMission_SkillMission.csv,2,关卡名称Key,Key_Name,
DailyMission_SkillMission.csv,3,关卡名称,Name,
DailyMission_SkillMission.csv,4,难度名称,StageID,
DailyMission_SkillMission.csv,5,关卡顺序,LocalID,
DailyMission_SkillMission.csv,6,目标场景ID,SceneID,
DailyMission_SkillMission.csv,7,奖励预览,RewardShow,1
DailyMission_SkillMission.csv,8,首通奖励loot,FirstLoot,1
DailyMission_SkillMission.csv,9,普通奖励loot,Loot,1
DailyMission_SkillMission.csv,10,成功消耗体力,WinCostVIT,1
DailyMission_SkillMission.csv,11,限制条件,Unlock,
DailyNews_Base.csv,1,流水ID,Id,
DailyNews_Base.csv,2,描述,desc,
DailyNews_Base.csv,3,值,Type,
DailyNews_Fate.csv,1,流水ID,Id,
DailyNews_Fate.csv,2,Key_运势,Key_Fate,
DailyNews_Fate.csv,3,运势,Fate,
DailyNews_Hearsay.csv,1,流水ID,Id,
DailyNews_Hearsay.csv,2,类型,Type,
DailyNews_Hearsay.csv,3,Key_传闻,Key_Hearsay,
DailyNews_Hearsay.csv,4,传闻,Hearsay,
DailyPayConfig_Base.csv,1,流水ID,Id,
DailyPayConfig_Base.csv,2,活动名称,Desc,
DailyPayConfig_Base.csv,3,邮件模板,MailId,
DailyPayConfig_Base.csv,4,最终大奖,SpecialReward,
DailyPayConfig_Base.csv,5,最终大奖目标天数,SpTargetNum,
DailyPayConfig_Base.csv,6,奖池列表,RewardList,1
DailyPayConfig_Reward.csv,1,流水ID,Id,
DailyPayConfig_Reward.csv,2,目标天数,TargetDailyNum,
DailyPayConfig_Reward.csv,3,目标金额,TargetNum,1
DailyPayConfig_Reward.csv,4,奖励,Reward,1
DailyPayConfig_Reward.csv,5,是否显示特效,IsShowEffect,
DataTransfer_Awake.csv,1,ID,Id,
DataTransfer_Awake.csv,2,原角色ID,OldHeroId,
DataTransfer_Awake.csv,3,转换后角色ID,NewHeroId,
DataTransfer_Awake.csv,4,原升星阶段,OldAwakeID,
DataTransfer_Awake.csv,5,转换后星级,NewAwakeID,
DataTransfer_Awake.csv,6,转换后补偿道具,GetItem,
DataTransfer_Brach.csv,1,ID,Id,
DataTransfer_Brach.csv,2,转换后角色ID,NewHeroId,
DataTransfer_Brach.csv,3,原突破阶段,OldBreachID,
DataTransfer_Brach.csv,4,转换后突破阶段,NewBreachID,
DataTransfer_Brach.csv,5,转换后补偿道具,GetItem,
DataTransfer_Guide.csv,1,ID,Id,
DataTransfer_Guide.csv,2,判断条件类型,GuideType,
DataTransfer_Guide.csv,3,条件类型参数集,GuideParm,
DataTransfer_Guide.csv,4,新引导模块iD,guideConfig,
DataTransfer_Guide.csv,5,原始备注,notes,
DataTransfer_InsItem.csv,1,ID,Id,
DataTransfer_InsItem.csv,2,区间下限,MinCost,1
DataTransfer_InsItem.csv,3,区间上限,MaxCost,1
DataTransfer_InsItem.csv,4,返还道具ID,GiveItem,
DataTransfer_InsItem.csv,5,返还比例,Rate,
DataTransfer_Inspiration.csv,1,ID,Id,
DataTransfer_Inspiration.csv,2,原剧作品质,OldInspirationColor,
DataTransfer_Inspiration.csv,3,原剧作星级,OldInspirationStar,
DataTransfer_Inspiration.csv,4,转换道具ID,ChangeItemId,
DataTransfer_Inspiration.csv,5,转换数量,ChangeNum,
DataTransfer_InspirationLevel.csv,1,ID,Id,
DataTransfer_InspirationLevel.csv,2,原剧作品质,OldInspirationColor,
DataTransfer_InspirationLevel.csv,3,原剧作等级,OldInspirationLevel,
DataTransfer_InspirationLevel.csv,4,转换道具,ChangeItem,
DataTransfer_Item.csv,1,ID,Id,
DataTransfer_Item.csv,2,原道具ID,OldItemId,
DataTransfer_Item.csv,3,转换后道具ID,NewItemId,
DataTransfer_Item.csv,4,转换比例,ChangeRate,
DataTransfer_Item.csv,5,转换方式,ChangeType1,
DataTransfer_Item.csv,6,转换后续处理方式,ChangeType2,
DataTransfer_Item.csv,7,后续转换系数,ChangeType2Rate,
DataTransfer_Level.csv,1,ID,Id,
DataTransfer_Level.csv,2,转换后等级,NewLevel,
DataTransfer_Level.csv,3,补偿道具,GetItem,
DataTransfer_Mission.csv,1,ID,Id,
DataTransfer_Mission.csv,2,老主线,Mission,
DataTransfer_Mission.csv,3,新主线对应关卡,Episode,
DataTransfer_Skill.csv,1,ID,Id,
DataTransfer_Skill.csv,2,原技能等级,OldSkillID,
DataTransfer_Skill.csv,3,转换后补偿道具,GetItem,
DifferentWorldConfig_Base.csv,1,流水ID,Id,
DifferentWorldConfig_Base.csv,2,关卡类型(一级）,Type,
DifferentWorldConfig_Base.csv,3,章节&小玩法编号（二级）,ChapterId,
DifferentWorldConfig_Base.csv,4,标题,Title,
DifferentWorldConfig_Base.csv,5,标题2,Title2,
DoubleDropConfig_Base.csv,1,流水ID,Id,
DoubleDropConfig_Base.csv,2,描述,Dec,
DoubleDropConfig_Base.csv,3,活动章节类型,ChapterType,
DoubleDropConfig_Base.csv,4,活动开启条件,OpeningConditions,1
DoubleDropConfig_Base.csv,5,掉落类型,DropType,1
DoubleDropConfig_Base.csv,6,金币增加倍率,CoinsDrop,1
DoubleDropConfig_Base.csv,7,额外随机库次数,DoubleTime,1
DoubleDropConfig_Base.csv,8,额外掉落倍率,Magnification,1
DoubleDropConfig_Base.csv,9,额外掉落库,Additional,1
DoubleDropConfig_Base.csv,10,限制类型,LimitType,
DoubleDropConfig_Base.csv,11,限制次数,LimitNum,1
DoubleDropConfig_Base.csv,12,不参与活动关卡,Exclude,
DoubleDropConfig_Base.csv,13,Key_活动标题,Key_Title,
DoubleDropConfig_Base.csv,14,活动标题,Title,
DoubleDropConfig_Base.csv,15,Key_活动规则,Key_Rule,
DoubleDropConfig_Base.csv,16,活动规则,Rule,
DoubleDropConfig_Base.csv,17,Key_活动提示文字,Key_Tips,
DoubleDropConfig_Base.csv,18,活动提示文字,Tips,
DoubleDropConfig_Base.csv,19,活动BUFFicon,Icon,
DreamLandConfig_Base.csv,1,ID,id,
DreamLandConfig_Base.csv,2,Key_层级名称,Key_Name,
DreamLandConfig_Base.csv,3,层级名称,Name,
DreamLandConfig_Base.csv,4,NPC点位数,NpcNumber,
DreamLandConfig_Base.csv,5,地图资源,MapResource,
DreamLandConfig_Base.csv,6,页签小图资源,IconResource,
DreamLandConfig_Base.csv,7,NPC刷新权重,RefreshWeights,1
DreamLandConfig_Base.csv,8,解锁条件,DreamCondion,1
DreamLandConfig_Base.csv,9,迷失者刷新保底,GuaranteedCount,1
DreamLandConfig_Base.csv,10,传送门,DoorID,
DreamLandConfig_Base.csv,11,掉落钥匙,LootKey,1
DreamLandConfig_Base.csv,12,迷失者钥匙掉落,losterKey,1
DreamLandConfig_BonusHero.csv,1,流水ID,Id,
DreamLandConfig_BonusHero.csv,2,开启时间备注,TimeBz,1
DreamLandConfig_BonusHero.csv,3,角色,HeroID,
DreamLandConfig_BonusHero.csv,4,角色备注,HeroBz,
DreamLandConfig_BonusHero.csv,5,额外奖励,Reward,1
DreamLandConfig_BonusHero.csv,6,Key_奖励描述,Key_DesReward,
DreamLandConfig_BonusHero.csv,7,奖励描述,DesReward,1
DreamLandConfig_Chat.csv,1,流水ID,Id,
DreamLandConfig_Chat.csv,2,Key_对话内容,Key_ChatString,
DreamLandConfig_Chat.csv,3,对话内容,ChatString,
DreamLandConfig_Chat.csv,4,所属NPC,NpcID,
DreamLandConfig_Chat.csv,5,解锁条件,DreamCondion,1
DreamLandConfig_Collection.csv,1,流水ID,Id,
DreamLandConfig_Collection.csv,2,藏品名,bz,
DreamLandConfig_Collection.csv,3,效果描述,EffectDes,
DreamLandConfig_Collection.csv,4,类型,Type,
DreamLandConfig_Collection.csv,5,参数,Data,
DreamLandConfig_Collection.csv,6,参数说明,DataDes,
DreamLandConfig_Collection.csv,7,道具ID,ItemID,
DreamLandConfig_Collection.csv,8,解锁奖励,Award,1
DreamLandConfig_Commodity.csv,1,流水ID,Id,
DreamLandConfig_Commodity.csv,2,所属层数,layer,
DreamLandConfig_Commodity.csv,3,商品内容,Reward,1
DreamLandConfig_Commodity.csv,4,售价,Sell,1
DreamLandConfig_Commodity.csv,5,刷新权重,Weight,1
DreamLandConfig_Commodity.csv,6,折扣概率,DiscountProbability,1
DreamLandConfig_Condition.csv,1,流水ID,Id,
DreamLandConfig_Condition.csv,2,备注,bz,
DreamLandConfig_Condition.csv,3,条件类型,Type,
DreamLandConfig_Condition.csv,4,参数,Data,
DreamLandConfig_Config.csv,1,流水ID,Id,
DreamLandConfig_Config.csv,2,描述,des,
DreamLandConfig_Config.csv,3,key,Key,
DreamLandConfig_Config.csv,4,值,value,
DreamLandConfig_Event.csv,1,流水ID,Id,
DreamLandConfig_Event.csv,2,触发时机,Timing,
DreamLandConfig_Event.csv,3,Key_事件名称,Key_EventType,
DreamLandConfig_Event.csv,4,事件名称,EventType,
DreamLandConfig_Event.csv,5,事件结果,Result,
DreamLandConfig_Event.csv,6,参数,Data,
DreamLandConfig_HurtReward.csv,1,流水ID,Id,
DreamLandConfig_HurtReward.csv,2,伤害范围,HurtRange,
DreamLandConfig_HurtReward.csv,3,伤害奖励预览,KillRewardShow,1
DreamLandConfig_HurtReward.csv,4,伤害奖励,KillReward,1
DreamLandConfig_Mission.csv,1,流水ID,id,
DreamLandConfig_Mission.csv,2,Key_关卡名称,Key_Name,
DreamLandConfig_Mission.csv,3,关卡名称,Name,
DreamLandConfig_Mission.csv,4,关卡类型(一级）,Type,
DreamLandConfig_Mission.csv,5,关卡（推荐）战力,RecommendForce,
DreamLandConfig_Mission.csv,6,危险战力,DangerForce,
DreamLandConfig_Mission.csv,7,敌人信息,EnemyInfo,
DreamLandConfig_Mission.csv,8,目标场景ID,SceneId,
DreamLandConfig_Mission.csv,9,是否需要破盾,NeedBreak,
DreamLandConfig_Mission.csv,10,奖励预览,RewardShow,1
DreamLandConfig_Mission.csv,11,奖励掉落,Loot,1
DreamLandConfig_MonsterGrowth.csv,1,流水ID,Id,
DreamLandConfig_MonsterGrowth.csv,2,等级匹配范围,LevelScope,
DreamLandConfig_MonsterGrowth.csv,3,战力匹配范围,PowerScope,
DreamLandConfig_MonsterGrowth.csv,4,血量倍率,HpUp,1
DreamLandConfig_MonsterGrowth.csv,5,攻击倍率,AtkUp,1
DreamLandConfig_MonsterGrowth.csv,6,物理防御倍率,DefUp,1
DreamLandConfig_MonsterGrowth.csv,7,魔法防御倍率,MarUp,1
DreamLandConfig_MonsterGrowth.csv,8,暴击倍率,CritUp,1
DreamLandConfig_MonsterGrowth.csv,9,抗暴倍率,CritDefUp,1
DreamLandConfig_MonsterGrowth.csv,10,暴击伤害倍率,CritPowUp,1
DreamLandConfig_MonsterGrowth.csv,11,爆伤减免倍率,BeCritDamDownUp,1
DreamLandConfig_MonsterGrowth.csv,12,均衡ID,BalancedID,
DreamLandConfig_MonsterGrowth.csv,13,战力倍率,PowerUp,1
DreamLandConfig_MonsterGrowth.csv,14,游荡者战力倍率,AttributePowerUp,1
DreamLandConfig_Npc.csv,1,流水ID,Id,
DreamLandConfig_Npc.csv,2,Key_名称,Key_Name,
DreamLandConfig_Npc.csv,3,名称,Name,
DreamLandConfig_Npc.csv,4,备战,bz,
DreamLandConfig_Npc.csv,5,Key_描述,Key_Des,
DreamLandConfig_Npc.csv,6,描述,Des,
DreamLandConfig_Npc.csv,7,层级,Layer,
DreamLandConfig_Npc.csv,8,类型,Type,
DreamLandConfig_Npc.csv,9,难度,Difficulty,
DreamLandConfig_Npc.csv,10,角色形象,Image,
DreamLandConfig_Npc.csv,11,解锁条件,DreamCondion,1
DreamLandConfig_Npc.csv,12,刷新权重,Weight,1
DreamLandConfig_Npc.csv,13,对话,Chat,
DreamLandConfig_Npc.csv,14,Key_额外选项文本,Key_AdditionalText,
DreamLandConfig_Npc.csv,15,额外选项文本,AdditionalText,
DreamLandConfig_Npc.csv,16,关卡ID,MissionID,
DreamLandConfig_Npc.csv,17,理智消耗,ReasonConsume,1
DressConfig_Avatar.csv,1,流水ID,Id,
DressConfig_Avatar.csv,2,Key_类型,Key_TypeName,
DressConfig_Avatar.csv,3,类型,TypeName,
DressConfig_Avatar.csv,4,Key_描述,Key_Describe,
DressConfig_Avatar.csv,5,描述,Describe,
DressConfig_Avatar.csv,6,Key_获得方式,Key_Way,
DressConfig_Avatar.csv,7,获得方式,Way,
DressConfig_Avatar.csv,8,头像类型,AvatarType,
DressConfig_Avatar.csv,9,头像,Avatar,
DressConfig_Avatar.csv,10,获取途径,GetWay,
DressConfig_Avatar.csv,11,解锁条件数据,ConditionTragetValue,1
DressConfig_Avatar.csv,12,显示服务器范围,ServerShow,
DressConfig_Bubble.csv,1,流水ID,Id,
DressConfig_Bubble.csv,2,Key_类型,Key_TypeName,
DressConfig_Bubble.csv,3,类型,TypeName,
DressConfig_Bubble.csv,4,Key_描述,Key_Describe,
DressConfig_Bubble.csv,5,描述,Describe,
DressConfig_Bubble.csv,6,Key_获得方式,Key_Way,
DressConfig_Bubble.csv,7,获得方式,Way,
DressConfig_Bubble.csv,8,气泡,Frame,
DressConfig_Bubble.csv,9,获取途径,GetWay,
DressConfig_Bubble.csv,10,字体颜色,TextColor,
DressConfig_Bubble.csv,11,显示服务器范围,ServerShow,
DressConfig_CardBG.csv,1,流水ID,Id,
DressConfig_CardBG.csv,2,Key_类型,Key_CardName,
DressConfig_CardBG.csv,3,类型,CardName,
DressConfig_CardBG.csv,4,Key_描述,Key_Describe,
DressConfig_CardBG.csv,5,描述,Describe,
DressConfig_CardBG.csv,6,Key_获得方式,Key_Way,
DressConfig_CardBG.csv,7,获得方式,Way,
DressConfig_CardBG.csv,8,名片,CardBG,
DressConfig_CardBG.csv,9,好友栏名片,FriendCradBG,
DressConfig_CardBG.csv,10,获取途径,GetWay,
DressConfig_CardBG.csv,11,限制关卡条件,Unlock,
DressConfig_CardBG.csv,12,显示服务器范围,ServerShow,
DressConfig_Frame.csv,1,流水ID,Id,
DressConfig_Frame.csv,2,Key_类型,Key_TypeName,
DressConfig_Frame.csv,3,类型,TypeName,
DressConfig_Frame.csv,4,Key_描述,Key_Describe,
DressConfig_Frame.csv,5,描述,Describe,
DressConfig_Frame.csv,6,Key_获得方式,Key_Way,
DressConfig_Frame.csv,7,获得方式,Way,
DressConfig_Frame.csv,8,头像框,Frame,
DressConfig_Frame.csv,9,头像框特效,FrameEffect,
DressConfig_Frame.csv,10,获取途径,GetWay,
DressConfig_Frame.csv,11,显示服务器范围,ServerShow,
DressConfig_StandShow.csv,1,流水ID,Id,
DressConfig_StandShow.csv,2,备注,Name,
DressConfig_StandShow.csv,3,角色动画,CamAnims,
DressConfig_StandShow.csv,4,播放默认动画隐藏柱子,IsHideColumn,
DressConfig_StandShow.csv,5,是否隐藏武器,IsHideWeapon,
DressConfig_Sticker.csv,1,流水ID,Id,
DressConfig_Sticker.csv,2,Key_类型,Key_StickerName,
DressConfig_Sticker.csv,3,类型,StickerName,
DressConfig_Sticker.csv,4,Key_描述,Key_Describe,
DressConfig_Sticker.csv,5,描述,Describe,
DressConfig_Sticker.csv,6,Key_获得方式,Key_Way,
DressConfig_Sticker.csv,7,获得方式,Way,
DressConfig_Sticker.csv,8,徽章贴纸,Sticker,
DressConfig_Sticker.csv,9,获取途径,GetWay,
DressConfig_Sticker.csv,10,显示服务器范围,ServerShow,
DressConfig_Title.csv,1,流水ID,Id,
DressConfig_Title.csv,2,Key_类型,Key_TitleName,
DressConfig_Title.csv,3,类型,TitleName,
DressConfig_Title.csv,4,称号类型,TitleType,
DressConfig_Title.csv,5,Key_描述,Key_Describe,
DressConfig_Title.csv,6,描述,Describe,
DressConfig_Title.csv,7,Key_获得方式,Key_Way,
DressConfig_Title.csv,8,获得方式,Way,
DressConfig_Title.csv,9,称号,Title,
DressConfig_Title.csv,10,称号特效,TitleEffect,
DressConfig_Title.csv,11,获取途径,GetWay,
DressConfig_Title.csv,12,限制关卡条件,Unlock,
DressConfig_Title.csv,13,字体颜色,TextColor,
DressConfig_Title.csv,14,显示服务器范围,ServerShow,
DressConfig_Title.csv,15,是否关联道具,IsConnectItem,
DropConfig_Base.csv,1,流水ID,Id,
DropConfig_Base.csv,2,策划备注,Name,
DropConfig_Base.csv,3,掉落列表,DropList,1
DropConfig_Base.csv,4,随机类型,Type,
DropConfig_Base.csv,5,掉落概率,Chance,1
DropConfig_Base.csv,6,道具ID,ItemId,
DropConfig_Base.csv,7,策划备注,ItemName,
DropConfig_Base.csv,8,道具数量,BaseCount,1
DropConfig_Base.csv,9,保底ID,GuaranteedID,1
DropConfig_Base.csv,10,保底次数,GuaranteedTime,1
DropNewConfig_Base.csv,1,流水ID,Id,
DropNewConfig_Base.csv,2,策划备注,Name,
DropNewConfig_Base.csv,3,掉落配置,DropList,1
DropNewConfig_Base.csv,4,随机类型,Type,
DropNewConfig_Base.csv,5,备注,Mark,
DropNewConfig_Base.csv,6,备注,Mark,
EcoMonitorConfig_Eco.csv,1,流水id,Id,
EcoMonitorConfig_Eco.csv,2,道具id,ItemId,
EcoMonitorConfig_Eco.csv,3,单次产出上限监控阈值（研发）,MaxLimit,1
EcoMonitorConfig_Eco.csv,4,备注,Desc,
EcoMonitorConfig_Times.csv,1,流水id,Id,
EcoMonitorConfig_Times.csv,2,单次产出上限监控阈值阈值倍率,Times,1
EcoMonitorConfig_Times.csv,3,备注,Desc,
EffectConfig_Base.csv,1,流水ID,Id,
EffectConfig_Base.csv,2,描述,Description,
EffectConfig_Base.csv,3,预制路径,Prefab,
EffectConfig_Base.csv,4,皮肤ID,SkinID,
EffectConfig_Base.csv,5,有对应皮肤ID时替换的特效路径,SkinReplacePrefab,
EffectConfig_Base.csv,6,播放延迟,Delay,
EffectConfig_Base.csv,7,播放时间（若填0则特效不销毁）,PlayTime,
EffectConfig_Base.csv,8,特效挂点的索引,MountPoint,
EffectConfig_Base.csv,9,特效挂点，为空的话在受击者所在位置播放,MountPointDesc,
EffectConfig_Base.csv,10,相对位置,RelativePos,
EffectConfig_Base.csv,11,偏转角度,RelativeRotation,
EffectConfig_Base.csv,12,"是否适配角色身高,目前只用于impact",FitChar,
EffectConfig_Base.csv,13,特效标准缩放,StandardScale,
EffectConfig_Base.csv,14,缓存最大数量,MaxCount,
EffectConfig_Base.csv,15,特效比较多时可以不创建,CanOptimize,
Episode_Area.csv,1,流水ID,Id,
Episode_Area.csv,2,Key_地区名称,Key_Name,
Episode_Area.csv,3,地区名称,Name,
Episode_Area.csv,4,解锁图片,UnlockPic,
Episode_Base.csv,1,流水ID,id,
Episode_Base.csv,2,Key_关卡名称,Key_Name,
Episode_Base.csv,3,关卡名称,Name,
Episode_Base.csv,4,策划备注,NOTES,
Episode_Base.csv,5,章节表流水id,ChapterId,
Episode_Base.csv,6,关卡（四级）,LocalID,
Episode_Base.csv,7,Key_关卡序号,Key_LevelName,
Episode_Base.csv,8,关卡序号,LevelName,
Episode_Base.csv,9,关卡类型,EpiType,
Episode_Base.csv,10,目标场景ID,TypeParm,
Episode_Base.csv,11,奖励预览,RewardShow,1
Episode_Base.csv,12,首通奖励loot,FirstLoot,1
Episode_Base.csv,13,普通奖励loot,Loot,1
Episode_Base.csv,14,战前剧情,PreStory,
Episode_Base.csv,15,战后剧情,EndStory,
Episode_Base.csv,16,战前AVG剧情,PreAVGStory,
Episode_Base.csv,17,战后AVG剧情,EndAVGStory,
Episode_Base.csv,18,目标场景布阵格,Setmovefield,
Episode_Base.csv,19,限制等级,UnlockLevel,
Episode_Base.csv,20,限制条件,UnlockCondition,
Episode_Base.csv,21,关卡通关限定次数,DayLimit,1
Episode_Base.csv,22,Key_描述,Key_Desc,
Episode_Base.csv,23,描述,Desc,
Episode_Base.csv,24,成功消耗体力,WinCostVIT,1
Episode_Base.csv,25,扫荡条件,SweepCondition,
Episode_Base.csv,26,敌人信息,EnemyInfo,
Episode_Base.csv,27,困难本角色id,HeroId,
Episode_Base.csv,28,是否启用自动战斗,AutoBattleOpen,1
Episode_Chapter.csv,1,流水ID,Id,
Episode_Chapter.csv,2,Key_章节名称,Key_ChapterName,
Episode_Chapter.csv,3,章节名称,ChapterName,
Episode_Chapter.csv,4,Key_章节名称,Key_ChapterNumber,
Episode_Chapter.csv,5,章节序号,ChapterNumber,
Episode_Chapter.csv,6,地图预设文件,EpisodeMap,
Episode_Chapter.csv,7,隶属建筑,AreaId,
Episode_Chapter.csv,8,隶属难度,DifficultType,
Episode_Chapter.csv,9,解锁章节,UnlockParm,
Episode_Chapter.csv,10,章节&小玩法ID,ChapterID,
Episode_Chapter.csv,11,章节图标,Icon,
Episode_Chapter.csv,12,章节图标选中,IconSelect,
Episode_Chapter.csv,13,章节背景,ChapterBg,
Episode_Chapter.csv,14,主界面章节图,MainChpaterBg,
Episode_Chapter.csv,15,Key_章节&小玩法描述,Key_Desc,
Episode_Chapter.csv,16,章节&小玩法描述,Desc,
Episode_Chapter.csv,17,阵容保存分类,TeamType,
Episode_Chapter.csv,18,章节是否显示,ShowChapter,
ErrorCodeConfig_Base.csv,1,流水ID,Id,
ErrorCodeConfig_Base.csv,2,Key_描述,Key_Content,
ErrorCodeConfig_Base.csv,3,描述,Content,
ErrorCodeConfig_Base.csv,4,程序标识,Keycode,
ErrorCodeConfig_Base.csv,5,回调,Callback,
EventConfig_Event.csv,1,ID,id,
EventConfig_Event.csv,2,备注,Des,
EventConfig_Event.csv,3,Key_事件名称,Key_Name,
EventConfig_Event.csv,4,事件名称,Name,
EventConfig_Event.csv,5,事件触发类型,Type,
EventConfig_Event.csv,6,归属事件点,Point,
EventConfig_Event.csv,7,触发前置条件,Condition,1
EventConfig_Event.csv,8,触发前置事件,PreEvent,
EventConfig_Event.csv,9,触发前置短信,PreMessage,
EventConfig_Event.csv,10,触发优先级,Priority,
EventConfig_Event.csv,11,事件类型,EventType,
EventConfig_Event.csv,12,事件图标,Icon,
EventConfig_Event.csv,13,调用关卡,MissionID,
EventConfig_Event.csv,14,调用剧情页,PageID,
EventConfig_Event.csv,15,事件奖励,Reward,1
EventConfig_Event.csv,16,起始时间,StartTime,1
EventConfig_Event.csv,17,中止时间,EndTime,
EventConfig_Event.csv,18,事件3D预制,Event3DIcon,
EventConfig_Event.csv,19,预制色值,Colour,
EventConfig_EventPoint.csv,1,ID,id,
EventConfig_EventPoint.csv,2,描述,Des,
EventConfig_EventPoint.csv,3,预制编号,PointNum,
EventConfig_EventPoint.csv,4,归属章节,Chapter,
EventConfig_EventPoint.csv,5,事件库,AdminMax,
EventConfig_PageContent.csv,1,流水ID,Id,
EventConfig_PageContent.csv,2,备注,Des,
EventConfig_PageContent.csv,3,资源路径,Resource,
EventConfig_PageContent.csv,4,Key_文本,Key_Txt,
EventConfig_PageContent.csv,5,剧情文本,Txt,
ExperienceActivity_Base.csv,1,流水ID,Id,
ExperienceActivity_Base.csv,2,对应角色,ReferCharacter,
ExperienceActivity_Base.csv,3,活动页面图素,LevelPic,
ExperienceActivity_Base.csv,4,Key_试玩活动名称,Key_LevelName,
ExperienceActivity_Base.csv,5,试玩活动名称,LevelName,
ExperienceActivity_Base.csv,6,Key_卡池开放提示,Key_OpenNotice,
ExperienceActivity_Base.csv,7,卡池开放提示,OpenNotice,1
ExperienceActivity_Base.csv,8,试玩奖励,PlayRewards,1
ExperienceActivity_Base.csv,9,关联卡池,ReferLottery,1
ExperienceActivity_Base.csv,10,Key_试玩规则简要描述,Key_RuleDes1,
ExperienceActivity_Base.csv,11,试玩规则简要描述,RuleDes1,
ExperienceActivity_Base.csv,12,Key_试玩规则详情描述,Key_RuleDes2,
ExperienceActivity_Base.csv,13,试玩规则详情描述,RuleDes2,
ExperienceActivity_Base.csv,14,Key_试玩规则详情描述标题,Key_LimitTimeTitle,
ExperienceActivity_Base.csv,15,试玩规则详情描述标题,LimitTimeTitle,
ExperienceActivity_ExperienceAttr.csv,1,流水id,Id,
ExperienceActivity_ExperienceAttr.csv,2,角色id,HeroId,
ExperienceActivity_ExperienceAttr.csv,3,等级,Lv,
ExperienceActivity_ExperienceAttr.csv,4,突破等级,WeaponLevel,
ExperienceActivity_ExperienceAttr.csv,5,技能选择,SkillChoise,
ExperienceActivity_ExperienceAttr.csv,6,技能等级,SkillLevel,
ExperienceActivity_ExperienceAttr.csv,7,觉醒等级,AwakeLv,
ExperienceActivity_ExperienceAttr.csv,8,灵感选择,EquipChoise,
ExperienceActivity_ExperienceAttr.csv,9,灵感等级,EquipLv,
ExperienceActivity_ExperienceAttr.csv,10,天赋选择,TalentChoise,
ExperienceActivity_ExperienceAttr.csv,11,其他属性补正包,AnotherNum,
FatigueEffect_Base.csv,1,流水ID,Id,
FatigueEffect_Base.csv,2,技能ID,SkillID,
FatigueEffect_Base.csv,3,技能归属,name,
FatigueEffect_Base.csv,4,Key_相性力竭描述,Key_BreakDesDes,
FatigueEffect_Base.csv,5,相性力竭描述,BreakDes,
FatigueEffect_Base.csv,6,相性力竭效果备注,BaseDes,
FatigueEffect_Base.csv,7,力竭触发效果怪物,BaseImpact,
FatigueEffect_Base.csv,8,力竭触发效果己方,BaseBreakBuff,
FatigueEffect_Base.csv,9,作用目标,BaseFilterID,
FatigueEffect_Base.csv,10,屏幕特效1,BasePrefab,
FatigueEffect_Base.csv,11,屏幕特效2,AdvancedPrefab,
FatigueEffect_Base.csv,12,结束屏幕特效,EndPrefab,
FightConfig_Base.csv,1,流水id,Id,
FightConfig_Base.csv,2,属性加成类型,Desc,
FightConfig_Base.csv,3,属性id,AttrId,
FightConfig_Base.csv,4,属性中文（策划用）,AttrDesc,
FightConfig_Base.csv,5,pve关卡对应参数,PveNum,
FightConfig_Base.csv,6,拟像斗技对应参数,PvPNum,
FightConfig_Cheat.csv,1,流水id,Id,
FightConfig_Cheat.csv,2,防作弊套数（新增）,AntiCheatid,
FightConfig_Cheat.csv,3,战力区间（新增）,FightRange,
FightConfig_Cheat.csv,4,DPS系数（新增）,DpsRatio,
FightConfig_Cheat.csv,5,备注,Note,
FightConfig_CheatNew.csv,1,流水id,Id,
FightConfig_CheatNew.csv,2,防作弊类型,AntiCheatid,
FightConfig_CheatNew.csv,3,战力区间（新增）,FightRange,
FightConfig_CheatNew.csv,4,DPS拦截系数,DpsRatio,
FightConfig_CheatNew.csv,5,DPS报警系数,DpsWarnRatio,
FightConfig_CheatNew.csv,6,备注,Note,
FightConfig_Num.csv,1,流水id,Id,
FightConfig_Num.csv,2,压制类型,Type,
FightConfig_Num.csv,3,战力取值目标,Target,
FightConfig_Num.csv,4,战力区间下限,FightRangeDown,1
FightConfig_Num.csv,5,战力区间上限,FightRangeUP,1
FightConfig_Num.csv,6,战力取值比例下限,FightRateDown,1
FightConfig_Num.csv,7,战力取值比例上限,FightRateUp,1
FightConfig_Num.csv,8,战力取值固值下限,FightNumDown,1
FightConfig_Num.csv,9,战力取值固值上限,FightNumUp,1
FightConfig_Num.csv,10,调整属性ID,ChangeAttr,
FightConfig_Num.csv,11,调整属性方式,ChangeType,
FightConfig_Num.csv,12,调整取值类型,ChangeNumType,
FightConfig_Num.csv,13,调整最大取值,Hemax,
FightConfig_Num.csv,14,调整系数,ChangeRate,
FightConfig_Num.csv,15,调整值下限,ChangeDown,1
FightConfig_Num.csv,16,调整值上限,ChangeUP,1
FightConfig_Num.csv,17,调整生效目标,ChangeTarget,
FilterConfig_Base.csv,1,流水ID,Id,
FilterConfig_Base.csv,2,关联Id,LinkId,
FilterConfig_Base.csv,3,筛选类型,Type,
FilterConfig_Base.csv,4,筛选子id,FiltersId,
FilterConfig_Base.csv,5,Key_标题,Key_Title,
FilterConfig_Base.csv,6,标题,Title,
FilterConfig_Base.csv,7,可选择数量,Quantity,
FilterConfig_Base.csv,8,权重,Weight,1
FilterConfig_Drop.csv,1,流水ID,Id,
FilterConfig_Drop.csv,2,类型,Type,
FilterConfig_Drop.csv,3,Key_标题,Key_Title,
FilterConfig_Drop.csv,4,标题,Title,
FilterConfig_Hero.csv,1,流水ID,Id,
FilterConfig_Hero.csv,2,类型,Type,
FilterConfig_Hero.csv,3,Key_标题,Key_Title,
FilterConfig_Hero.csv,4,标题,Title,
FilterConfig_Item.csv,1,流水ID,Id,
FilterConfig_Item.csv,2,类型,Type,
FilterConfig_Item.csv,3,Key_标题,Key_Title,
FilterConfig_Item.csv,4,标题,Title,
FilterConfig_Location.csv,1,流水ID,Id,
FilterConfig_Location.csv,2,Key_标题,Key_Title,
FilterConfig_Location.csv,3,描述,Desc,
FilterConfig_Location.csv,4,筛选Id,LinkId,
FloorLotteryActivity_Base.csv,1,流水ID,Id,
FloorLotteryActivity_Base.csv,2,Key_活动系统名,Key_Name,
FloorLotteryActivity_Base.csv,3,活动系统名,Name,
FloorLotteryActivity_Base.csv,4,活动开始时间,StartTime,1
FloorLotteryActivity_Base.csv,5,活动结束时间,EndTime,1
FloorLotteryActivity_Base.csv,6,抽奖消耗,Cost,1
FloorLotteryActivity_Base.csv,7,任务组（废弃）,TaskGroup,
FloorLotteryActivity_Base.csv,8,商店ID,MallID,
FloorLotteryActivity_Base.csv,9,UIPrefab,UIPrefab,
FloorLotteryActivity_Base.csv,10,ShopUI,ShopUI,
FloorLotteryActivity_Base.csv,11,TaskUI,TaskUI,1
FloorLotteryActivity_Base.csv,12,SelectRewardUI,SelectRewardUI,
FloorLotteryActivity_Base.csv,13,是否独立开启,IsOpenSeparately,
FloorLotteryActivity_Base.csv,14,顶部栏位,TopList,
FloorLotteryActivity_Base.csv,15,帮助文本id,HelpKey,
FloorLotteryActivity_Cost.csv,1,流水ID,Id,
FloorLotteryActivity_Cost.csv,2,活动ID,ActivityID,
FloorLotteryActivity_Cost.csv,3,总次数,Num,1
FloorLotteryActivity_Cost.csv,4,抽奖消耗,Cost,1
FloorLotteryActivity_FloorInfo.csv,1,流水ID,Id,
FloorLotteryActivity_FloorInfo.csv,2,活动ID,ActivityID,
FloorLotteryActivity_FloorInfo.csv,3,轮次,TURn,
FloorLotteryActivity_FloorInfo.csv,4,层数,Floor,
FloorLotteryActivity_FloorInfo.csv,5,格子ID,CellID,
FloorLotteryActivity_FloorInfo.csv,6,格子类型,CellType,
FloorLotteryActivity_FloorInfo.csv,7,格子奖励,CellReward,1
FloorLotteryActivity_FloorInfo.csv,8,格子奖励组,CellRewardGroup,1
FloorLotteryActivity_FloorInfo.csv,9,权重值,Weight,1
FloorLotteryActivity_FloorInfo.csv,10,奖励类型,RewardType,1
FloorLotteryActivity_Luckycell.csv,1,流水ID,Id,
FloorLotteryActivity_Luckycell.csv,2,活动ID,ActivityID,
FloorLotteryActivity_Luckycell.csv,3,轮次,Turn,
FloorLotteryActivity_Luckycell.csv,4,层数,Floor,
FloorLotteryActivity_Luckycell.csv,5,权重值,Weight,1
FloorLotteryActivity_Luckycell.csv,6,格子数,CellNum,
FloorLotteryActivity_Luckycell.csv,7,幸运格子数,LuckyCellNum,
FloorLotteryActivity_RewardsGroup.csv,1,流水ID,Id,
FloorLotteryActivity_RewardsGroup.csv,2,组ID,GroupID,
FloorLotteryActivity_RewardsGroup.csv,3,奖励,CellReward,1
FloorLotteryActivity_RewardsGroup.csv,4,总次数,Num,1
FloorLotteryActivity_RewardsGroup.csv,5,限制轮次,LimitTurn,
FloorLotteryActivity_TotalNum.csv,1,流水ID,Id,
FloorLotteryActivity_TotalNum.csv,2,活动ID,ActivityID,
FloorLotteryActivity_TotalNum.csv,3,轮次,Turn,
FloorLotteryActivity_TotalNum.csv,4,总次数,Num,1
FloorLotteryActivity_TotalNum.csv,5,权重值,Weight,1
ForceConfig_Force.csv,1,势力ID,Id,
ForceConfig_Force.csv,2,Key_势力名称,Key_Name,
ForceConfig_Force.csv,3,势力名称,Name,
ForceConfig_Force.csv,4,势力图标,Icon,
ForceConfig_Force.csv,5,势力大图,BigIcon,
ForceConfig_Force.csv,6,势力名称图片,Name_icon,
FormationConfig_Base.csv,1,流水ID,Id,
FormationConfig_Base.csv,2,描述,Desc,
FormationConfig_Base.csv,3,Buff格子列表,BuffCells,
FormationConfig_Base.csv,4,屏蔽交互的格子列表,BlockCells,1
FormationConfig_Base.csv,5,阻挡物点位Id,ObstaclesId,
FormationConfig_Cell.csv,1,流水ID,Id,
FormationConfig_Cell.csv,2,BuffID,ImpactId,
FormationConfig_Cell.csv,3,PartId,PartId,
FormationConfig_Cell.csv,4,布阵格提供流派层数,Bonusliupai,
FormationConfig_Cell.csv,5,Key_Buff名字,Key_BuffName,
FormationConfig_Cell.csv,6,Buff名字,BuffName,
FormationConfig_Cell.csv,7,Key_Buff描述,Key_BuffDesc,
FormationConfig_Cell.csv,8,Buff描述,BuffDesc,
FormationConfig_Cell.csv,9,图标,BuffIcon,
FormationConfig_Cell.csv,10,阵位点资源路径,ResPath,
FormationConfig_Obstacles.csv,1,流水ID,Id,
FormationConfig_Obstacles.csv,2,阻挡物点位列表,ObstaclesId,
FormationConfig_Obstacles.csv,3,无敌阻挡物点位列表,SpObstaclesId,
GameConfig_BattleArea.csv,1,赛区id,Id,
GameConfig_BattleArea.csv,2,Key_战区名,Key_Name,
GameConfig_BattleArea.csv,3,战区名,Name,
GameConfig_Born.csv,1,流水ID,Id,
GameConfig_Born.csv,2,描述,Desc,
GameConfig_Born.csv,3,等级,Level,
GameConfig_Born.csv,4,金币,Gold,
GameConfig_Born.csv,5,使徒,Character,
GameConfig_Born.csv,6,体力,Vitality,
GameConfig_Born.csv,7,初始布阵,Embattle,
GameConfig_Born.csv,8,编队数量,Troops,
GameConfig_Born.csv,9,初始携带道具,Item,
GameConfig_BuyResource.csv,1,流水ID,id,
GameConfig_BuyResource.csv,2,备注,Des,
GameConfig_BuyResource.csv,3,购买分组,ResoucrceGroup,
GameConfig_BuyResource.csv,4,消耗物品和数量,ResourceCost,1
GameConfig_BuyResource.csv,5,被兑换道具和数量,ResourceGain,1
GameConfig_BuyResource.csv,6,兑换次数,BuyTime,1
GameConfig_BuyResource.csv,7,是否显示兑换次数,IsShow,1
GameConfig_BuyResource.csv,8,是否对比率化简,IsSimple,
GameConfig_Mail.csv,1,流水ID,id,
GameConfig_Mail.csv,2,类型,Type,
GameConfig_Mail.csv,3,功能类型,FuncType,
GameConfig_Mail.csv,4,英雄ID,Parameter1,
GameConfig_Mail.csv,5,备注字段，方便策划配表,Des,
GameConfig_Mail.csv,6,Key_标题,Key_Title,
GameConfig_Mail.csv,7,标题,Title,
GameConfig_Mail.csv,8,Key_发件人,Key_MailSender,
GameConfig_Mail.csv,9,发件人,MailSender,
GameConfig_Mail.csv,10,发件人头像,SenderIcon,
GameConfig_Mail.csv,11,跳转路径,JumpPath,
GameConfig_Mail.csv,12,Key_内容,Key_Text,
GameConfig_Mail.csv,13,内容,Text,
GameConfig_Mail.csv,15,邮件附件,Reward,
GameConfig_Mail.csv,16,邮件有效期,MailValidTime,
GameConfig_Mail.csv,17,邮件开始时间,StartTime,1
GameConfig_Mail.csv,18,邮件结束时间,EndTime,1
GameConfig_Mail.csv,19,邮件循环发放类型,LoopType,
GameConfig_Mail.csv,20,邮件循环发放时间节点（每日）,DailyLoopTime,
GameConfig_Mail.csv,21,邮件超链,Url,
GameConfig_MatchZone.csv,1,赛区id,Id,
GameConfig_MatchZone.csv,2,Key_赛区名,Key_Name,
GameConfig_MatchZone.csv,3,赛区名,Name,
GameConfig_MatchZone.csv,4,战区id组,WarZoneIDList,
GameConfig_MatchZone.csv,5,巅峰对决是否开启,ArenaTopIsOpen,1
GameConfig_MergeServer.csv,1,流水ID,id,
GameConfig_MergeServer.csv,2,区服id,ZoneId,
GameConfig_MergeServer.csv,3,原分区id,OriServerId,
GameConfig_MergeServer.csv,4,新分区id,NewServerId,
GameConfig_ModuleCounter.csv,1,流水ID,id,
GameConfig_ModuleCounter.csv,2,主模块名,ModuleName,
GameConfig_ModuleCounter.csv,3,总次数限制,ModuleCounter,1
GameConfig_ModuleCounter.csv,4,子模块名,SubModuleName,
GameConfig_ModuleCounter.csv,5,子模块次数,SubModuleCounter,1
GameConfig_ModuleCounter.csv,6,刷新模式,ResetType,
GameConfig_ModuleCounter.csv,7,刷新时间参数,ResetParam,1
GameConfig_NewGroup.csv,1,流水ID,id,
GameConfig_NewGroup.csv,2,分区ID,GroupId,
GameConfig_NewGroup.csv,3,备注,Des,
GameConfig_PcKey.csv,1,流水ID,id,
GameConfig_PcKey.csv,2,Key_功能名,Key_Function,
GameConfig_PcKey.csv,3,功能名,Function,
GameConfig_PcKey.csv,4,PC对应键位,Key,
GameConfig_PveTeam.csv,1,流水ID,id,
GameConfig_PveTeam.csv,2,布阵类型,TeamType,
GameConfig_PveTeam.csv,3,策划备注名,Notes,
GameConfig_PveTeam.csv,4,布阵保存ID,PveTeamID,
GameConfig_ServerList.csv,1,服务器id,Id,
GameConfig_ServerList.csv,2,Key_服务器名,Key_Name,
GameConfig_ServerList.csv,3,服务器名,Name,
GameConfig_ServerList.csv,4,开服时间,ServerOpenTime,1
GameConfig_ServerList.csv,5,服务器序号,ServerIndex,
GameConfig_Value.csv,1,流水ID,id,
GameConfig_Value.csv,2,描述,des,
GameConfig_Value.csv,3,名称,name,
GameConfig_Value.csv,4,值,value,
GamePlayCollection_Base.csv,1,流水ID,Id,
GamePlayCollection_Base.csv,2,Key_玩法名称,Key_Name,
GamePlayCollection_Base.csv,3,玩法名称,Name,
GamePlayCollection_Base.csv,4,背景资源,Resources,
GamePlayCollection_Base.csv,5,Key_描述文本,Key_Dec,
GamePlayCollection_Base.csv,6,描述文本,Dec,
GamePlayCollection_Base.csv,7,关联系统id,SystemID,
GamePlayCollection_Base.csv,8,排序,Order,
GamePlayCollection_Base.csv,9,是否显示入口,IsShow,
GamePlayCollection_Base.csv,10,入口大小类型,ModelType,
GamePlayCollection_Base.csv,11,道具id,ItemID,
GamePlayCollection_Base.csv,12,所属页签,TabPage,
GamePlayCollection_Base.csv,13,Key_页签名称,Key_TabName,
GamePlayCollection_Base.csv,14,页签名称,TabName,
GamePlayCollection_Base.csv,15,是否开放,IsOpen,1
GamePlayCollection_Pvp.csv,1,流水ID,Id,
GamePlayCollection_Pvp.csv,2,Key_玩法名称,Key_Name,
GamePlayCollection_Pvp.csv,3,玩法名称,Name,
GamePlayCollection_Pvp.csv,4,背景资源,Resources,
GamePlayCollection_Pvp.csv,5,Key_描述文本,Key_Dec,
GamePlayCollection_Pvp.csv,6,描述文本,Dec,
GamePlayCollection_Pvp.csv,7,关联系统id,SystemID,
GamePlayCollection_Pvp.csv,8,排序,Order,
GmPlatform_Base.csv,1,流水ID,Id,
GmPlatform_Base.csv,2,指令,ScriptName,
GmPlatform_Base.csv,3,所属小类,type2,
GmPlatform_Base.csv,4,Key_显示名,Key_ShowName,
GmPlatform_Base.csv,5,显示名,ShowName,
GmPlatform_Base.csv,6,参数列表,Paras,
GmPlatform_Base.csv,7,是否需要补充参数,FixParas,
GmPlatform_Base.csv,8,Key_描述说明,Key_Desc,
GmPlatform_Base.csv,9,描述说明,Desc,
GmPlatform_Base.csv,10,Key_Tips,Key_Tips,
GmPlatform_Base.csv,11,Tips,Tips,
GmPlatform_Base.csv,12,排序,Sort,
GmPlatform_GmFreeze.csv,1,系统ID,Id,
GmPlatform_GmFreeze.csv,2,排行榜Id,RankId,
GmPlatform_GmFreeze.csv,3,策划备注,Name,
GmPlatform_GmHero.csv,1,流水ID,Id,
GmPlatform_GmHero.csv,2,参数列表,DefaultParas,
GmPlatform_GmHero.csv,3,创建道具,SetBagItem,
GmPlatform_GmHero.csv,4,创建剧作,SetInsItem,
GmPlatform_GmHero.csv,5,创建装备,SetOutfitItem,
GmPlatform_GmHero.csv,6,设置账号等级,SetRoleLv,
GmPlatform_GmHero.csv,7,设置角色,SetHero,
GmPlatform_GmHero.csv,8,设置角色等级,SetHeroLv,
GmPlatform_GmHero.csv,9,设置角色星级,SetHeroAwake,
GmPlatform_GmHero.csv,10,设置角色天性解放,SetHeroNature,
GmPlatform_GmHero.csv,11,设置角色突破,SetHeroBreach,
GmPlatform_GmHero.csv,12,设置角色剧作养成,SetHeroInspir,
GmPlatform_GmHero.csv,13,设置角色剧作星级,SetHeroInspirAwake,
GmPlatform_GmHero.csv,14,设置关卡进度,SetEpisode,
GmPlatform_GmHero.csv,15,设置角色星盘,SetHeroWeapon,
GmPlatform_GmHero.csv,16,设置至宝,SetValuable,
GmPlatform_GmHero.csv,17,设置至宝星级,SetValuableAwake,
GmPlatform_GmHero.csv,18,设置装备本关卡进度,SetOutfitMission,
GmPlatform_GmOutfit.csv,1,流水ID,Id,
GmPlatform_GmOutfit.csv,2,装备id,OutfitId,
GmPlatform_GmOutfit.csv,3,装备等级,OutfitLevel,
GmPlatform_GmOutfit.csv,4,主属性,SubMainAttribute,
GmPlatform_GmOutfit.csv,5,副属性1,SubAttribute1,
GmPlatform_GmOutfit.csv,6,副属性1强化次数,SubAttributeLevel1,1
GmPlatform_GmOutfit.csv,7,副属性2,SubAttribute2,
GmPlatform_GmOutfit.csv,8,副属性2强化次数,SubAttributeLevel2,1
GmPlatform_GmOutfit.csv,9,副属性3,SubAttribute3,
GmPlatform_GmOutfit.csv,10,副属性3强化次数,SubAttributeLevel3,1
GmPlatform_GmOutfit.csv,11,副属性4,SubAttribute4,
GmPlatform_GmOutfit.csv,12,副属性4强化次数,SubAttributeLevel4,1
GmPlatform_Type1.csv,1,流水ID,Id,
GmPlatform_Type1.csv,2,排序,Sort,
GmPlatform_Type1.csv,3,Key_显示名,Key_Name,
GmPlatform_Type1.csv,4,名称,Name,
GmPlatform_Type2.csv,1,流水ID,Id,
GmPlatform_Type2.csv,2,Key_显示名,Key_Name,
GmPlatform_Type2.csv,3,名称,Name,
GmPlatform_Type2.csv,4,货币类型,Coin,
GmPlatform_Type2.csv,5,道具类型,list,
GmPlatform_Type2.csv,6,所属大类,Type1,
GmPlatform_Type2.csv,7,排序,Sort,
GroupActivity_Activity.csv,1,流水ID,Id,
GroupActivity_Activity.csv,2,备注（策划看）,beizhu,
GroupActivity_Activity.csv,3,Key_名称,Key_Name,
GroupActivity_Activity.csv,4,名称,Name,
GroupActivity_Activity.csv,5,类型,Type,
GroupActivity_Activity.csv,6,活动开启时间,StartTime,1
GroupActivity_Activity.csv,7,活动结束时间,EndTime,1
GroupActivity_Activity.csv,8,关联玩法ID列表,TypeList,
GroupActivity_Activity.csv,9,入口预制体名称,PrefabName,
GroupActivity_Activity.csv,10,Key_小标题,Key_title,
GroupActivity_Activity.csv,11,小标题,title,
GroupActivity_Activity.csv,12,Key_锁定文本,Key_LockTips,
GroupActivity_Activity.csv,13,锁定文本,LockTips,
GroupActivity_Base.csv,1,流水ID,Id,
GroupActivity_Base.csv,2,活动代币,ItemId,
GroupActivity_Base.csv,3,活动列表,List,
GroupActivity_Base.csv,4,活动结束代币兑换道具,ExchangeItemId,1
GroupActivity_Base.csv,5,活动结束代币兑换比例,EchangeRate,1
GroupActivity_Base.csv,6,结束邮件模板,MailId,
GroupActivity_Base.csv,7,本期加成英雄,HeroId,
GroupActivity_Base.csv,8,英雄资源图,HeroPic,
GroupActivity_Base.csv,9,英雄描述文本Key,Key_Desc,
GroupActivity_Base.csv,10,英雄描述文本,Desc,
GroupActivity_Base.csv,11,好感度加成万分比,Param,
GroupActivity_Base.csv,12,切换倒计时文本显示时间参数,ShowTome,
GroupActivity_Base.csv,13,Key_活动系统名,Key_Name,
GroupActivity_Base.csv,14,活动系统名,Name,
GroupActivity_Chapter.csv,1,章节id,Id,
GroupActivity_Chapter.csv,2,章节序号,LevelList,
GroupActivity_LotteryPool.csv,1,流水ID,Id,
GroupActivity_LotteryPool.csv,2,类型,Type,
GroupActivity_LotteryPool.csv,3,奖池图标,PoolPic,1
GroupActivity_LotteryPool.csv,4,开启方式,UnlockType,
GroupActivity_LotteryPool.csv,5,参数1,Param1,
GroupActivity_LotteryPool.csv,6,参数2,Param2,
GroupActivity_LotteryPool.csv,7,奖池抽空奖励,EmptyReward,1
GroupActivity_LotteryPool.csv,8,抽空奖励数量,EmptyRewardNum,1
GroupActivity_LotteryPool.csv,9,奖池列表,RewardList,1
GroupActivity_LotteryPool.csv,10,保底次数,Num,1
GroupActivity_LotteryPool.csv,11,单抽消耗积分,Cost,1
GroupActivity_LotteryReward.csv,1,流水ID,Id,
GroupActivity_LotteryReward.csv,2,备注,beizhu,
GroupActivity_LotteryReward.csv,3,奖励物品,RewardId,1
GroupActivity_LotteryReward.csv,4,每份奖励数量,EachNum,1
GroupActivity_LotteryReward.csv,5,奖励份数,RewardNum,1
GroupActivity_LotteryReward.csv,6,奖励品质,Quality,1
GroupActivity_LotteryReward.csv,7,掉落权重,Weight,1
GroupActivity_LotteryReward.csv,8,X抽后才加入奖池,LimitNum,1
GroupActivity_MusicGame.csv,1,流水ID,Id,
GroupActivity_MusicGame.csv,2,节奏玩法关卡id,MissionId,
GroupActivity_Sevendaily.csv,1,流水ID,Id,
GroupActivity_Sevendaily.csv,2,分组ID,GroupId,
GroupActivity_Sevendaily.csv,3,Key_名称,Key_Name,
GroupActivity_Sevendaily.csv,4,名称,Name,
GroupActivity_Sevendaily.csv,5,条件参数,ConditionParameters,
GroupActivity_Sevendaily.csv,6,任务奖励,Award,1
GroupActivity_Sevendaily.csv,7,图标,Icon,
GroupActivity_ShopGoods.csv,1,流水ID,Id,
GroupActivity_ShopGoods.csv,2,商店id,ShopId,
GroupActivity_ShopGoods.csv,3,标题图,Pic,
GroupActivity_ShopGoods.csv,4,Key_标题文本,Key_Desc,
GroupActivity_ShopGoods.csv,5,标题文本,Desc,
GroupActivity_Story.csv,1,流水ID,Id,
GroupActivity_Story.csv,2,场景id,SceneId,
GroupActivity_Story.csv,3,剧情文件,StoryDoc,
GroupActivity_TaskGroup.csv,1,任务组id,Id,
GroupActivity_TaskGroup.csv,2,任务列表,TaskList,
GroupPack_Base.csv,1,唯一id,Id,
GroupPack_Base.csv,2,礼包组id,GroupId,
GroupPack_Base.csv,3,Key_名称,Key_Name,
GroupPack_Base.csv,4,名称,Name,
GroupPack_Base.csv,5,备注,Type,
GroupPack_Base.csv,6,有效期,Time,
GroupPack_Base.csv,7,触发类型,ConditionType,
GroupPack_Base.csv,8,触发条件,Condition,
GroupPack_Base.csv,9,礼包界面id,InterfaceId,
GroupPack_Base.csv,10,类型,TriggerType,
GroupPack_Base.csv,11,弹出CD,OpenCD,
GroupPack_Base.csv,12,重复刷新,Repeat,
GroupPack_Base.csv,13,排序,Rank,
GroupPack_Base.csv,14,礼包界面类型,ShowType,
GroupPack_Base.csv,15,Key_终身限购文本显示,Key_BuylimitedText,
GroupPack_Base.csv,16,终身限购文本显示,BuylimitedText,1
GroupPack_Base.csv,17,弹出时机,OpenUI,
GroupPack_Base.csv,18,自然日触发间隔,TriggerDay,
GroupPack_Base.csv,19,必须满足的触发条件,NecessaryCondition,
GroupPack_ChildPack.csv,1,流水ID,Id,
GroupPack_ChildPack.csv,2,礼包组id,GroupId,
GroupPack_ChildPack.csv,3,组内排序id,RankId,
GroupPack_ChildPack.csv,4,Key_名称,Key_Name,
GroupPack_ChildPack.csv,5,名称,Name,
GroupPack_ChildPack.csv,6,备注,Type,
GroupPack_ChildPack.csv,7,类型,Type,
GroupPack_ChildPack.csv,8,直购价格id,Price,1
GroupPack_ChildPack.csv,9,非直购价格,Cost,1
GroupPack_ChildPack.csv,10,Key_返利比,Key_Discount,
GroupPack_ChildPack.csv,11,返利比,Discount,1
GroupPack_ChildPack.csv,12,礼包内容,Rewards,
GroupPack_interface.csv,1,ID,Id,
GroupPack_interface.csv,2,立绘图,CharPic,
GroupPack_interface.csv,3,标题图,TitlePic,
GroupPack_interface.csv,4,副标题图,SeconndTitlePic,
GroupPack_interface.csv,5,Key_标题文本,Key_TitleText,
GroupPack_interface.csv,6,标题文本,TitleText,
GroupPack_interface.csv,7,跳转id,JumpId,
GroupPack_interface.csv,8,备注,beizhu,
GuideMissionConfig_Base.csv,1,教学ID,ID,
GuideMissionConfig_Base.csv,2,策划备注,DesignerNote,
GuideMissionConfig_Base.csv,3,Key_教学名称,Key_GuideName,
GuideMissionConfig_Base.csv,4,教学名称,GuideName,
GuideMissionConfig_Base.csv,5,Key_教学目标,Key_GuideAim,
GuideMissionConfig_Base.csv,6,教学目标,GuideAim,
GuideMissionConfig_Base.csv,7,目标完成次数,CompletionTimes,1
GuideMissionConfig_Base.csv,8,Key_目标意义,Key_GuideSignificance,
GuideMissionConfig_Base.csv,9,目标意义,GuideSignificance,
GuideMissionConfig_Base.csv,10,第一步子步骤,GuideStep,
GuideMissionConfig_Base.csv,11,子步骤数量,StepTimes,
GuideMissionConfig_Base.csv,12,教学图ID,NewbieID,
GuideMissionConfig_StepLibrary.csv,1,迷宫ID,ID,
GuideMissionConfig_StepLibrary.csv,2,策划备注,DesignerNote,
GuideMissionConfig_StepLibrary.csv,3,开始事件,StartEvent,
GuideMissionConfig_StepLibrary.csv,4,完成触发,FinishTrigger,
GuideMissionConfig_StepLibrary.csv,5,失败条件检测,FailTrigger,
GuideMissionConfig_StepLibrary.csv,6,下一步ID,NextID,
GuideMissionConfig_StepLibrary.csv,7,该步骤结束是否需要重置,Resetting,
GuideMissionConfig_StepLibrary.csv,8,Key_子步骤目标,Key_StepAim,
GuideMissionConfig_StepLibrary.csv,9,子步骤目标,StepAim,
GuideMissionConfig_StepLibrary.csv,10,高亮技能,GuideSkill,
GuideNew_Base.csv,1,ID,id,
GuideNew_Base.csv,2,模块ID,MoudleID,
GuideNew_Base.csv,3,步骤ID,GuideID,
GuideNew_Base.csv,4,模块含义,Notes,
GuideNew_Base.csv,5,步骤说明,NotesStep,
GuideNew_Base.csv,6,是否可跳过,IsSkip,
GuideNew_Base.csv,7,遮罩透明度,Alpha,
GuideNew_Base.csv,8,特效模式,EffectType,
GuideNew_Base.csv,9,特效缩放,EffectScale,
GuideNew_Base.csv,10,头像路径,RolePath,
GuideNew_Base.csv,11,Gal坐标,GalPosition,
GuideNew_Base.csv,12,Keygal文本内容,Key_GuideText,
GuideNew_Base.csv,13,gal文本内容,GuideText,
HardTowerConfig_Base.csv,1,流水ID,Id,
HardTowerConfig_Base.csv,2,任务列表,TargetList,
HardTowerConfig_Target.csv,1,流水ID,Id,
HardTowerConfig_Target.csv,2,任务id,QuestId,
HardTowerConfig_Target.csv,3,是否记录首次达成玩家,IsRecord,
HardTowerConfig_Target.csv,4,积分数,Num,
HeroConfig_AttrNew.csv,1,流水ID,Id,
HeroConfig_AttrNew.csv,2,角色ID,Attrid,
HeroConfig_AttrNew.csv,3,所属角色相性,Phasic,
HeroConfig_AttrNew.csv,4,血量,BaseHp,
HeroConfig_AttrNew.csv,5,攻击,BaseAtk,
HeroConfig_AttrNew.csv,6,物理防御,BaseDef,
HeroConfig_AttrNew.csv,7,魔法防御,BaseMgr,
HeroConfig_AttrNew.csv,8,基础AI,BaseAI,
HeroConfig_AttrNew.csv,9,镜像AI,MirrorAI,
HeroConfig_AttrNew.csv,10,状态机AI,StateAI,
HeroConfig_AttrNew.csv,11,重量,Weight,
HeroConfig_AttrNew.csv,12,攻击间隔,BaseAttackInterval,
HeroConfig_AttrNew.csv,13,攻击范围,AttackRange,
HeroConfig_AttrNew.csv,14,移动速度,BaseSpd,
HeroConfig_AttrNew.csv,15,可否被击退,CanHitBack,
HeroConfig_AttrNew.csv,16,可否被击飞,CanHitFly,
HeroConfig_AttrNew.csv,17,可否被抓取,CanGrab,
HeroConfig_AttrNew.csv,18,可否霸体被打断,CanArmorBreak,
HeroConfig_AttrNew.csv,19,可否被死亡击飞,CanDeadHitFly,
HeroConfig_AttrNew.csv,20,可否被吸附,CanAdsorb,
HeroConfig_AttrNew.csv,21,血条数量,LifePipe,
HeroConfig_AttrNew.csv,22,怒气,BaseRage,
HeroConfig_AttrNew.csv,23,角色能量上限,BaseEnergy,1
HeroConfig_AttrNew.csv,24,魔法攻击,BaseMag,
HeroConfig_AttrNew.csv,25,升级血量,LvHp,
HeroConfig_AttrNew.csv,26,升级物理攻击,LvAtk,
HeroConfig_AttrNew.csv,27,升级魔法攻击,LvMag,
HeroConfig_AttrNew.csv,28,升级物理防御,LvDef,
HeroConfig_AttrNew.csv,29,升级魔法防御,LvMgr,
HeroConfig_AttrNew.csv,30,暴击等级,BaseCrit,
HeroConfig_AttrNew.csv,31,升级暴击率,LvCrit,
HeroConfig_AttrNew.csv,32,暴击加成,BaseCritPow,
HeroConfig_AttrNew.csv,33,生命恢复速度,BaseHpRecov,
HeroConfig_AttrNew.csv,34,能量恢复速度,BaseEnergyRecov,
HeroConfig_AttrNew.csv,35,CD恢复速度,BaseCDRecov,
HeroConfig_AttrNew.csv,36,吸血,BaseLeechHp,
HeroConfig_AttrNew.csv,37,损血百分比获得能量,HurtGetEnergyPer,1
HeroConfig_AttrNew.csv,38,受击获得能量,HurtGetEnergy,
HeroConfig_AttrNew.csv,39,能量恢复系数,EnergyRecovLevel,
HeroConfig_AttrNew.csv,40,治疗上升,BaseTreatIntensity,
HeroConfig_AttrNew.csv,41,职业,Profession,
HeroConfig_AttrNew.csv,42,抗暴,BaseCritDef,
HeroConfig_AttrNew.csv,43,韧性,BaseTenacity,
HeroConfig_AttrNew.csv,44,回复上升,BaseRecoverHpRefix,
HeroConfig_AttrNew.csv,45,物理增伤,BasePhysicDamRefix,
HeroConfig_AttrNew.csv,46,物理减伤,BaseUnderPhysicDamRefix,
HeroConfig_AttrNew.csv,47,魔法增伤,BaseMagicDamRefix,
HeroConfig_AttrNew.csv,48,魔法减伤,BaseUnderMagicDamRefix,
HeroConfig_AttrNew.csv,49,闪避,BaseDodge,
HeroConfig_AttrNew.csv,50,命中,BaseHitRatio,
HeroConfig_AttrNew.csv,51,物理穿透,BasePhysicPenetrate,
HeroConfig_AttrNew.csv,52,法术穿透,BaseMagicPenetrate,
HeroConfig_AttrNew.csv,53,普攻伤害修正,BaseAttackDamRefix,
HeroConfig_AttrNew.csv,54,技能伤害修正,BaseSkillDamRefix,
HeroConfig_AttrNew.csv,55,奥义伤害修正,BaseCriticalArtDamRefix,
HeroConfig_AttrNew.csv,56,软打断抵抗率,SoftBreakResistance,
HeroConfig_AttrNew.csv,57,能量增益,ImprovedEnergy,
HeroConfig_AttrNew.csv,58,被杀对方回能,BaseBeKilledEnergy,
HeroConfig_AttrNew.csv,59,对峙距离,StandOffRange,
HeroConfig_AttrNew.csv,60,仇恨值,Disapproval,
HeroConfig_AttrNew.csv,61,初始奥义能量,InitialEnergy,
HeroConfig_AttrNew.csv,62,基础虚战力,BaseFight,
HeroConfig_Awake.csv,1,流水ID,ID,
HeroConfig_Awake.csv,2,角色ID,HeroID,
HeroConfig_Awake.csv,3,所属角色相性,Phasic,
HeroConfig_Awake.csv,4,觉醒OR升火分类,StarClass,
HeroConfig_Awake.csv,5,角色星级,Star,
HeroConfig_Awake.csv,6,节点类型,Stage,
HeroConfig_Awake.csv,7,角色品质,Rare,
HeroConfig_Awake.csv,8,顺序情况,Order,
HeroConfig_Awake.csv,10,辅助其他跨技能类别的显示,ShowTalent,
HeroConfig_Awake.csv,11,实际解锁的技能,UnlockTalentid,
HeroConfig_Awake.csv,12,属性加成,AddAttribute,
HeroConfig_Awake.csv,13,属性加成（乘法）,RatioAttribute,
HeroConfig_Awake.csv,14,觉醒虚战力,AwakeAbilityAdd,
HeroConfig_Awake.csv,15,全队生效的属性，开展后生效1,AddAttributeToAll,
HeroConfig_Awake.csv,16,全队生效的属性，开展后生效3,ObjectType,
HeroConfig_Awake.csv,17,全队生效的属性，开展后生效4,Param,
HeroConfig_Awake.csv,18,节点名称,Pic,
HeroConfig_Awake.csv,19,天赋图标(激活),Icon_activation,
HeroConfig_Awake.csv,20,消耗碎片数量,Cost,1
HeroConfig_Awake.csv,21,消耗通用碎片ID,CurrencyCost,1
HeroConfig_Awake.csv,22,升级血量,LvHp,
HeroConfig_Awake.csv,23,升级攻击,LvAtk,
HeroConfig_Awake.csv,24,升级物理防御,LvDef,
HeroConfig_Awake.csv,25,升级魔法防御,LvMgr,
HeroConfig_Awake.csv,26,升级虚战力,LvUpAbilityAdd,
HeroConfig_Base.csv,1,流水ID,Id,
HeroConfig_Base.csv,2,名称,Name,
HeroConfig_Base.csv,3,初始星级,BaseStar,
HeroConfig_Base.csv,4,相性,DefaultPhasic,
HeroConfig_Base.csv,5,溢出碎片转换,ExtraPiecesExchange,
HeroConfig_Base.csv,6,描述,Description,
HeroConfig_Base.csv,7,缩放比例,Scale,
HeroConfig_Base.csv,8,动作索引,ActionId,
HeroConfig_Base.csv,9,骨骼索引,BoneId,
HeroConfig_Base.csv,10,配音索引,VoiceId,
HeroConfig_Base.csv,11,对话索引,WordId,
HeroConfig_Base.csv,12,基础霸体值,BaseSuperArmor,
HeroConfig_Base.csv,13,休闲跑步速度,RunSpeed,
HeroConfig_Base.csv,14,平移速度,WalkSpeed,
HeroConfig_Base.csv,15,前移速度,ForwardSpeed,
HeroConfig_Base.csv,16,后退速度,BackSpeed,
HeroConfig_Base.csv,17,转角速度,TurnSpeed,
HeroConfig_Base.csv,18,起身时间,StandupTime,
HeroConfig_Base.csv,19,死亡回收时间,ReleaseTime,
HeroConfig_Base.csv,20,胜利动画时间,CelebrateTime,
HeroConfig_Base.csv,21,角色稀有度,DefaultStar,
HeroConfig_Base.csv,22,碰撞高度(CM),Length,
HeroConfig_Base.csv,23,腰围(CM),Radius,
HeroConfig_Base.csv,24,身高(CM),Height,
HeroConfig_Base.csv,25,质量,Mass,
HeroConfig_Base.csv,26,切换到Idle时间,Cross2StandTime,
HeroConfig_Base.csv,27,切换到跑步时间,Cross2RunTime,
HeroConfig_Base.csv,28,控制效果淡入时间,DizzyFadeTime,
HeroConfig_Base.csv,29,特写镜头位置,CaptureShot,
HeroConfig_Base.csv,30,是否展示在名册中,IsShow,
HeroConfig_Base.csv,31,是否使用角色材质,IsMatValid,
HeroConfig_Base.csv,32,品质图标ID,QualityIconId,
HeroConfig_Base.csv,33,Key_画师,Key_painter,
HeroConfig_Base.csv,34,画师,painter,
HeroConfig_Base.csv,35,Key_CV,Key_CV,
HeroConfig_Base.csv,36,CV,CV,
HeroConfig_Base.csv,37,Key_CV,Key_JpCV,
HeroConfig_Base.csv,38,日配CV,JpCV,
HeroConfig_Base.csv,39,Key_CV,Key_EnCV,
HeroConfig_Base.csv,40,英配CV,EnCV,
HeroConfig_Base.csv,41,所属势力,Force,
HeroConfig_Base.csv,42,阵位优先值,ForamtionPos,
HeroConfig_Base.csv,43,角色解锁替换武器功能,IsUnLockWeaponReplace,
HeroConfig_Base.csv,44,是否为英魂角色,IsHeroSpirit,
HeroConfig_Base.csv,45,原角色id,RelatedHeroId,
HeroConfig_Base.csv,46,节奏玩法攻击特效ID,TheaterHitFX,
HeroConfig_Base.csv,47,节奏玩法受击特效ID,TheaterBeHitFX,
HeroConfig_Base.csv,48,抖动间隔,ShakeDruation,
HeroConfig_Base.csv,49,抖动幅度,ShakeDistance,
HeroConfig_Base.csv,50,抖动间隔,ShakeFrequency,
HeroConfig_Base.csv,51,拍照镜头类型,CameraType,
HeroConfig_Base.csv,52,是否玩家正式使用角色,PlayerTrueUse,
HeroConfig_Base.csv,53,跳转wiki,WikiUrl,
HeroConfig_Base.csv,54,称号,HeroTitle,
HeroConfig_Base.csv,55,随机属性组,AttrRndID,
HeroConfig_Base.csv,56,开启星火重燃,Reignition,
HeroConfig_Base.csv,57,星火节点id,SparkID,
HeroConfig_Breach.csv,1,序号,ID,
HeroConfig_Breach.csv,2,角色ID,HeroID,
HeroConfig_Breach.csv,3,所属角色相性,Phasic,
HeroConfig_Breach.csv,4,突破小阶段,BreachLevel,
HeroConfig_Breach.csv,5,突破展示,BreachShow,
HeroConfig_Breach.csv,6,突破小点的限制等级,BreachLevelLimit,
HeroConfig_Breach.csv,7,突破大点,ImportantPointNumber,
HeroConfig_Breach.csv,8,消耗金币,CostGold,1
HeroConfig_Breach.csv,9,消耗材料,CostItem,1
HeroConfig_Breach.csv,10,角色起始等级,StartLevel,
HeroConfig_Breach.csv,11,角色等级上限,LevelLimit,1
HeroConfig_Breach.csv,12,增加属性,AddAttribute,
HeroConfig_Breach.csv,13,属性加成（乘法）,RatioAttribute,
HeroConfig_Breach.csv,14,进阶虚战力,BreachAbilityAdd,
HeroConfig_Breach.csv,15,全队生效的属性，开展后生效1,AddAttributeToAll,
HeroConfig_Breach.csv,16,全队生效的属性，开展后生效2,RatioAttributeToAll,
HeroConfig_Breach.csv,17,全队生效的属性，开展后生效3,ObjectType,
HeroConfig_Breach.csv,18,全队生效的属性，开展后生效4,Param,
HeroConfig_Breach.csv,19,突破大阶数,BreachGrade,
HeroConfig_Force.csv,1,流水ID,Id,
HeroConfig_Force.csv,2,势力名称,Name,
HeroConfig_Force.csv,3,触发技能,ForceID,
HeroConfig_Force.csv,4,生效关卡类型,MissionType,
HeroConfig_Global.csv,1,流水ID,ID,
HeroConfig_Global.csv,2,经验金币换算,ExptoCoin,
HeroConfig_Global.csv,3,1星角色碎片合成数量,ChipsFor3X,
HeroConfig_Global.csv,4,2星角色碎片合成数量,ChipsFor4X,
HeroConfig_Global.csv,5,3星角色碎片合成数量,ChipsFor5X,
HeroConfig_LevelUp.csv,1,等级,Id,
HeroConfig_LevelUp.csv,2,经验,Exp,
HeroConfig_LevelUp.csv,3,升级经验道具,ItemID,
HeroConfig_Phasic.csv,1,流水ID,Id,
HeroConfig_Phasic.csv,2,角色ID,HeroId,
HeroConfig_Phasic.csv,3,Key_名称,Key_Name,
HeroConfig_Phasic.csv,4,名称,Name,
HeroConfig_Phasic.csv,5,英文名称,EnName,
HeroConfig_Phasic.csv,6,攻击类型,AttackType,
HeroConfig_Phasic.csv,7,相性,Phasic,
HeroConfig_Phasic.csv,8,职业,Profession,
HeroConfig_Phasic.csv,9,职业标签,TagId,
HeroConfig_Phasic.csv,10,近战或远程,MeleeOrRange,
HeroConfig_Phasic.csv,11,属性id,AttrId,
HeroConfig_Phasic.csv,12,升星材料,StarUpMaterial,
HeroConfig_Phasic.csv,13,奥义技能,ExSkill,
HeroConfig_Phasic.csv,14,被动技能,PassiveSkill,
HeroConfig_Phasic.csv,15,普通攻击,AutoAttack,
HeroConfig_Phasic.csv,16,普通技能,NormalSkill,
HeroConfig_Phasic.csv,17,援护技能,SupportSkill,
HeroConfig_Phasic.csv,18,技能组,FixedSkills,
HeroConfig_Phasic.csv,19,默认皮肤,DefaultSkin,
HeroConfig_Phasic.csv,20,默认武器,DefaultWeapon,
HeroConfig_Phasic.csv,21,头像,Portrait,
HeroConfig_Phasic.csv,22,基础头像,BasePortrait,
HeroConfig_Phasic.csv,23,立绘展示,TachiePicture,
HeroConfig_Phasic.csv,24,正方形头像,SquarePortrait,
HeroConfig_Phasic.csv,25,圆形头像,CircularPortrait,
HeroConfig_Phasic.csv,26,六边形能力展示,ShowPower,
HeroConfig_Phasic.csv,27,特点tag,CharTag,
HeroConfig_Phasic.csv,28,Key_特点描述,Key_CharDes,
HeroConfig_Phasic.csv,29,特点描述,CharDes,
HeroConfig_Phasic.csv,30,灵感套装属性ID,SuitAttrId,
HeroConfig_Phasic.csv,31,抽卡立绘展示,LotteryShowPicture,
HeroConfig_Phasic.csv,32,战力修正系数,PowerCorrection,
HeroConfig_Phasic.csv,33,Key_推荐剧作词条,Key_SuitAttrDesc,
HeroConfig_Phasic.csv,34,推荐剧作词条,SuitAttrDesc,
HeroConfig_Phasic.csv,35,推荐装备套装,RecommendedOutfit,
HeroConfig_Phasic.csv,36,Key_推荐指环属性,Key_OutfitRingAttrDesc,
HeroConfig_Phasic.csv,37,推荐指环属性,OutfitRingAttrDesc,
HeroConfig_Phasic.csv,38,Key_推荐耳饰属性,Key_OutfitEarringAttrDesc,
HeroConfig_Phasic.csv,39,推荐耳饰属性,OutfitEarringAttrDesc,
HeroConfig_Phasic.csv,40,推荐属性,AttributeReconmend,
HeroConfig_Profession.csv,1,职业ID,Id,
HeroConfig_Profession.csv,2,Key_职业名称,Key_Name,
HeroConfig_Profession.csv,3,职业名称,Name,
HeroConfig_Profession.csv,4,Key_职业说明,Key_Des,
HeroConfig_Profession.csv,5,职业说明,Des,
HeroConfig_Profession.csv,6,职业图标,Icon,
HeroConfig_Profession.csv,7,职业机制,MechanicalId,
HeroConfig_Profession.csv,8,名册排序,Order,
HeroConfig_Profession.csv,9,迷宫职业图标,IconForMazeBuff,
HeroConfig_Profession.csv,10,技能组,FixedSkills,
HeroConfig_Quality.csv,1,品质序号,ID,
HeroConfig_Quality.csv,2,名册斜线资源,HeroList_pic,
HeroConfig_Quality.csv,3,无描边品质标签,QualityText_no,
HeroConfig_Quality.csv,4,有描边品质标签,QualityText,
HeroConfig_Quality.csv,5,圆形头像品质框和背景,HeroHeadFrame,
HeroConfig_Quality.csv,6,获得界面品质标签,HeroGetQuality,
HeroConfig_Quality.csv,7,获得界面品质背景,HeroGetQualityBG,
HeroConfig_Quality.csv,8,获得界面品质横线,HeroGetQualityLine,
HeroConfig_Quality.csv,9,获得界面特效,HeroGetEffect,
HeroConfig_Quality.csv,10,获得界面光圈,HeroGetLight,
HeroConfig_Quality.csv,11,获得界面品质标签-中间,HeroGetCentreQuality,
HeroConfig_Quality.csv,12,方形头像品质框和背景,HeroHeadSquareFrame,
HeroConfig_Quality.csv,13,新英雄品质图片路径,HeroQualityPicLeft,
HeroConfig_Quality.csv,14,困难本关卡品质背景,HardCopyBg,
HeroConfig_Reborn_LevelControl.csv,1,角色最大等级,Id,
HeroConfig_Reborn_LevelControl.csv,2,世界等级要求,Worldlevel,1
HeroConfig_Reborn_LevelControl.csv,3,突破阶数,BreachLevel,
HeroConfig_Reborn_TransferLevel.csv,1,旧卡牌等级,Old_level,
HeroConfig_Reborn_TransferLevel.csv,2,映射后的卡牌等级,Reborn_level,
HeroConfig_Reburn.csv,1,流水ID,Id,
HeroConfig_Reburn.csv,2,分组,Group,
HeroConfig_Reburn.csv,3,等级,Level,
HeroConfig_Reburn.csv,4,Key_名称,Key_Name,
HeroConfig_Reburn.csv,5,名称,Name,
HeroConfig_Reburn.csv,6,图标,Icon,
HeroConfig_Reburn.csv,7,颜色,Color,
HeroConfig_Reburn.csv,8,属性加成,AddAttribute,
HeroConfig_Reburn.csv,9,升级条件阶数,StageCondition,
HeroConfig_Reburn.csv,10,升级消耗,consume,1
HeroConfig_Reburn_Quality.csv,1,品质序号,ID,
HeroConfig_Reburn_Quality.csv,2,名册斜线资源,HeroList_pic,
HeroConfig_Reburn_Quality.csv,3,无描边品质标签,QualityText_no,
HeroConfig_Reburn_Quality.csv,4,有描边品质标签,QualityText,
HeroConfig_Reburn_Quality.csv,5,圆形头像品质框和背景,HeroHeadFrame,
HeroConfig_Reburn_Quality.csv,6,获得界面品质标签,HeroGetQuality,
HeroConfig_Reburn_Quality.csv,7,获得界面品质背景,HeroGetQualityBG,
HeroConfig_Reburn_Quality.csv,8,获得界面品质横线,HeroGetQualityLine,
HeroConfig_Reburn_Quality.csv,9,获得界面特效,HeroGetEffect,
HeroConfig_Reburn_Quality.csv,10,获得界面光圈,HeroGetLight,
HeroConfig_Reburn_Quality.csv,11,获得界面品质标签-中间,HeroGetCentreQuality,
HeroConfig_Reburn_Quality.csv,12,方形头像品质框和背景,HeroHeadSquareFrame,
HeroConfig_Reburn_Quality.csv,13,新英雄品质图片路径,HeroQualityPicLeft,
HeroConfig_Reburn_Quality.csv,14,困难本关卡品质背景,HardCopyBg,
HeroConfig_ReburnAwake.csv,1,流水ID,ID,
HeroConfig_ReburnAwake.csv,2,角色ID,HeroID,
HeroConfig_ReburnAwake.csv,3,所属角色相性,Phasic,
HeroConfig_ReburnAwake.csv,4,觉醒OR升火分类,StarClass,
HeroConfig_ReburnAwake.csv,5,角色燃数,Star,
HeroConfig_ReburnAwake.csv,6,角色品质,Rare,
HeroConfig_ReburnAwake.csv,7,顺序情况,Order,
HeroConfig_ReburnAwake.csv,9,辅助其他跨技能类别的显示,ShowTalent,
HeroConfig_ReburnAwake.csv,10,解锁技能,UnlockSkillid,
HeroConfig_ReburnAwake.csv,11,解锁天赋,UnlockTalentid,
HeroConfig_ReburnAwake.csv,12,属性加成,AddAttribute,
HeroConfig_ReburnAwake.csv,13,觉醒虚战力,AwakeAbilityAdd,
HeroConfig_ReburnAwake.csv,14,天赋图标(激活),Icon_activation,
HeroConfig_ReburnAwake.csv,15,消耗碎片数量,Cost,1
HeroConfig_ReburnAwake.csv,16,升级血量,LvHp,
HeroConfig_ReburnAwake.csv,17,升级攻击,LvAtk,
HeroConfig_ReburnAwake.csv,18,升级物理防御,LvDef,
HeroConfig_ReburnAwake.csv,19,升级魔法防御,LvMgr,
HeroConfig_ReburnAwake.csv,20,升级虚战力,LvUpAbilityAdd,
HeroConfig_ReburnAwake.csv,21,升级条件,StageCondition,
HeroConfig_ReburnStage.csv,1,流水ID,Id,
HeroConfig_ReburnStage.csv,2,角色,HeroId,
HeroConfig_ReburnStage.csv,3,阶数,Stage,
HeroConfig_ReburnStage.csv,4,Key_名称,Key_Name,
HeroConfig_ReburnStage.csv,5,名称,Name,
HeroConfig_ReburnStage.csv,6,图标,Icon,
HeroConfig_ReburnStage.csv,7,升阶条件,LevelCondition,
HeroConfig_ReburnStage.csv,8,辅助其他跨技能类别的显示,ShowTalent,
HeroConfig_ReburnStage.csv,9,解锁技能,UnlockSkillid,
HeroConfig_ReburnStage.csv,10,解锁天赋,UnlockTalentid,
HeroConfig_ReburnStage.csv,11,Key_效果描述,Key_Des,
HeroConfig_ReburnStage.csv,12,效果描述,Des,
HeroConfig_ReburnStage.csv,13,觉醒虚战力,AwakeAbilityAdd,
HeroConfig_ReburnStage.csv,14,升阶条件燃数,ReburnCondition,
HeroConfig_ReburnStage.csv,15,属性加成,AddAttribute,
HeroConfig_ReburnStage.csv,16,升级消耗,consume,1
HeroConfig_Skill_LevelUp.csv,1,流水ID,Id,
HeroConfig_Skill_LevelUp.csv,2,技能类型,SkillType,
HeroConfig_Skill_LevelUp.csv,3,职业,Profession,
HeroConfig_Skill_LevelUp.csv,4,技能等级,Skill_Level,
HeroConfig_Skill_LevelUp.csv,5,升星道具id,ItemID,
HeroConfig_Skill_LevelUp.csv,6,升星道具数量,ItemCount,1
HeroConfig_Skill_LevelUp.csv,7,觉醒OR升火分类,StarClass,
HeroConfig_Skill_LevelUp.csv,8,解锁星级,Star,
HeroConfig_Skill_LevelUp_Description.csv,1,流水ID,Id,
HeroConfig_Skill_LevelUp_Description.csv,2,等级,Level,
HeroConfig_Skill_LevelUp_Description.csv,3,技能id,UnlockSkillId,
HeroConfig_Skill_LevelUp_Description.csv,4,Key_突破技能详细描述,Key_SkillFullDesc,
HeroConfig_Skill_LevelUp_Description.csv,5,突破技能详细描述,SkillFullDesc,
HeroConfig_Skill_LevelUp_Description.csv,6,突破技能虚战力,BreachSkillAbilityAdd,
HeroConfig_SkillCardSkin.csv,1,流水ID,Id,
HeroConfig_SkillCardSkin.csv,2,皮肤序号,SkinId,
HeroConfig_SkillCardSkin.csv,3,角色id,HeroId,
HeroConfig_SkillCardSkin.csv,4,技能类型,SkillType,
HeroConfig_SkillCardSkin.csv,5,卡牌资源路径,Pic,
HeroConfig_SkillCardSkin.csv,6,奥义闪现立绘,ExPic,
HeroConfig_SkillCardSkin.csv,7,源技能ID,SkillId,
HeroConfig_Skin.csv,1,流水ID,Id,
HeroConfig_Skin.csv,2,Key_名称,Key_Name,
HeroConfig_Skin.csv,3,名称,Name,
HeroConfig_Skin.csv,4,名称（备注）,Beizhu,
HeroConfig_Skin.csv,5,角色归属,OwnerName,
HeroConfig_Skin.csv,6,皮肤系列,SkinSeries,
HeroConfig_Skin.csv,7,是否显示在商城,ShowOrNot,
HeroConfig_Skin.csv,8,所属角色ID,OwnerId,
HeroConfig_Skin.csv,9,所属角色相性,Phasic,
HeroConfig_Skin.csv,10,皮肤序号,SkinSeq,
HeroConfig_Skin.csv,11,关联武器套装,Reqweapon,
HeroConfig_Skin.csv,12,Key_描述,Key_Description,
HeroConfig_Skin.csv,13,描述,Description,
HeroConfig_Skin.csv,14,残影低模,ShadowModel,
HeroConfig_Skin.csv,15,战斗低模,BattleModel,
HeroConfig_Skin.csv,16,战斗颜艺高模,ActModel,
HeroConfig_Skin.csv,17,展示模型,ShowModel,
HeroConfig_Skin.csv,18,竞技场模型,ArenaModel,
HeroConfig_Skin.csv,19,隐藏模型部分,HidePartofShowModel,
HeroConfig_Skin.csv,20,模型商店展示位置,RelativePos,
HeroConfig_Skin.csv,21,模型商店旋转角度,RelativeRot,
HeroConfig_Skin.csv,22,剧情模型,StoryModel,
HeroConfig_Skin.csv,23,看板娘展示模型,PosterModel,
HeroConfig_Skin.csv,24,获得途径,CostType,
HeroConfig_Skin.csv,25,图标,Icon,
HeroConfig_Skin.csv,26,皮肤立绘,SkinPic,
HeroConfig_Skin.csv,27,立绘图标,DrawPic,
HeroConfig_Skin.csv,28,新版PhantomUI英雄列表,PhantomHeroListPic,
HeroConfig_Skin.csv,29,狭间梦境图标,DreamLandPic,
HeroConfig_Skin.csv,30,节奏玩法使用预制,RhythmPrefebs,
HeroConfig_Skin.csv,31,节奏玩法使用武器预制,RhythmWeaponsPrefebs,
HeroConfig_Skin.csv,32,是否更换技能卡牌,IsChangeSkillCard,
HeroConfig_Skin.csv,33,是否展示立绘,IsShowPic,
HeroConfig_Skin.csv,34,Key_画师,Key_painter,
HeroConfig_Skin.csv,35,画师,painter,
HeroConfig_Skin.csv,36,所属Item,ItemId,
HeroConfig_Skin.csv,37,看板娘立绘,PosterPicture,
HeroConfig_Skin.csv,38,个人详情展示位置,PlayerDetailsPos,
HeroConfig_Skin.csv,39,个人详情旋转角度,PlayerDetailsRot,
HeroShow_Base.csv,1,流水ID,Id,
HeroShow_Base.csv,2,名称,Name,
HeroShow_Base.csv,3,角色ID,HeroID,
HeroShow_Base.csv,4,皮肤序号,SkinSeq,
HeroShow_Base.csv,5,页签类型,TabType,
HeroShow_Base.csv,6,像机位置,RelativePos,
HeroShow_Base.csv,7,相机角度,ShadowRot,
HeroShow_Base.csv,8,相机视距,ShadowField,
HeroShow_Base.csv,9,角色动画,CamAnim,
HeroShow_Base.csv,10,灯光动画,LightAnim,
HeroShow_Base.csv,11,角色位置,HeroPos,
HeroShow_Base.csv,12,角色旋转角度,HeroRotateAngle,
HeroShow_Base.csv,13,角色武器溶解特效,WeaponDissolution,
HeroShow_Base.csv,14,FOV,FleldOfView,
HeroShow_Base.csv,15,FOV2,SensorSize,
HeroShow_Base.csv,16,FOV3,LensShift,
HeroShow_Base.csv,17,觉醒界面专用头发重力,HeadGravity,
HeroShow_Base.csv,18,觉醒界面头旋转偏移,HeadOffset,
HeroShow_Base.csv,19,关闭注视和动态骨骼组件,SkeletonSwitch,
HeroShow_Timeline.csv,1,流水ID,Id,
HeroShow_Timeline.csv,2,角色ID,heroid,
HeroShow_Timeline.csv,3,皮肤id,SkinId,
HeroShow_Timeline.csv,4,时间轴,TimeLine,
HolidayActivity_Base.csv,1,流水ID,Id,
HolidayActivity_Base.csv,2,Key_活动系统名,Key_Name,
HolidayActivity_Base.csv,3,活动系统名,Name,
HolidayActivity_Base.csv,4,活动积分道具id,PointItem,
HolidayActivity_Base.csv,5,奖励补发邮件id,MailId,1
HolidayActivity_DailyBox.csv,1,流水ID,Id,
HolidayActivity_DailyBox.csv,2,所属活动id,ActivityId,
HolidayActivity_DailyBox.csv,3,Key_宝箱名,Key_BoxName,
HolidayActivity_DailyBox.csv,4,宝箱名,BoxName,
HolidayActivity_DailyBox.csv,5,宝箱奖励,Rewards,1
HolidayActivity_DailyBox.csv,6,升级至该档位所需积分值,PointNum,
HolidayActivity_DailyBox.csv,7,图标,Icon,
HotRecommend_Base.csv,1,标签ID,Id,
HotRecommend_Base.csv,2,职业ID,ProfessionId,
HotRecommend_Base.csv,3,Key_标签名,Key_Tag,
HotRecommend_Base.csv,4,标签名,Tag,
HotRecommend_HeroHotDefault.csv,1,角色id,Id,
HotRecommend_HeroHotDefault.csv,2,角色热度值,HotNum,
HotRecommend_HeroHotDefault.csv,3,默认标签,TagId,
HotRecommend_HeroHotDefault.csv,4,角色名,TypeName,
HotRecommend_HeroRatio.csv,1,角色ID,Id,
HotRecommend_HeroRatio.csv,2,该角色热度调控系数,HeroSpecialRadio,
HotRecommend_HeroRatio.csv,3,角色名,TypeName,
HotRecommend_OfficalRecommend.csv,1,排名ID,Id,
HotRecommend_OfficalRecommend.csv,2,排序id,RankId,
HotRecommend_OfficalRecommend.csv,3,阵容所含角色,TeamHero,
HotRecommend_OfficalRecommend.csv,4,Key_阵容标题,Key_Title,
HotRecommend_OfficalRecommend.csv,5,阵容标题,Title,
HotRecommend_OfficalRecommend.csv,6,Key_阵容描述,Key_Discriptio,
HotRecommend_OfficalRecommend.csv,7,阵容描述,Discription,
HotRecommend_OfficalRecommend.csv,8,奖励,Reward,1
HotRecommend_PlayRatio.csv,1,玩法ID,Id,
HotRecommend_PlayRatio.csv,2,该玩法角色热度系数,HotDegreeRadio,
HotRecommend_PlayRatio.csv,3,该玩法阵容推荐热度系数,TeamRecommendRadio,
HotRecommend_TeamRecommendDefault.csv,1,排名ID,Id,
HotRecommend_TeamRecommendDefault.csv,2,玩法typeid,PlayType,
HotRecommend_TeamRecommendDefault.csv,3,阵容所含角色,TeamHero,
HotRecommend_TeamRecommendDefault.csv,4,热度值,HotNum,
HotRecommend_TeamRecommendDefault.csv,5,玩法子typeid,PlayChildType,
HotRecommend_TeamRecommendList.csv,1,ID,Id,
HotRecommend_TeamRecommendList.csv,2,玩法typeid,PlayType,
HotRecommend_TeamRecommendList.csv,3,玩法名-多语言,Key_TypeName,
HotRecommend_TeamRecommendList.csv,4,玩法名,TypeName,
HotRecommend_TeamRecommendList.csv,5,玩法子typeid,PlayChildType,
HotRecommend_UpRecommend.csv,1,排名ID,Id,
HotRecommend_UpRecommend.csv,2,所属角色id,HeroId,
HotRecommend_UpRecommend.csv,3,排序id,RankId,
HotRecommend_UpRecommend.csv,4,阵容所含角色,TeamHero,
HotRecommend_UpRecommend.csv,5,Key_阵容标题,Key_Title,
HotRecommend_UpRecommend.csv,6,阵容标题,Title,
HotRecommend_UpRecommend.csv,7,Key_阵容描述,Key_Discriptio,
HotRecommend_UpRecommend.csv,8,阵容描述,Discription,
HotRecommend_UpRecommend.csv,9,初始点赞数值,DefaultLikeNum,
IconDisplay_AttributeDisplay.csv,1,属性id,Id,
IconDisplay_AttributeDisplay.csv,2,Key_显示文字,Key_description,
IconDisplay_AttributeDisplay.csv,3,显示文字,description,
IconDisplay_AttributeDisplay.csv,4,备注,Notes,
IconDisplay_LogicDisplay.csv,1,属性id,Id,
IconDisplay_LogicDisplay.csv,2,Key_显示文字,Key_description,
IconDisplay_LogicDisplay.csv,3,显示文字,description,
IconDisplay_LogicDisplay.csv,4,涉及参数,Param0,
IconDisplay_LogicDisplay.csv,5,是否百分比,IsPercentage,1
IconDisplay_SpecialDisplay.csv,1,Impactid,Id,
IconDisplay_SpecialDisplay.csv,2,Key_显示文字,Key_description,
IconDisplay_SpecialDisplay.csv,3,显示文字,description,
ImpactConfig_Base.csv,1,流水id,Id,
ImpactConfig_Base.csv,2,注释,des,
ImpactConfig_Base.csv,3,autoBVT,Description,
ImpactConfig_Base.csv,4,Key_飘字描述,Key_FloatDes,
ImpactConfig_Base.csv,5,飘字描述,FloatDes,
ImpactConfig_Base.csv,6,Key_移除时飘字描述,Key_RemoveFloatDes,
ImpactConfig_Base.csv,7,移除时飘字描述,RemoveFloatDes,
ImpactConfig_Base.csv,8,飘字类型,FloatDesType,
ImpactConfig_Base.csv,9,Impact施加对象,ImpactAddTarget,
ImpactConfig_Base.csv,10,逻辑类型,LogicType,
ImpactConfig_Base.csv,11,关联逻辑ID,LinkID,
ImpactConfig_Base.csv,12,源效果ID,SourceID,
ImpactConfig_Base.csv,13,道具增产id,IncreaseingPro,
ImpactConfig_Base.csv,14,目标类型,ImpactTarget,
ImpactConfig_Base.csv,15,叠加类型,ImpactMergeType,
ImpactConfig_Base.csv,16,目标过滤,TargetFilter,
ImpactConfig_Base.csv,17,效果类型,ImpactType,
ImpactConfig_Base.csv,18,持续时间,ImpactTime,1
ImpactConfig_Base.csv,19,时停时是否暂停效果时间,PauseDuringLinktime,
ImpactConfig_Base.csv,20,图标类型,IconType,
ImpactConfig_Base.csv,21,效果图标,Icon,
ImpactConfig_Base.csv,22,特效ID,EfxId,
ImpactConfig_Base.csv,23,音效ID,SfxId,
ImpactConfig_Base.csv,24,消散音效ID,StopSfxId,
ImpactConfig_Base.csv,25,Buff类型,BuffType,
ImpactConfig_Base.csv,26,Buff等级,BuffLevel,
ImpactConfig_Base.csv,27,驱散Buff类型,BuffGroup,
ImpactConfig_Base.csv,28,附加参数,ParamNum,
ImpactConfig_Base.csv,29,参数1,ParamDesc0,
ImpactConfig_Base.csv,30,参数1值,Param0,
ImpactConfig_Base.csv,31,参数2,ParamDesc1,
ImpactConfig_Base.csv,32,参数2值,Param1,
ImpactConfig_Base.csv,33,参数3,ParamDesc2,
ImpactConfig_Base.csv,34,参数3值,Param2,
ImpactConfig_Base.csv,35,参数4,ParamDesc3,
ImpactConfig_Base.csv,36,参数4值,Param3,
ImpactConfig_Base.csv,37,参数5,ParamDesc4,
ImpactConfig_Base.csv,38,参数5值,Param4,
ImpactConfig_Base.csv,39,最大层数,MaxDepth,
ImpactConfig_Base.csv,40,0层时删除自身,DispelSelfWhenEmptyStack,
ImpactConfig_Bleed.csv,1,流水ID,Id,
ImpactConfig_Bleed.csv,2,描述,Desc,
ImpactConfig_Bleed.csv,3,计算方式,OperateType,
ImpactConfig_Bleed.csv,4,步长,Step,
ImpactConfig_Bleed.csv,5,出血间隔,CD,
ImpactConfig_Buff.csv,1,流水ID,Id,
ImpactConfig_Buff.csv,2,名称,Name,
ImpactConfig_Buff.csv,3,描述,Desc,
ImpactConfig_Buff.csv,4,类型,Type,
ImpactConfig_Buff.csv,5,附加属性,AddProperty,
ImpactConfig_Buff.csv,6,附加属性步长,AddPropertyStep,
ImpactConfig_Buff.csv,7,属性转换（x1000）,PropertyConvert,
ImpactConfig_Buff.csv,8,初始层,DefaultDepth,
ImpactConfig_Buff.csv,9,动态初始层,DynamicDepth,
ImpactConfig_Buff.csv,10,最大层数,MaxDepth,
ImpactConfig_Buff.csv,11,触发概率,TriggerRatio,1
ImpactConfig_Buff.csv,12,触发CD,TriggerCD,
ImpactConfig_Buff.csv,13,层效果持续时间,Duration,1
ImpactConfig_Buff.csv,14,持续时间否独立计算,IsIndependent,1
ImpactConfig_Buff.csv,15,效果特效,EffectId,
ImpactConfig_Buff.csv,16,触发特效,TriggerEfx,
ImpactConfig_Buff.csv,17,消散特效,StopEfx,
ImpactConfig_Buff.csv,18,触发音效,TriggerSfx,
ImpactConfig_Buff.csv,19,消散音效,StopSfx,
ImpactConfig_Buff.csv,20,满层是否重复触发,IsMaxDepthRepeatTrigger,
ImpactConfig_Buff.csv,21,0层是否显示图标,IsZeroDepthShowIcon,
ImpactConfig_Buff.csv,22,触发效果,TriggerImpact,
ImpactConfig_Buff.csv,23,触发技能,TriggerSkill,
ImpactConfig_Buff.csv,24,加层条件,AddDepthConds,
ImpactConfig_Buff.csv,25,减层条件,SubDepthConds,
ImpactConfig_Buff.csv,26,重置条件,ResetDepthConds,
ImpactConfig_Buff.csv,27,自定义层数条件类型,CustomDepthCondsType,
ImpactConfig_Buff.csv,28,自定义层数条件,CustomDepthConds,
ImpactConfig_Condition.csv,1,流水ID,Id,
ImpactConfig_Condition.csv,2,逻辑ID,LogicId,
ImpactConfig_Condition.csv,3,延迟,Desc,
ImpactConfig_Condition.csv,4,附加参数,ParamNum,
ImpactConfig_Condition.csv,5,参数1,Param0,
ImpactConfig_Condition.csv,6,参数2,Param1,
ImpactConfig_Condition.csv,7,参数3,Param2,
ImpactConfig_Convert.csv,1,流水ID,Id,
ImpactConfig_Convert.csv,2,逻辑ID,LogicId,
ImpactConfig_Convert.csv,3,注释,Desc,
ImpactConfig_Convert.csv,4,参数数量,ParamNum,
ImpactConfig_Convert.csv,5,参数0,Param0,
ImpactConfig_Convert.csv,6,参数1,Param1,
ImpactConfig_Convert.csv,7,参数2,Param2,
ImpactConfig_Convert.csv,8,参数3,Param3,
ImpactConfig_Convert.csv,9,参数4,Param4,
ImpactConfig_Convert.csv,10,参数5,Param5,
ImpactConfig_Convert.csv,11,参数6,Param6,
ImpactConfig_Convert.csv,12,参数7,Param7,
ImpactConfig_Convert.csv,13,参数列表,ParamList,
ImpactConfig_ExtraDamage.csv,1,流水ID,Id,
ImpactConfig_ExtraDamage.csv,2,描述,Desc,
ImpactConfig_ExtraDamage.csv,3,计算方式,OperateType,
ImpactConfig_ExtraDamage.csv,4,是否魔法,IsMagic,
ImpactConfig_ExtraDamage.csv,5,可触发的技能类型,TargetSkillCategory,
ImpactConfig_ExtraDamage.csv,6,生效条件,ExtraDamageConds,
ImpactConfig_ExtraDamage.csv,7,是否攻击,IsAttack,
ImpactConfig_ExtraDamage.csv,8,伤害来源,DamageSource,
ImpactConfig_Part.csv,1,流水Id,Id,
ImpactConfig_Part.csv,2,注释,des,
ImpactConfig_Part.csv,3,添加时机是否跟他人有关,OthersOrMyself,
ImpactConfig_Part.csv,4,添加时机,Opportunity,
ImpactConfig_Part.csv,5,目标类型,Target,
ImpactConfig_Part.csv,6,目标选取条件,TargetConds,
ImpactConfig_Part.csv,7,part添加条件,ImpactConds,
ImpactConfig_Part.csv,8,消耗时机,Depletion,1
ImpactConfig_Part.csv,9,生效次数,Times,1
ImpactConfig_Part.csv,10,base表里的id,ImpactId,
ImpactConfig_Part.csv,11,skill表里的id,SkillId,
ImpactConfig_Part.csv,12,skill作用目标,SkillTarget,
ImpactConfig_Part.csv,13,skill是否继承等级,SkillInherit,
ImpactConfig_Part.csv,14,被替代的partid,PartId,
ImpactConfig_Part.csv,15,buff表里的id,BuffId,
ImpactConfig_Part.csv,16,part表里的id,PartId2,
ImpactConfig_Recover.csv,1,流水ID,Id,
ImpactConfig_Recover.csv,2,描述,Desc,
ImpactConfig_Recover.csv,3,恢复类型,Type,
ImpactConfig_Recover.csv,4,计算方式,OperateType,
ImpactConfig_Recover.csv,5,步长,Step,
ImpactConfig_Recover.csv,6,恢复间隔,CD,
ImpactConfig_Recover.csv,7,文字提示,TextId,
ImpactConfig_Recover.csv,8,显示恢复提示,ShowHint,
ImpactConfig_Shield.csv,1,流水ID,Id,
ImpactConfig_Shield.csv,2,描述,Desc,
ImpactConfig_Shield.csv,3,护盾类型,Type,
ImpactConfig_Shield.csv,4,护盾阻挡伤害类型,AntiDamageType,
ImpactConfig_Shield.csv,5,计算方式,OperateType,
ImpactConfig_Shield.csv,6,步长,Step,
ImpactConfig_Shield.csv,7,护盾值上限,UpperLimit,1
ImpactConfig_Shield.csv,8,护盾CD,CD,
ImpactConfig_Shield.csv,9,触发减伤时减免千分比,ReducePercent,
ImpactConfig_Shield.csv,10,伤害减免次数,Count,1
ImpactConfig_Shield.csv,11,消散特效ID,StopEffectId,
ImpactConfig_Shield.csv,12,消散音效ID,StopSoundId,
ImpactConfig_Shield.csv,13,触发Buff,TriggerBuff,
ImpactConfig_Shield.csv,14,触发技能,TriggerSkill,
ImpactConfig_Shield.csv,15,结束触发Buff,EndTriggerBuff,
ImpactConfig_Shield.csv,16,结束触发技能,EndTriggerSkill,
ImpactConfig_Shield.csv,17,结束删除Impact,EndRemoveImpact,
ImpactConfig_Strike.csv,1,流水ID,Id,
ImpactConfig_Strike.csv,2,描述,Description,
ImpactConfig_Strike.csv,3,表现ID,ViewId,
ImpactConfig_Strike.csv,4,浮空状态下不能触发击飞,FloatCantBeHitFly,
ImpactConfig_Strike.csv,5,是否应用受击抖动,bApplyHitShake,
ImpactConfig_Strike.csv,6,是否触发碰撞伤害,IsTriggerCollisionInjury,
ImpactConfig_Strike.csv,7,持续时间,Duration,1
ImpactConfig_Strike.csv,8,是否强行打断霸体,BreakSuperArmor,
ImpactConfig_Strike.csv,9,破霸值,BreakArmor,
ImpactConfig_Strike.csv,10,定帧时间,StiffTime,
ImpactConfig_Strike.csv,11,定帧效果生效目标,StiffTimeTarget,
ImpactConfig_Strike.csv,12,是否应用受击闪白,bApplyHitFlash,
ImpactConfig_Strike.csv,13,动画类型,AnimationType,
ImpactConfig_Strike.csv,14,移动方向,MoveMode,
ImpactConfig_Strike.csv,15,移动曲线,CurveMove,
ImpactConfig_Strike.csv,16,备选移动曲线,OptionalCurve,
ImpactConfig_Strike.csv,17,倒地时间,OnGroundTime,
ImpactConfig_Strike.csv,18,特效ID,EfxId,
ImpactConfig_Strike.csv,19,音效ID,SfxId,
ImpactConfig_Strike.csv,20,伤害类型,DamageType,
ImpactConfig_Strike.csv,21,伤害生效次数,DamageCount,1
ImpactConfig_Strike.csv,22,比例伤害,DamageRatio,
ImpactConfig_Strike.csv,23,固定伤害,DamageFixed,
ImpactConfig_Strike.csv,24,独立伤害,DamageIndependent,
ImpactConfig_Strike.csv,25,计算类型,OperateType,
ImpactConfig_Strike.csv,26,攻击能量收益,ATKGetEnergy,
ImpactConfig_Strike.csv,27,攻击削减护甲,ATKTakeArmor,
ImpactConfig_Strike.csv,28,伤害削减护甲系数,DamageTakeArmorRatio,
ImpactConfig_Strike.csv,29,死亡击飞曲线ID,DeathHitFlyCurveID,
ImpactConfig_Strike.csv,30,死亡击飞曲线ID,validfordeadunit,
ImpactConfig_Strike.csv,31,目标力竭值扣除万分比系数,ArmorDeductRatio,
ImpactConfig_Strike.csv,32,伤害是否仅对目标,CastTarget,
ImpactConfig_Strike.csv,33,伤害中心点位置,DamageTargetPos,
ImpactConfig_Strike.csv,34,伤害中心点位置X偏移,DamageTargetPosOffsetX,
ImpactConfig_Strike.csv,35,伤害中心点位置Y偏移,DamageTargetPosOffsetY,
ImpactConfig_Strike.csv,36,伤害中心点位置Z偏移,DamageTargetPosOffsetZ,
ImpactConfig_Strike.csv,37,伤害形状,DamageAreaType,
ImpactConfig_Strike.csv,38,长/半径,LengthRadius,
ImpactConfig_Strike.csv,39,宽,Width,
ImpactConfig_TempBuffCond.csv,1,流水ID,Id,
ImpactConfig_TempBuffCond.csv,2,主要类型,PrimaryType,
ImpactConfig_TempBuffCond.csv,3,描述,Desc,
ImpactConfig_TempBuffCond.csv,4,附加参数个数,ParamNum,
ImpactConfig_TempBuffCond.csv,5,参数1,Param0,
ImpactConfig_TempBuffCond.csv,6,参数2,Param1,
ImpactConfig_TempBuffCond.csv,7,参数3,Param2,
ImpactConfig_TempBuffCond.csv,8,参数4,Param3,
ImpactConfig_TempBuffCond.csv,9,参数列表,ParamList,
IncreasingProductivity_Reward.csv,1,流水ID,Id,
IncreasingProductivity_Reward.csv,2,被加成道具ID,AddItem,
IncreasingProductivity_Reward.csv,3,加成类型（同类相加，不同类叠乘）,AddType,
IncreasingProductivity_Reward.csv,4,策划备注,Des,
IncreasingProductivity_Reward.csv,5,加成比例,Award,
InspirationConfig_Base.csv,1,流水ID,Id,
InspirationConfig_Base.csv,2,Key_名称,Key_Name,
InspirationConfig_Base.csv,3,名称,Name,
InspirationConfig_Base.csv,4,类型,type,
InspirationConfig_Base.csv,5,部位,Position,
InspirationConfig_Base.csv,6,部位描述,Description,
InspirationConfig_Base.csv,7,品质,Quality,
InspirationConfig_Base.csv,8,Key_品质描述,Key_QualityDesc,
InspirationConfig_Base.csv,9,品质描述,QualityDesc,
InspirationConfig_Base.csv,10,获得时语音,SayHello,
InspirationConfig_Base.csv,11,Key_获得时文本,Key_HelloDesc,
InspirationConfig_Base.csv,12,获得时文本,HelloDesc,
InspirationConfig_Base.csv,13,Key_扮演者,Key_Coser,
InspirationConfig_Base.csv,14,扮演者,Coser,
InspirationConfig_Base.csv,15,Key_简介,Key_Text,
InspirationConfig_Base.csv,16,简介,Text,
InspirationConfig_Base.csv,17,Key_资料,Key_Means,
InspirationConfig_Base.csv,18,资料,Means,
InspirationConfig_Base.csv,19,道具图标,Icon,
InspirationConfig_Base.csv,20,穿戴立绘-新,PositionPictureNew,
InspirationConfig_Base.csv,21,立绘,Picture,
InspirationConfig_Base.csv,22,推荐角色,RecommendHero,
InspirationConfig_Base.csv,23,Key_推荐理由,Key_RecommendTips,
InspirationConfig_Base.csv,24,推荐理由,RecommendTips,
InspirationConfig_Base.csv,25,套装属性ID,SuitAttrId,
InspirationConfig_Base.csv,26,初始属性,FirstAttribute,
InspirationConfig_Base.csv,27,升级库ID,UpID,
InspirationConfig_Base.csv,28,突破id,BreakID,
InspirationConfig_Base.csv,29,升星id,StarUpID,
InspirationConfig_Base.csv,30,通用升华材料,GeneralMaterials,
InspirationConfig_Base.csv,31,穿戴立绘,PositionPicture,
InspirationConfig_Base.csv,32,图鉴列表图标,AtlasPic,
InspirationConfig_Base.csv,33,获取后锁定,AutoLock,
InspirationConfig_Base.csv,34,碎片道具,TranslateItem,
InspirationConfig_Base.csv,35,转化数量,TranslateNumber,
InspirationConfig_Base.csv,36,剧作筛选类型,FilterType,
InspirationConfig_Base.csv,37,溢出转换道具,ExcessTranslateItem,
InspirationConfig_Base.csv,38,溢出转换数量,ExcessTranslateNumber,
InspirationConfig_Base.csv,39,合成剧作所需碎片数量,ComposeNumber,
InspirationConfig_Base.csv,40,最大星级,MaxStar,
InspirationConfig_BreakConfig.csv,1,key,Id,
InspirationConfig_BreakConfig.csv,2,突破类型,BreakID,
InspirationConfig_BreakConfig.csv,3,突破次数,breaktime,1
InspirationConfig_BreakConfig.csv,4,消耗道具,Cost,1
InspirationConfig_BreakConfig.csv,5,角色等级需求,HeroLevel,
InspirationConfig_BreakConfig.csv,6,消耗金币,CostGold,1
InspirationConfig_BreakConfig.csv,7,等级上限,LevelMax,1
InspirationConfig_BreakConfig.csv,8,属性加成（加法）,AddAttribute,
InspirationConfig_BreakConfig.csv,9,属性加成（乘法）,RatioAttribute,
InspirationConfig_LevelUp.csv,1,流水ID,Id,
InspirationConfig_LevelUp.csv,2,等级,Level,
InspirationConfig_LevelUp.csv,3,EXP,EXP,
InspirationConfig_LevelUp.csv,4,消耗金币,CostGold,1
InspirationConfig_LevelUp.csv,5,要求角色等级,HeroLevelLimit,
InspirationConfig_LevelUpAttribute.csv,1,流水ID,Id,
InspirationConfig_LevelUpAttribute.csv,2,升级库ID,UpID,
InspirationConfig_LevelUpAttribute.csv,3,强化等级,LevelRange,
InspirationConfig_LevelUpAttribute.csv,4,属性加成（加法）,AddAttribute,
InspirationConfig_LevelUpAttribute.csv,5,属性加成（乘法）,RatioAttribute,
InspirationConfig_Quality.csv,1,品质序号,ID,
InspirationConfig_Quality.csv,2,获得界面横线图标,InspirationGetQualityBG,
InspirationConfig_Quality.csv,3,获得界面品质横线,InspirationGetQualityLine,
InspirationConfig_Quality.csv,4,获得界面特效,InspirationGetEffect,
InspirationConfig_Quality.csv,5,获得界面光圈,InspirationGetLight,
InspirationConfig_Quality.csv,6,品质,InspirationQuality,
InspirationConfig_Quality.csv,7,角框,InspirationPositionQuality,
InspirationConfig_StarupConfig.csv,1,key,Id,
InspirationConfig_StarupConfig.csv,2,类型,StarUpID,
InspirationConfig_StarupConfig.csv,3,星级,StarId,
InspirationConfig_StarupConfig.csv,4,显示星级,StarShow,
InspirationConfig_StarupConfig.csv,5,升星消耗数量,Cost,1
InspirationConfig_StarupConfig.csv,6,消耗金币,CostGold,1
InspirationConfig_StarupConfig.csv,7,属性加成（加法）,AddAttribute,
InspirationConfig_StarupConfig.csv,8,属性加成（乘法）,RatioAttribute,
InspirationConfig_StarupConfig.csv,9,虚战力,FightAdd,
InspirationConfig_Suit.csv,1,流水ID,Id,
InspirationConfig_Suit.csv,2,灵感套装ID,SuitAttrId,
InspirationConfig_Suit.csv,3,Key_套装名称,Key_SuitName,
InspirationConfig_Suit.csv,4,套装名称,SuitName,
InspirationConfig_Suit.csv,5,套装灵感数量,EquipCount,
InspirationConfig_Suit.csv,6,套装类型,SuitType,
InspirationConfig_Suit.csv,7,属性加成（加法）,AddAttribute,
InspirationConfig_Suit.csv,8,属性加成（乘法）,RatioAttribute,
InspirationConfig_Suit.csv,9,关联技能,AddSkill,
InspirationConfig_Suit.csv,10,关联BUFF,AddBuff,
InspirationConfig_Suit.csv,11,Key_套装描述,Key_SuitDesc,
InspirationConfig_Suit.csv,12,套装描述,SuitDesc,
InspirationConfig_Suit.csv,13,遗迹剧场属性加成（加法）,RelicTheaterAddAttribute,
InspirationConfig_Suit.csv,14,遗迹剧场属性加成（乘法）,RelicTheaterRatioAttribute,
InspirationConfig_Suit.csv,15,遗迹剧场关联技能,RelicTheaterAddSkill,
InspirationConfig_Suit.csv,16,遗迹剧场关联BUFF,RelicTheaterAddBuff,
InspirationConfig_SuitConfig.csv,1,唯一id,id,
InspirationConfig_SuitConfig.csv,2,套装ID,SuitId,
InspirationConfig_SuitConfig.csv,3,星级,star,
InspirationConfig_SuitConfig.csv,4,显示星级,StarShow,
InspirationConfig_SuitConfig.csv,5,属性加成（加法）,AddAttribute,
InspirationConfig_SuitConfig.csv,6,属性加成（乘法）,RatioAttribute,
InspirationConfig_SuitConfig.csv,7,关联技能,AddSkill,
InspirationConfig_SuitConfig.csv,8,关联BUFF,AddBuff,
InspirationConfig_SuitConfig.csv,9,Key_套装描述,Key_SuitDesc,
InspirationConfig_SuitConfig.csv,10,套装描述,SuitDesc,
InspirationConfig_SuitConfig.csv,11,遗迹剧场属性加成（加法）,RelicTheaterAddAttribute,
InspirationConfig_SuitConfig.csv,12,遗迹剧场属性加成（乘法）,RelicTheaterRatioAttribute,
InspirationConfig_SuitConfig.csv,13,遗迹剧场关联技能,RelicTheaterAddSkill,
InspirationConfig_SuitConfig.csv,14,遗迹剧场关联BUFF,RelicTheaterAddBuff,
InspirationConfig_SuitConfig.csv,15,虚战力,FightAdd,
InvitationActivity_Base.csv,1,流水ID,Id,
InvitationActivity_Base.csv,2,活动名,Desc,
InvitationActivity_Base.csv,3,活动类型,ActivityType,
InvitationActivity_Base.csv,4,功能开启条件,OpGenerate,1
InvitationActivity_Base.csv,5,邀请码生成条件,CodeGenerate,
InvitationActivity_Base.csv,6,最大受邀次数,InvitedMax,1
InvitationActivity_Base.csv,7,最大邀请次数,InvitingMax,1
InvitationActivity_Base.csv,8,受邀奖励,InvitedReward,1
InvitationActivity_Base.csv,9,每日首次分享奖励,FirstShareReward,1
InvitationActivity_Base.csv,10,奖励补发邮件id,MailId,1
InvitationActivity_InvitingQuest.csv,1,流水ID,Id,
InvitationActivity_InvitingQuest.csv,2,活动ID,ActivityId,
InvitationActivity_InvitingQuest.csv,3,任务ID,QuestId,
InvitationActivity_InvitingReward.csv,1,流水ID,Id,
InvitationActivity_InvitingReward.csv,2,活动ID,ActivityId,
InvitationActivity_InvitingReward.csv,3,邀请玩家次数,InvitingNum,1
InvitationActivity_InvitingReward.csv,4,人数达标奖励,Reward,1
InvitationActivity_Quest.csv,1,流水ID,Id,
InvitationActivity_Quest.csv,2,活动ID,ActivityId,
InvitationActivity_Quest.csv,3,任务类型,QuestType,
InvitationActivity_Quest.csv,4,任务id,QuestId,
InvitationActivity_Quest.csv,5,任务奖励,Reward,1
InvitationActivity_Quest.csv,6,任务参数,QuestNum,
InvitationActivity_Quest.csv,7,Key_名称,Key_Name,
InvitationActivity_Quest.csv,8,任务名,Name,
InvitationActivity_Quest.csv,9,前置id,PreId,
InvitationConfig_Config.csv,1,流水ID,Id,
InvitationConfig_Config.csv,2,描述,des,
InvitationConfig_Config.csv,3,key,Key,
InvitationConfig_Config.csv,4,值,value,
InvitationConfig_Hero.csv,1,流水ID,Id,
InvitationConfig_Hero.csv,2,角色名,bz,
InvitationConfig_Hero.csv,3,解锁道具id,ItemID,
InvitationConfig_Hero.csv,4,碎片奖励,Reward,1
InvitationConfig_Hero.csv,5,解锁条件,Conditions,1
InvitationConfig_Hero.csv,6,回信,ReplyLetterId,
InvitationConfig_Hero.csv,7,排序,order,
InvitationConfig_ReplyLetter.csv,1,流水ID,Id,
InvitationConfig_ReplyLetter.csv,2,角色备注,bz,
InvitationConfig_ReplyLetter.csv,3,Key_内容,Key_Letter,
InvitationConfig_ReplyLetter.csv,4,内容,Letter,
ItemConfig_Base.csv,1,流水ID,Id,
ItemConfig_Base.csv,2,物品备注说明,Note,
ItemConfig_Base.csv,3,Key_名称,Key_Name,
ItemConfig_Base.csv,4,名称,Name,
ItemConfig_Base.csv,5,类型,Type,
ItemConfig_Base.csv,6,背包类型,BagType,
ItemConfig_Base.csv,7,关联ID,LinkId,
ItemConfig_Base.csv,8,是否在背包中显示,IsShow,
ItemConfig_Base.csv,9,是否为货币类型,IsMoney,
ItemConfig_Base.csv,10,获取途径,GetWay,
ItemConfig_Base.csv,11,是否为版本内容（托管中是否显示）,CanShow,
ItemConfig_Base.csv,12,可否出售,CanSell,
ItemConfig_Base.csv,13,按钮操作类型,UseInfo,
ItemConfig_Base.csv,14,使用后跳转信息,JumpInfo,
ItemConfig_Base.csv,15,可否佩戴,CanWear,
ItemConfig_Base.csv,16,叠加最大数量,OverlayNum,
ItemConfig_Base.csv,17,有效类型,ValidType,
ItemConfig_Base.csv,18,有效期,ValidTime,
ItemConfig_Base.csv,19,模型,Model,
ItemConfig_Base.csv,20,稀有度,Quality,
ItemConfig_Base.csv,21,品质背景,QualityIconId,
ItemConfig_Base.csv,22,图标,Icon,
ItemConfig_Base.csv,23,小图标,SmallIcon,
ItemConfig_Base.csv,24,大图标,BigIcon,
ItemConfig_Base.csv,25,Key_描述,Key_Describe,
ItemConfig_Base.csv,26,描述,Describe,
ItemConfig_Base.csv,27,Key_背景描述,Key_description,
ItemConfig_Base.csv,28,背景描述,description,
ItemConfig_Base.csv,29,道具需求等级,ReqLevel,
ItemConfig_Base.csv,30,道具出售（分解）,Sell,
ItemConfig_Base.csv,31,参数1,parameter1,
ItemConfig_Base.csv,32,参数2,parameter2,
ItemConfig_Base.csv,33,参数3,parameter3,
ItemConfig_Base.csv,34,参数4,parameter4,
ItemConfig_Base.csv,35,获取途径关联宝箱,GetWayBox,
ItemConfig_Base.csv,36,转化道具,TransitionItem,
ItemConfig_Base.csv,37,权重系数,Weight,
ItemConfig_Base.csv,38,使用条件,UseCondition,
ItemConfig_Base.csv,39,背包红点提醒,RedPot,
ItemConfig_Base.csv,40,Key_概率描述,Key_ProbabilityDesc,
ItemConfig_Base.csv,41,概率描述,ProbabilityDesc,1
ItemConfig_Base.csv,42,韩文名称,NameKR,
ItemConfig_Global.csv,1,流水ID,Id,
ItemConfig_Global.csv,2,策划备注,Notice,
ItemConfig_Global.csv,3,值,Value,
ItemConfig_TImingItem.csv,1,道具ID,Id,
ItemConfig_TImingItem.csv,2,策划备注,Notice,
ItemConfig_TImingItem.csv,3,道具进入卡池及礼包时间,OpenTime,1
ItemRecommendPack_Base.csv,1,流水ID,Id,
ItemRecommendPack_Base.csv,2,道具id,ItemId,
ItemRecommendPack_Base.csv,3,排序,RankId,
ItemRecommendPack_Base.csv,4,Key_名称,Key_Name,
ItemRecommendPack_Base.csv,5,名称,Name,
ItemRecommendPack_Base.csv,6,礼包内所含道具,Pack,
ItemRecommendPack_Base.csv,7,Key_返利比,Key_ShowRebate,
ItemRecommendPack_Base.csv,8,返利比,ShowRebate,1
ItemRecommendPack_Base.csv,9,购买类型,BuyType,
ItemRecommendPack_Base.csv,10,商品id,GoodsId,1
ItemRecommendPack_Base.csv,11,跳转,QuickPathId,
ItemRecommendPack_Base.csv,12,界面样式,ShowStyleId,
ItemRecommendPack_Base.csv,13,该礼包所属直购类型备注,TypeNote,
ItemRecommendPack_Base.csv,14,备注,Note,
LimitedPackConfig_Base.csv,1,流水ID,Id,
LimitedPackConfig_Base.csv,2,Key_名称,Key_Name,
LimitedPackConfig_Base.csv,3,名称,Name,
LimitedPackConfig_Base.csv,4,备注,Type,
LimitedPackConfig_Base.csv,5,类型,Type,
LimitedPackConfig_Base.csv,6,价格,Price,1
LimitedPackConfig_Base.csv,7,兑换消耗道具,Cost,1
LimitedPackConfig_Base.csv,8,Key_返利比,Key_Discount,
LimitedPackConfig_Base.csv,9,返利比,Discount,1
LimitedPackConfig_Base.csv,10,直购原价（不显示了，可以不配）,OriPirce,1
LimitedPackConfig_Base.csv,11,非直购原价,OriCost,1
LimitedPackConfig_Base.csv,12,是否购买首充礼包后弹出,IsBuyFirstPack,
LimitedPackConfig_Base.csv,13,限购次数,LimitedCount,1
LimitedPackConfig_Base.csv,14,有效期,Time,
LimitedPackConfig_Base.csv,15,奖励内容,Rewards,1
LimitedPackConfig_Base.csv,16,触发类型,ConditionType,
LimitedPackConfig_Base.csv,17,触发条件,Condition,
LimitedPackConfig_Base.csv,18,权重,Weight,1
LimitedPackConfig_Base.csv,19,背景图,BgPic,
LimitedPackConfig_Base.csv,20,立绘图,CharPic,
LimitedPackConfig_Base.csv,21,页签图,SheetPic,
LiupaiConfig_Base.csv,1,流派id,Id,
LiupaiConfig_Base.csv,2,Key_流派名称,Key_Name,
LiupaiConfig_Base.csv,3,流派名称,Name,
LiupaiConfig_Base.csv,4,流派图标,Icon,
LiupaiConfig_Base.csv,5,流派图标2,Icon_Two,
LiupaiConfig_Base.csv,6,Key_流派描述,Key_description,
LiupaiConfig_Base.csv,7,流派描述,description,
LiupaiConfig_Base.csv,8,上阵2人技能,TwoPeopleSkill,
LiupaiConfig_Base.csv,9,Key_上阵2人技能描述,Key_TwoPeopleSkill_Description,
LiupaiConfig_Base.csv,10,上阵2人技能描述,TwoPeopleSkill_Description,
LiupaiConfig_Base.csv,11,上阵3人技能,ThreePeopleSkill,
LiupaiConfig_Base.csv,12,Key_上阵3人技能描述,Key_ThreePeopleSkill_Description,
LiupaiConfig_Base.csv,13,上阵3人技能描述,ThreePeopleSkill_Description,
LiupaiConfig_Base.csv,14,技能作用目标,Target,
LiupaiConfig_Role.csv,1,流水id,Id,
LiupaiConfig_Role.csv,2,角色id,HeroId,
LiupaiConfig_Role.csv,3,相性,DefaultPhasic,
LiupaiConfig_Role.csv,4,流派1_id,Liupai1id,
LiupaiConfig_Role.csv,5,流派2_id,Liupai2id,
LoadingConfig_Background.csv,1,Id,Id,
LoadingConfig_Background.csv,2,图片组,Group,
LoadingConfig_Background.csv,3,图片路径,BackGround,
LoadingConfig_Base.csv,1,Id,Id,
LoadingConfig_Base.csv,2,备注,Remark,
LoadingConfig_Base.csv,3,图片组,Group,
LoadingConfig_Base.csv,4,提示组,TipGroup,
LoadingConfig_Base.csv,5,预计时间,LoadTime,
LoadingConfig_Tips.csv,1,Id,Id,
LoadingConfig_Tips.csv,2,提示组,TipGroup,
LoadingConfig_Tips.csv,3,Key_提示,Key_Des,
LoadingConfig_Tips.csv,4,提示描述,Description,
LobbySkin_LobbySkin.csv,1,流水ID,Id,
LobbySkin_LobbySkin.csv,2,Key_场景皮肤名称,Key_LobbySkinName,
LobbySkin_LobbySkin.csv,3,关卡名称,Name,
LobbySkin_LobbySkin.csv,4,皮肤类型,Type,
LobbySkin_LobbySkin.csv,5,缩略图路径,IconPath,
LobbySkin_LobbySkin.csv,6,背景图路径,LobbyIconPath,
LobbySkin_LobbySkin.csv,7,场景资源路径,ResourcePath,
LobbySkin_LobbySkin.csv,8,是否需要道具解锁,UnlockByItem,
LobbySkin_LobbySkin.csv,9,解锁道具ID,UnlockItemID,
LobbySkin_LobbySkin.csv,10,稀有度,Quality,
LobbySkin_LobbySkin.csv,11,转换ID,BuyResourceID,
Loot_Base.csv,1,流水ID,Id,
Loot_Base.csv,2,掉落串ID,LootId,1
Loot_Base.csv,3,掉落种类,LootType,1
Loot_Base.csv,4,资源ID,GoodsId,
Loot_Base.csv,5,资源转义,GoodsName,
Loot_Base.csv,6,最小数量,min_num,
Loot_Base.csv,7,最大数量,max_num,
Loot_Base.csv,8,权重组,Rate,1
Loot_Base.csv,9,保底数量,limit,1
Loot_Base.csv,10,全服掉落限制数量,ServerLimitNum,1
Loot_Base.csv,11,备注,beizhu,
LotteryConfig_Added.csv,1,ID,Id,
LotteryConfig_Added.csv,2,CardPoolID,PooId,
LotteryConfig_Added.csv,3,奖励类型,Type,1
LotteryConfig_Added.csv,4,星级,Star,
LotteryConfig_Added.csv,5,获得次数1,GetCount1,1
LotteryConfig_Added.csv,6,对应次数奖励1,GetReward1,1
LotteryConfig_Added.csv,7,获得次数2,GetCount2,1
LotteryConfig_Added.csv,8,对应次数奖励2,GetReward2,1
LotteryConfig_Added.csv,9,获得次数3,GetCount3,1
LotteryConfig_Added.csv,10,对应次数奖励3,GetReward3,1
LotteryConfig_Added.csv,11,获得次数4,GetCount4,1
LotteryConfig_Added.csv,12,对应次数奖励4,GetReward4,1
LotteryConfig_Banner.csv,1,ID,ID,
LotteryConfig_Banner.csv,2,备注,Beizhu,
LotteryConfig_Banner.csv,3,奖励显示,RewardsShow,1
LotteryConfig_Banner.csv,4,banner图,BannerPic,
LotteryConfig_Banner.csv,5,banner跳转id,BannerJumpID,
LotteryConfig_Base.csv,1,ID,Id,
LotteryConfig_Base.csv,2,Key_描述,Key_Name,
LotteryConfig_Base.csv,3,描述,Name,
LotteryConfig_Base.csv,4,卡池是否开放,IsOpen,1
LotteryConfig_Base.csv,5,卡池类型,CardType,1
LotteryConfig_Base.csv,6,列表分类,Type,
LotteryConfig_Base.csv,7,是否显示在卡池中,IsShow,1
LotteryConfig_Base.csv,8,列表显示优先级,Priority,
LotteryConfig_Base.csv,9,预览条件,PreviewCondition,
LotteryConfig_Base.csv,10,开启条件,OpenCondition,1
LotteryConfig_Base.csv,11,卡池货币显示,TopList,1
LotteryConfig_Base.csv,12,单次召唤价格1,CostPrice1,1
LotteryConfig_Base.csv,13,开放时间,OpenTime,1
LotteryConfig_Base.csv,14,结束时间,EndTime,1
LotteryConfig_Base.csv,15,创号后几日开启,InitialOpentime,
LotteryConfig_Base.csv,16,创号后维持几日,InitialMaintencetime,
LotteryConfig_Base.csv,17,循环奖励id,CircleRewardId,1
LotteryConfig_Base.csv,18,循环奖励积分,CircleRewardPoint,1
LotteryConfig_Base.csv,19,心愿单开启参数,OpenWish,
LotteryConfig_Base.csv,20,心愿单可选数量,WishNum,
LotteryConfig_Base.csv,21,心愿单重置周期,WishCard,
LotteryConfig_Base.csv,22,心愿单筛选,WishPhasic,
LotteryConfig_Base.csv,23,同SSR最大连续出现次数,RepeatNum,1
LotteryConfig_Base.csv,24,心愿单加成,WishSSR,
LotteryConfig_Base.csv,25,心愿单概率提升百分比,WishPercent,1
LotteryConfig_Base.csv,26,心愿单是否必中,WishGuarantee,
LotteryConfig_Base.csv,27,非SSR抽卡掉落库,CardLoot,1
LotteryConfig_Base.csv,28,SSR掉落库,GuaranteeLoot,1
LotteryConfig_Base.csv,29,初始SSR掉落概率,SSROriProbability,1
LotteryConfig_Base.csv,30,SSR概率递增抽数起始值,SSRImproveNum,1
LotteryConfig_Base.csv,31,概率递增值,SSRImproveProbability,1
LotteryConfig_Base.csv,32,首次卡池保底次数,FirstGuaranteeNum,1
LotteryConfig_Base.csv,33,首次卡池保底显示次数,FirstGuaranteeNumShow,1
LotteryConfig_Base.csv,34,卡池保底次数,GuaranteeNum1,1
LotteryConfig_Base.csv,35,"卡池保底显示次数
",GuaranteeNumShow,1
LotteryConfig_Base.csv,36,保底角色ItemID,GuaranteeItemID,1
LotteryConfig_Base.csv,37,保底剧作ItemID,GuaranteeInspirationID,1
LotteryConfig_Base.csv,38,概率提升（保底）共享序号,ShareNumber,1
LotteryConfig_Base.csv,39,UP卡池保底生效次数,UpSSRNum,1
LotteryConfig_Base.csv,40,抽卡保护,DrawProtection,
LotteryConfig_Base.csv,41,连续N次SSR非UP角色保底,GuaranteeNumFinal,1
LotteryConfig_Base.csv,42,角色查看索引,HeroViewID,
LotteryConfig_Base.csv,43,Banner图路径,BannerBg,
LotteryConfig_Base.csv,44,背景图路径,BgPic,
LotteryConfig_Base.csv,45,标题图路径,TitlePic,
LotteryConfig_Base.csv,46,live2D/立绘图路径,HeroPic,
LotteryConfig_Base.csv,47,live2D/立绘图坐标,HeroPicCoordinate,
LotteryConfig_Base.csv,48,Key_规则说明,Key_Desc,
LotteryConfig_Base.csv,49,规则说明,Desc,
LotteryConfig_Base.csv,50,卡池详情id,LotteryShowID,1
LotteryConfig_Base.csv,51,心愿单默认角色,WishListDefault,
LotteryConfig_Base.csv,52,对应systemid,Systemid,
LotteryConfig_Base.csv,53,live2D/立绘图缩放比例,HeroPicScale,
LotteryConfig_Base.csv,54,相同SSR间隔控制组,SameSSRGroup,
LotteryConfig_Base.csv,55,允许连续出同一SSR次数,SameSSRNum,1
LotteryConfig_Base.csv,56,十连保底SR掉落组,GuaranteeSRLoot,1
LotteryConfig_Base.csv,57,右下波浪图路径,WaveBgPic,
LotteryConfig_Base.csv,58,动效文件名称,EffectName,
LotteryConfig_Base.csv,59,抽卡动画路径,CardAnimation,
LotteryConfig_Base.csv,60,bannerID,BannerID,
LotteryConfig_Base.csv,61,是否限定卡池,IsLimitedLottery,1
LotteryConfig_Base.csv,62,单次抽奖奖励,OnceReward,1
LotteryConfig_Base.csv,63,Key_卡池标签名称,Key_TabName,
LotteryConfig_Base.csv,64,卡池标签名称,TabName,1
LotteryConfig_Base.csv,65,contentid,ContentId,
LotteryConfig_Base.csv,66,probtableid,ProbtableId,
LotteryConfig_Base.csv,67,ProbtableChangeId,ProbtableChangeId,
LotteryConfig_Base.csv,68,ProbtableChangeIdSecond,ProbtableChangeIdSecond,
LotteryConfig_CircleReward.csv,1,id,Id,
LotteryConfig_CircleReward.csv,2,奖励组id,GroupID,1
LotteryConfig_CircleReward.csv,3,奖励,Rewards,1
LotteryConfig_CircleReward.csv,4,累计抽数区间起点,WishNumStart,
LotteryConfig_CircleReward.csv,5,累计抽数区间终点,WishNumEnd,
LotteryConfig_InspirationWish.csv,1,ID,Id,
LotteryConfig_InspirationWish.csv,2,卡池id,LotteryId,1
LotteryConfig_InspirationWish.csv,3,剧作套装id,SuitId,
LotteryConfig_InspirationWish.csv,4,套装名册,SuitName,
LotteryConfig_InspirationWish.csv,5,剧作id,ItemId,
LotteryConfig_LootShow.csv,1,ID,Id,
LotteryConfig_LootShow.csv,2,掉落库id,LootId,1
LotteryConfig_LootShow.csv,3,道具id,ItemId,
LotteryConfig_LootShow.csv,4,道具数量,ItemNum,1
LotteryConfig_LootShow.csv,5,掉落概率,ItemRadio,1
LotteryConfig_LootShow.csv,6,备注,beizhu,
LotteryConfig_LootShow.csv,7,卡池光效,LotteryEffect,1
LotteryConfig_LotteryList.csv,1,ID,Id,
LotteryConfig_LotteryList.csv,2,卡池id,LotteryId,1
LotteryConfig_LotteryList.csv,3,宠物id,PetId,
LotteryConfig_LotteryList.csv,4,选中掉落组,ItemAdd,1
LotteryConfig_LotteryList.csv,5,角色id,HeroId,
LotteryConfig_LotteryList.csv,6,原卡池id,FormerLotteryId,1
LotteryConfig_LotteryShow.csv,1,ID,Id,
LotteryConfig_LotteryShow.csv,2,Key_UP提升说明,Key_UPString,
LotteryConfig_LotteryShow.csv,3,UP提升说明,UPString,
LotteryConfig_LotteryShow.csv,4,UP角色道具ID,UPItemId,
LotteryConfig_LotteryShow.csv,5,UP剧作ID,UPInspirationId,
LotteryConfig_LotteryShow.csv,6,SSR掉落预览,SSRShow,1
LotteryConfig_LotteryShow.csv,7,Key_SSR掉落说明,Key_SSRString,
LotteryConfig_LotteryShow.csv,8,SSR掉落说明,SSRString,1
LotteryConfig_LotteryShow.csv,9,SR掉落预览,SRShow,1
LotteryConfig_LotteryShow.csv,10,Key_SR掉落说明,Key_SRString,
LotteryConfig_LotteryShow.csv,11,SR掉落说明,SRString,1
LotteryConfig_LotteryShow.csv,12,R掉落预览,RShow,1
LotteryConfig_LotteryShow.csv,13,Key_R掉落说明,Key_RString,
LotteryConfig_LotteryShow.csv,14,R掉落说明,RString,1
LotteryConfig_LotteryShow.csv,15,道具掉落预览,ItemShow,1
LotteryConfig_LotteryShow.csv,16,Key_道具掉落说明,Key_ItemString,
LotteryConfig_LotteryShow.csv,17,道具掉落说明,ItemString,1
LotteryConfig_LotteryShow.csv,18,SSR信物掉落预览,SSRGodessShow,1
LotteryConfig_LotteryShow.csv,19,Key_SSR信物掉落说明,Key_SSRGodessString,
LotteryConfig_LotteryShow.csv,20,SSR信物掉落说明,SSRGodessString,1
LotteryConfig_LotteryShow.csv,21,SSR至宝掉落预览,SSRValuableShow,1
LotteryConfig_LotteryShow.csv,22,Key_SSR至宝掉落说明,Key_SSRValuableString,
LotteryConfig_LotteryShow.csv,23,SSR至宝掉落说明,SSRValuableString,1
LotteryConfig_LotteryShow.csv,24,SR至宝掉落预览,SRValuableShow,1
LotteryConfig_LotteryShow.csv,25,Key_SR至宝掉落说明,Key_SRValuableString,
LotteryConfig_LotteryShow.csv,26,SR至宝掉落说明,SRValuableString,1
LotteryConfig_LotteryShow.csv,27,R至宝掉落预览,RValuableShow,1
LotteryConfig_LotteryShow.csv,28,Key_R至宝掉落说明,Key_RValuableString,
LotteryConfig_LotteryShow.csv,29,R至宝掉落说明,RValuableString,1
LotteryConfig_LotteryShow.csv,30,界面掉落预览,InterfaceShow,1
LotteryConfig_PointsAwards.csv,1,ID,Id,
LotteryConfig_PointsAwards.csv,2,CardPoolID,LotteryId,
LotteryConfig_PointsAwards.csv,3,奖励类型,Points,1
LotteryConfig_PointsAwards.csv,4,星级,PointsDrop,
LotteryConfig_PointsAwards.csv,5,获得次数1,ShowType,1
LotteryConfig_Shop.csv,1,序号,ID,
LotteryConfig_Shop.csv,2,商店ID,ShopID,
LotteryConfig_Shop.csv,3,档位顺序,GearID,
LotteryConfig_Shop.csv,4,前置档位,FrontGear,
LotteryConfig_Shop.csv,5,档位类型,Type,
LotteryConfig_Shop.csv,6,档位奖励,GearReward,1
LotteryConfig_Shop.csv,7,兑换消耗,Consume,1
LotteryConfig_Shop.csv,8,兑换次数限制,Number,1
LotteryConfig_Shop.csv,9,底图装饰资源,Picture,
LotteryConfig_WishList.csv,1,ID,Id,
LotteryConfig_WishList.csv,2,卡池id,LotteryId,1
LotteryConfig_WishList.csv,3,道具id,ItemId,
LotteryConfig_WishList.csv,4,备注,Beizhu,
LotteryConfig_WishList.csv,5,Spine配置Id,SpineId,
MainActivity_AwakeActivity.csv,1,流水ID,Id,
MainActivity_AwakeActivity.csv,2,活动组ID,GroupId,
MainActivity_AwakeActivity.csv,3,任务类型,Type,
MainActivity_AwakeActivity.csv,4,任务id,TaskId,
MainActivity_AwakeActivity.csv,5,商品id,GoodsId,1
MainActivity_Base.csv,1,流水ID,Id,
MainActivity_Base.csv,2,Key_活动系统名,Key_Name,
MainActivity_Base.csv,3,活动系统名,Name,
MainActivity_Base.csv,4,活动预告时间,NoticeTime,
MainActivity_Base.csv,5,活动开始时间,StartTime,1
MainActivity_Base.csv,6,活动结束时间,EndTime,1
MainActivity_Base.csv,7,兑换商店ID,ExchangeShopId,1
MainActivity_Base.csv,8,兑换商店商品图路径,ExchangeShopBgPic,1
MainActivity_Base.csv,9,礼包商店ID,PackageShopId,
MainActivity_Base.csv,10,阶梯礼包ID,GroupPackId,
MainActivity_Base.csv,11,招募ID,LotteryId,
MainActivity_Base.csv,12,觉醒活动ID,AwakeId,
MainActivity_Base.csv,13,签到活动ID,SignId,
MainActivity_Base.csv,14,剧情活动ID,StoryActivityId,
MainActivity_Base.csv,15,BOSS试炼ID,BossActivityId,
MainActivity_Base.csv,16,battlepassID,BattlePassId,
MainActivity_Base.csv,17,结束邮件模板,MailId,
MainActivity_Base.csv,18,本期加成英雄,HeroId,
MainActivity_Base.csv,19,主界面入口icon底图,EntranceBgPic,
MainActivity_Base.csv,20,主界面入口icon标题图,EntranceTitlePic,
MainActivity_Base.csv,21,Up角色开屏timeline,TimelineMapId,
MainActivity_Base.csv,22,Up角色开屏timelineUI出现时间,TimelineEndTime,
MainActivity_Base.csv,23,角色PV视频,HeroVideo,
MainActivity_Base.csv,24,角色PV音频1,HeroAudio,
MainActivity_Base.csv,25,场景文件路径,Scene,
MainActivity_Base.csv,26,养成活动界面显示称号,TitleId,
MainActivity_BattlePass.csv,1,ID,ID,
MainActivity_BattlePass.csv,2,直购id,MoneyShopId,
MainActivity_BattlePass.csv,3,奖励显示,RewardsShow,1
MainActivity_BattlePass.csv,4,Key免费档位名称,Key_FreeName,
MainActivity_BattlePass.csv,5,免费档位名称,FreeName,
MainActivity_BattlePass.csv,6,Key付费档位名称,Key_ChargeName,1
MainActivity_BattlePass.csv,7,付费档位名称,ChargeName,1
MainActivity_BattlePass.csv,8,邮件模板,MailId,
MainActivity_BattlePass.csv,9,返利比,Num,1
MainActivity_BattlePassReward.csv,1,流水ID,Id,
MainActivity_BattlePassReward.csv,2,所属礼包id,SeaSon,
MainActivity_BattlePassReward.csv,3,奖励档位参数,LevelParam,1
MainActivity_BattlePassReward.csv,4,Key_奖励档位名称,Key_LevelParamName,
MainActivity_BattlePassReward.csv,5,奖励档位名称,LevelParamName,1
MainActivity_BattlePassReward.csv,6,免费奖励,FreeReward,1
MainActivity_BattlePassReward.csv,7,付费档位奖励,ChargeReward,1
MainActivity_FunctIonName.csv,1,流水ID,Id,
MainActivity_FunctIonName.csv,2,流水ID,MainActivityId,
MainActivity_FunctIonName.csv,3,UI面板名称,UIName,
MainActivity_FunctIonName.csv,4,顶部栏位,TopList,
MainActivity_FunctIonName.csv,5,Key_活动系统名,Key_Name,
MainActivity_FunctIonName.csv,6,活动系统名,Name,
MainActivity_FunctIonName.csv,7,系统ID,SystemId,
MainActivity_FunctIonName.csv,8,备注功能模块,NotesName,
MainActivity_GroupPack.csv,1,流水ID,Id,
MainActivity_GroupPack.csv,2,礼包组id,GroupId,
MainActivity_GroupPack.csv,3,组内排序id,RankId,
MainActivity_GroupPack.csv,4,Key_名称,Key_Name,
MainActivity_GroupPack.csv,5,名称,Name,
MainActivity_GroupPack.csv,6,备注,Type,
MainActivity_GroupPack.csv,7,类型,Type,
MainActivity_GroupPack.csv,8,直购价格id,Price,1
MainActivity_GroupPack.csv,9,非直购价格,Cost,1
MainActivity_GroupPack.csv,10,Key_返利比,Key_Discount,
MainActivity_GroupPack.csv,11,返利比,Discount,1
MainActivity_GroupPack.csv,12,礼包内容,Rewards,
MainActivity_SignActivity.csv,1,流水ID,Id,
MainActivity_SignActivity.csv,2,活动组ID,GroupId,
MainActivity_SignActivity.csv,3,登录天数,DayNum,
MainActivity_SignActivity.csv,4,奖励,Award,1
MazeConfig_Base.csv,1,迷宫ID,ID,
MazeConfig_Base.csv,2,Key_迷宫名称,Key_Name,
MazeConfig_Base.csv,3,迷宫名称,Name,
MazeConfig_Base.csv,4,迷宫推荐战力,RecommendLevel,
MazeConfig_Base.csv,5,迷宫解锁条件,LastMission,1
MazeConfig_Base.csv,6,迷宫层数,Level,
MazeConfig_Base.csv,7,迷宫的BUFF随机库,AttributeCounts,
MazeConfig_Base.csv,8,迷宫首通,FirstAward,
MazeConfig_Base.csv,9,迷宫Buff换算战力,MazeBuffPower,
MazeConfig_BuffDerivation.csv,1,流水ID,Id,
MazeConfig_BuffDerivation.csv,2,衍生逻辑id,LogicId,
MazeConfig_BuffDerivation.csv,3,参数M,ParamM,
MazeConfig_BuffDerivation.csv,4,参数N,ParamN,
MazeConfig_BuffDerivation.csv,5,参数P,ParamP,
MazeConfig_BuffGroup.csv,1,序号,ID,
MazeConfig_BuffGroup.csv,2,BUFF组ID,BuffGroupID,
MazeConfig_BuffGroup.csv,3,BUFF等级,BuffLevel,
MazeConfig_BuffGroup.csv,4,BUFF作用对象,BuffTarget,
MazeConfig_BuffGroup.csv,5,BUFF稀有度,BuffRare,
MazeConfig_BuffGroup.csv,6,类型,Type,
MazeConfig_BuffGroup.csv,7,BUFFID,BuffID,
MazeConfig_BuffGroup.csv,8,BUFF作用对象,BuffTargetFilterIds,
MazeConfig_BuffGroup.csv,9,召唤技能Id,Skilld,
MazeConfig_BuffGroup.csv,10,衍生id,DerivationId,
MazeConfig_BuffGroup.csv,11,playerbuffid,PlayerBuffId,
MazeConfig_BuffGroup.csv,12,BUFF图标,BuffIcon,
MazeConfig_BuffGroup.csv,13,Key_描述,Key_BuffScription,
MazeConfig_BuffGroup.csv,14,描述,BuffScription,
MazeConfig_BuffGroup.csv,15,Key_名称,Key_BuffName,
MazeConfig_BuffGroup.csv,16,名称,BuffName,
MazeConfig_BuffGroup.csv,17,BUFF适用相性,PerfectPhasic,
MazeConfig_BuffGroup.csv,18,BUFF适用职业,PerfectProfession,
MazeConfig_BuffGroup.csv,19,BUFF施加优先级,Priority,
MazeConfig_BuffLibrary.csv,1,流水ID,Id,
MazeConfig_BuffLibrary.csv,2,随机库ID,BuffLibraryID,
MazeConfig_BuffLibrary.csv,3,库中的序号,LibraryNumber,
MazeConfig_BuffLibrary.csv,4,Buff组,BuffGroupID,
MazeConfig_BuffLibrary.csv,5,Buff组序号,GroupId,
MazeConfig_BuffLibrary.csv,6,BuffID,BuffId,
MazeConfig_BuffLibrary.csv,7,组内权重,GroupWeight,1
MazeConfig_BuffLibrary.csv,8,策划备注,DesignerNote,
MazeConfig_DailyInspiration.csv,1,序号,ID,
MazeConfig_DailyInspiration.csv,2,归属迷宫,MazeID,
MazeConfig_DailyInspiration.csv,3,星期几,DayNumber,
MazeConfig_DailyInspiration.csv,4,Key_日期,Key_Day,
MazeConfig_DailyInspiration.csv,5,日期,Day,
MazeConfig_DailyInspiration.csv,6,掉落预览,DropItemPreview,1
MazeConfig_DynamicEvent.csv,1,流水号,ID,
MazeConfig_DynamicEvent.csv,2,事件库迷宫归属,DesignerNote,
MazeConfig_DynamicEvent.csv,3,怪物ID,MonsterID,
MazeConfig_DynamicEvent.csv,4,数值参考等级,PowerLevel,
MazeConfig_DynamicEvent.csv,5,属性id,dynavalue,
MazeConfig_Event.csv,1,事件ID,Id,
MazeConfig_Event.csv,2,策划备注,DesignerNote,
MazeConfig_Event.csv,3,事件类型,EventType,
MazeConfig_Event.csv,4,事件点外观,EventShow,
MazeConfig_Event.csv,5,事件逻辑,Parameter1,
MazeConfig_Event.csv,6,触发BUFF获得事件,BuffTrigger,
MazeConfig_Event.csv,7,单局内互斥,EventEclude,
MazeConfig_Event.csv,8,事件参数2,Parameter2,
MazeConfig_Event.csv,9,图标,Icon,
MazeConfig_Event.csv,10,环图标,RingIcon,
MazeConfig_Event.csv,11,名称,Key_Des,
MazeConfig_Event.csv,12,描述,Des,
MazeConfig_Event.csv,13,战力显示方式,ShowScoreType,
MazeConfig_EventLib.csv,1,ID,Id,
MazeConfig_EventLib.csv,2,事件库迷宫归属,DesignerNote,
MazeConfig_EventLib.csv,3,事件库属性,DesignerNote2,
MazeConfig_EventLib.csv,4,迷宫的BUFF随机库,AttributeCounts,
MazeConfig_EventLib.csv,5,随机库ID,EventLibraryID,
MazeConfig_EventLib.csv,6,事件获得预览货币,DropShow,
MazeConfig_EventLib.csv,7,事件获得剧作预览,EquipDropShow,
MazeConfig_EventLib.csv,8,基础奖励,DropID,1
MazeConfig_EventLib.csv,9,剧作掉落概率,EquipRate,1
MazeConfig_EventLib.csv,10,剧作掉落,EquipDropList,1
MazeConfig_EventLib.csv,11,库中的序号,LibraryNumber,
MazeConfig_EventLib.csv,12,事件ID,EvenID,
MazeConfig_EventRefresh.csv,1,序号,ID,
MazeConfig_EventRefresh.csv,2,迷宫ID,MazeID,
MazeConfig_EventRefresh.csv,3,层数,Level,
MazeConfig_EventRefresh.csv,4,数值参考等级,PowerLevel,
MazeConfig_EventRefresh.csv,5,事件选择房场景,Scene,
MazeConfig_EventRefresh.csv,6,层数体验位置,riskLevel,
MazeConfig_EventRefresh.csv,7,事件点刷新数量概率,EventPosRate,1
MazeConfig_EventRefresh.csv,8,事件类型概率,EventTypeRate,1
MazeConfig_EventRefresh.csv,9,特殊事件必走,fixEvent,
MazeConfig_EventRefresh.csv,10,事件点战力,EventPwoer,
MazeConfig_EventRefresh.csv,11,战力计算浮动系数,EventPwoerModulus,
MazeConfig_QuestLib.csv,1,流水号,ID,
MazeConfig_QuestLib.csv,2,答题集备注,DesignerNote,
MazeConfig_QuestLib.csv,3,答题NPC外观,EventShow,
MazeConfig_QuestLib.csv,4,NPC名称,Key_NpcName,
MazeConfig_QuestLib.csv,5,NPC名称,NpcName,
MazeConfig_QuestLib.csv,6,阶段奖励数,ChapterRewardNum,1
MazeConfig_QuestLib.csv,7,随机数量,RandNum,
MazeConfig_QuestLib.csv,8,随机库ID,QuestID,
MazeConfig_QuestList.csv,1,流水号,ID,
MazeConfig_QuestList.csv,2,Key_题面,Key_Question,
MazeConfig_QuestList.csv,3,题面,Question,
MazeConfig_QuestList.csv,4,正确答案,TrueAnswer,
MazeConfig_QuestList.csv,5,Key_答案1,Key_Answer1,
MazeConfig_QuestList.csv,6,答案1,Answer1,
MazeConfig_QuestList.csv,7,Key_答案2,Key_Answer2,
MazeConfig_QuestList.csv,8,答案2,Answer2,
MazeConfig_QuestList.csv,9,Key_答案3,Key_Answer3,
MazeConfig_QuestList.csv,10,答案3,Answer3,
MazeConfig_QuestList.csv,11,Key_答案4,Key_Answer4,
MazeConfig_QuestList.csv,12,答案4,Answer4,
MazeConfig_QuestList.csv,13,Key_正确后回答,Key_RightAnswer,
MazeConfig_QuestList.csv,14,正确后回答,RightAnswer,
MazeConfig_QuestList.csv,15,Key_错误后回答,Key_WrongAnswer,
MazeConfig_QuestList.csv,16,错误后回答,WrongAnswer,
MazeConfig_ShopLib.csv,1,序号,ID,
MazeConfig_ShopLib.csv,2,迷宫归属,MazeID,
MazeConfig_ShopLib.csv,3,商店道具ID,ShopID,
MazeConfig_ShopLib.csv,4,道具库,PowerLevel,
MazeConfig_ShopLib.csv,5,策划备注,DesignerNote,
MazeConfig_SpecialMission.csv,1,流水号,ID,
MazeConfig_SpecialMission.csv,2,答题集备注,DesignerNote,
MazeConfig_SpecialMission.csv,3,阶段奖励数,Parameter,1
MazeConfigNew_Area.csv,1,id,Id,
MazeConfigNew_Area.csv,2,迷宫ID,MazeId,
MazeConfigNew_Area.csv,3,区域层数,Floor,
MazeConfigNew_Area.csv,4,区域类型,Type,
MazeConfigNew_Area.csv,5,出现权重,Weight,1
MazeConfigNew_Area.csv,6,事件固定组,RegularEvent,
MazeConfigNew_Area.csv,7,怪物加层系数,AddBaseAttri,
MazeConfigNew_Base.csv,1,迷宫ID,Id,
MazeConfigNew_Base.csv,2,备注,Remarks,
MazeConfigNew_Base.csv,3,Key_名称,Key_Name,
MazeConfigNew_Base.csv,4,名称,Name,
MazeConfigNew_Base.csv,5,Key_描述,Key_Des,
MazeConfigNew_Base.csv,6,描述,Des,
MazeConfigNew_Base.csv,7,区域刷新数量,level,
MazeConfigNew_Base.csv,8,限制条件,Limit,
MazeConfigNew_Base.csv,9,首通奖励,FirstReward,1
MazeConfigNew_Base.csv,10,通关奖励展示,NormalReward,1
MazeConfigNew_Base.csv,11,通关奖励掉落,NormalRewardLoot,1
MazeConfigNew_Base.csv,12,同步等级,PresetLevel,
MazeConfigNew_Base.csv,13,同步突破,PresetBreach,
MazeConfigNew_Base.csv,14,最低星级,PresetAwake,
MazeConfigNew_Base.csv,15,本迷宫buff组流派,BuffGroupType,
MazeConfigNew_Base.csv,16,选择buffscene,SelectSceneID,
MazeConfigNew_Base.csv,17,本关怪物展示,MonsterShow,
MazeConfigNew_Base.csv,18,可选择人数,HeroNumber,
MazeConfigNew_Base.csv,19,支援英雄组,SupportTeam,
MazeConfigNew_Base.csv,20,难度,AttrLv,
MazeConfigNew_Base.csv,21,能否扫荡,IsMop,
MazeConfigNew_Base.csv,22,扫荡梦境值,MopUpScore,
MazeConfigNew_Base.csv,23,本迷宫技能等级,SkillLevel,
MazeConfigNew_BattleGroup.csv,1,流水id,Id,
MazeConfigNew_BattleGroup.csv,2,关卡组ID,LevelGroupID,
MazeConfigNew_BattleGroup.csv,3,关卡ID,BattleMissionID,
MazeConfigNew_BattleGroup.csv,4,权重,GroupWeight,1
MazeConfigNew_Buff.csv,1,序号,Id,
MazeConfigNew_Buff.csv,2,Key_名称,Key_BuffName,
MazeConfigNew_Buff.csv,3,名称,BuffName,
MazeConfigNew_Buff.csv,4,解锁条件,OpenCondition,1
MazeConfigNew_Buff.csv,5,Key_描述,Key_BuffScription,
MazeConfigNew_Buff.csv,6,描述,BuffScription,
MazeConfigNew_Buff.csv,7,Buff流派类型,BuffType,
MazeConfigNew_Buff.csv,8,BUFF稀有度,BuffRare,
MazeConfigNew_Buff.csv,9,buff效果组,BUFFEffectID,
MazeConfigNew_Buff.csv,10,BUFF可堆叠最大层数,BuffMaxCnt,
MazeConfigNew_Buff.csv,11,BUFF施加优先级,Priority,
MazeConfigNew_Buff.csv,12,BUFF图标,BuffIcon,
MazeConfigNew_Buff.csv,13,生效层数,TakeEffectFloor,
MazeConfigNew_Buff.csv,14,BUFF背景图,BuffBackGround,
MazeConfigNew_Buff.csv,15,FitHero,FitHero,
MazeConfigNew_BuffGroup.csv,1,id,Id,
MazeConfigNew_BuffGroup.csv,2,SelectGroup,SelectGroup,
MazeConfigNew_BuffGroup.csv,3,策划备注,Remarks,
MazeConfigNew_BuffGroup.csv,4,BuffId,BuffId,
MazeConfigNew_BuffGroup.csv,5,策划备注buff描述,BuffFind,
MazeConfigNew_BuffGroup.csv,6,基础权重,BaseWeight,1
MazeConfigNew_BuffGroup.csv,7,定向关联加权,OrderAddWeight,
MazeConfigNew_BuffGroupType.csv,1,id,Id,
MazeConfigNew_BuffGroupType.csv,2,Key_名称,Key_BuffName,
MazeConfigNew_BuffGroupType.csv,3,名称,BuffName,
MazeConfigNew_BuffGroupType.csv,4,流派buffIcon-小,MazeGroupIcon,
MazeConfigNew_BuffGroupType.csv,5,流派buffIcon-大-组合,MazeGroupIconFit,
MazeConfigNew_BuffGroupType.csv,6,节点buff,CollectionBuff,
MazeConfigNew_BuffGroupType.csv,7,回响牌,MazeBuffBG,
MazeConfigNew_BuffGroupType.csv,8,Key_名称,Key_MazeGroupDesc,
MazeConfigNew_BuffGroupType.csv,9,描述,MazeGroupDesc,
MazeConfigNew_BuffGroupType.csv,10,回响牌,MazeBuffIcon,
MazeConfigNew_BuffParty.csv,1,id,Id,
MazeConfigNew_BuffParty.csv,2,SelectBuffGroup,SelectBuffGroup,
MazeConfigNew_BuffParty.csv,3,策划备注,Remarks,
MazeConfigNew_BuffParty.csv,4,BUFF抽选类型,SelectType,
MazeConfigNew_ChoiceEventEffect.csv,1,id,Id,
MazeConfigNew_ChoiceEventEffect.csv,2,策划备注,Remarks,
MazeConfigNew_ChoiceEventEffect.csv,3,效果类型,EffectType,
MazeConfigNew_ChoiceEventEffect.csv,4,参数,EffectValue,
MazeConfigNew_ChoiceEventEffect.csv,5,图标,WheelIcon,
MazeConfigNew_ChoiceEventEffect.csv,6,Key_名字,Key_Name,
MazeConfigNew_ChoiceEventEffect.csv,7,名字,Name,
MazeConfigNew_ChoiceEventEffect.csv,8,Key_描述,Key_Scription,
MazeConfigNew_ChoiceEventEffect.csv,9,描述,Scription,
MazeConfigNew_ChoiceEventGroup.csv,1,id（组）,id,
MazeConfigNew_ChoiceEventGroup.csv,2,包含选项,Choice,
MazeConfigNew_ChoiceEventGroup.csv,3,选几个,ChooseNumber,
MazeConfigNew_Config.csv,1,流水ID,id,
MazeConfigNew_Config.csv,2,key,Key,
MazeConfigNew_Config.csv,3,描述,des,
MazeConfigNew_Config.csv,4,值,value,
MazeConfigNew_Event.csv,1,事件ID,Id,
MazeConfigNew_Event.csv,2,事件组ID,EventGroupId,
MazeConfigNew_Event.csv,3,策划备注,DesignerNote,
MazeConfigNew_Event.csv,4,事件点导航描述key,Key_Des,
MazeConfigNew_Event.csv,5,事件点导航描述,Des,
MazeConfigNew_Event.csv,6,事件点导航标题key,Key_Title,
MazeConfigNew_Event.csv,7,事件点导航标题,Title,
MazeConfigNew_Event.csv,8,出现序列,Pri,
MazeConfigNew_Event.csv,9,权重,Weight,1
MazeConfigNew_Event.csv,10,效果类型,EffectType,
MazeConfigNew_Event.csv,11,参数,EffectValue,
MazeConfigNew_Event.csv,12,非战斗关卡,EventMissionID,
MazeConfigNew_Event.csv,13,基础梦境值,EventScore,
MazeConfigNew_Event.csv,14,生命调节系数,HpRate,
MazeConfigNew_Event.csv,15,攻击调节系数,AtkRate,
MazeConfigNew_Event.csv,16,防御调节系数,DefRate,
MazeConfigNew_Event.csv,17,魔抗调节系数,MgrRate,
MazeConfigNew_Event.csv,18,护甲调节系数,ArmorRate,
MazeConfigNew_HandbookReward.csv,1,流水id,Id,
MazeConfigNew_HandbookReward.csv,2,收集祝福数量,CollectNumber,
MazeConfigNew_HandbookReward.csv,3,奖励类型,RewardType,1
MazeConfigNew_HandbookReward.csv,4,奖励,Reward,1
MazeConfigNew_Mission.csv,1,流水ID,id,
MazeConfigNew_Mission.csv,2,备注,Name,
MazeConfigNew_Mission.csv,3,目标场景ID,SceneId,
MazeConfigNew_Mission.csv,4,难度,AttrLv,
MazeConfigNew_QuizEventEffect.csv,1,id,id,
MazeConfigNew_QuizEventEffect.csv,2,Key_名称,Key_Name,
MazeConfigNew_QuizEventEffect.csv,3,名称,Name,
MazeConfigNew_QuizEventEffect.csv,4,效果类型,EffectType,
MazeConfigNew_QuizEventEffect.csv,5,参数,EffectValue,
MazeConfigNew_QuizEventEffect.csv,6,出现新问题,ChangeQuizID,
MazeConfigNew_QuizEventGroup.csv,1,id,id,
MazeConfigNew_QuizEventGroup.csv,2,groupid,Groupid,
MazeConfigNew_QuizEventGroup.csv,3,Key_名称,Key_Name,
MazeConfigNew_QuizEventGroup.csv,4,名称,Name,
MazeConfigNew_QuizEventGroup.csv,5,权重,Weight,1
MazeConfigNew_QuizEventGroup.csv,6,包含选项,Options,
MazeConfigNew_QuizEventGroup.csv,7,背景图,QuizBG,
MazeConfigNew_QuizEventOption.csv,1,id,id,
MazeConfigNew_QuizEventOption.csv,2,Key_名称,Key_OptionName,
MazeConfigNew_QuizEventOption.csv,3,名称,OptionName,
MazeConfigNew_QuizEventOption.csv,4,效果配置,effect,
MazeConfigNew_QuizEventOption.csv,5,按钮类型,OptionType,
MazeConfigNew_RandomEventEffect.csv,1,id,Id,
MazeConfigNew_RandomEventEffect.csv,2,RandomGroup,RandomGroup,
MazeConfigNew_RandomEventEffect.csv,3,策划备注,Remarks,
MazeConfigNew_RandomEventEffect.csv,4,效果类型,EffectType,
MazeConfigNew_RandomEventEffect.csv,5,参数,EffectValue,
MazeConfigNew_RandomEventEffect.csv,6,图标,WheelIcon,
MazeConfigNew_RandomEventEffect.csv,7,Key_描述,Key_Scription,
MazeConfigNew_RandomEventEffect.csv,8,描述,Scription,
MazeConfigNew_RandomEventEffect.csv,9,基础权重,BaseWeight,1
MazeConfigNew_RandomEventEffect.csv,10,Key_名称,Key_RandomName,
MazeConfigNew_RandomEventEffect.csv,11,名称,RandomName,
MazeConfigNew_RandomEventEffect.csv,12,Key_描述,Key_RandomScription,
MazeConfigNew_RandomEventEffect.csv,13,描述,RandomScription,
MazeConfigNew_SupportHero.csv,1,id,id,
MazeConfigNew_SupportHero.csv,2,组,Team,
MazeConfigNew_SupportHero.csv,3,支援角色,SupportHero,
MazeConfigNew_SupportHero.csv,4,权重,weight,1
MazeConfigNew_SupportHero.csv,5,生效时间,Time,1
MazeConfigNew_WeeklyReward.csv,1,流水id,Id,
MazeConfigNew_WeeklyReward.csv,2,所需梦境值,Integral,
MazeConfigNew_WeeklyReward.csv,3,奖励,Reward,1
MechanicLibrary_Base.csv,1,ID,Id,
MechanicLibrary_Base.csv,2,机制库池ID,MechanicLibraryid,
MechanicLibrary_Base.csv,3,机制ID,MechanicId,
MechanicLibrary_Base.csv,4,机制类型,Mechanictype,
MechanicLibrary_Base.csv,5,参数1,Parameter1,
MechanicLibrary_Base.csv,6,目标类型,TargetType,
MechanicLibrary_Base.csv,7,属性过滤,TargetFilter,
MechanicLibrary_Base.csv,8,Key_名称,Key_Name,
MechanicLibrary_Base.csv,9,机制名称,Name,
MechanicLibrary_Base.csv,10,关卡图标,icon,
MechanicLibrary_Base.csv,11,Key_描述,Key_scription,
MechanicLibrary_Base.csv,12,描述,scription,
Message_Emote.csv,1,流水ID,id,
Message_Emote.csv,2,资源,Resource,
Message_Emote.csv,3,Key_文本,Key_Dec,
Message_Emote.csv,4,文本,Dec,
Message_Group.csv,1,流水ID,id,
Message_Group.csv,2,关联角色ID,LinkHeroId,
Message_Group.csv,3,分组头像,Head,
Message_Group.csv,4,分组头像框,HeadFrame,
Message_Group.csv,5,分组气泡,ChatFrame,
Message_Group.csv,6,Key_分组名称,Key_Name,
Message_Group.csv,7,分组名称,Name,
Message_Group.csv,8,Key_私信内容,Key_Sign,
Message_Group.csv,9,签名内容,Sign,
Message_Group.csv,10,分组段落,Part,
Message_Letter.csv,1,流水ID,id,
Message_Letter.csv,2,所属段落,Part,
Message_Letter.csv,3,备注,DEC,
Message_Letter.csv,4,发言人,Presenter,
Message_Letter.csv,5,类型,Type,
Message_Letter.csv,6,Key_私信内容,Key_Content,
Message_Letter.csv,7,私信内容,Content,
Message_Letter.csv,8,发言人备注,ContentAuthor,
Message_Letter.csv,9,跳转,Next,
Message_Letter.csv,10,表情ID,Emote,
Message_Letter.csv,11,输入时长,InputSpeed,
Message_Letter.csv,12,段落结束标记,End,
Message_Message.csv,1,流水ID,id,
Message_Message.csv,2,连接英雄Id,LinkHeroId,
Message_Message.csv,3,触发好感度等级,NeedLv,
Message_Message.csv,4,私信章数,MessageChapter,
Message_Message.csv,5,私信ID,MessageId,
Message_Message.csv,6,跳转至id,JumpToid,
Message_Message.csv,7,私信种类,MessageType,
Message_Message.csv,8,Key_私信内容,Key_DateChose,
Message_Message.csv,9,私信内容,DateChose,
Message_Message.csv,10,私信奖励,DateRewards,1
Message_Message.csv,11,开始结束节点,EndingStarPoint,
Message_Part.csv,1,流水ID,id,
Message_Part.csv,2,分组ID,Group,
Message_Part.csv,3,备注,DEC,
Message_Part.csv,4,关联好感度剧情,Trammels,
Message_Part.csv,5,关联事件,EventID,
Message_Part.csv,6,起始节点ID,Start,
Message_Part.csv,7,结束节点ID,End,
Message_Part.csv,8,解锁条件,Condition,1
Message_Part.csv,9,段落奖励,Reward,1
Message_Part.csv,10,关联ID,RepairID,
MissionConfig_Base.csv,1,流水ID,id,
MissionConfig_Base.csv,2,Key_关卡名称,Key_Name,
MissionConfig_Base.csv,3,关卡名称,Name,
MissionConfig_Base.csv,4,章节表流水id,ChapterLinkId,
MissionConfig_Base.csv,5,Key_引导文字,Key_Guidedec,
MissionConfig_Base.csv,6,引导文字,Guidedec,
MissionConfig_Base.csv,7,关卡id,Logicid,
MissionConfig_Base.csv,8,关卡类型(一级）,Type,
MissionConfig_Base.csv,9,章节&小玩法编号（二级）,ChapterId,
MissionConfig_Base.csv,10,关卡难度类型（三级）,ModeType,
MissionConfig_Base.csv,11,关卡（四级）,LocalID,
MissionConfig_Base.csv,12,关卡标志,IconType,
MissionConfig_Base.csv,13,关卡图标（未选中状态）,UnchooseIcon,
MissionConfig_Base.csv,14,关卡图标（选中状态）,ChooseIcon,
MissionConfig_Base.csv,15,开战演出种类,BattleType,
MissionConfig_Base.csv,16,间章剧情配置,StoryConfig,
MissionConfig_Base.csv,17,间章关卡解锁条件,LevelUnlockNeed,1
MissionConfig_Base.csv,18,是否为支线关卡,IsBranch,
MissionConfig_Base.csv,19,Key_关卡序号,Key_NewName,
MissionConfig_Base.csv,20,关卡序号,NewName,
MissionConfig_Base.csv,21,推荐等级,RecommendLevel,
MissionConfig_Base.csv,22,关卡（推荐）战力,RecommendForce,
MissionConfig_Base.csv,23,危险战力,DangerForce,
MissionConfig_Base.csv,24,最低通关等级,MinWinLevel,
MissionConfig_Base.csv,25,限制等级,UnlockLevel,
MissionConfig_Base.csv,26,上一关卡,LastMission,
MissionConfig_Base.csv,27,阶段性关卡新开启,IsNewStage,
MissionConfig_Base.csv,28,关卡通关限定次数,LimitTimes,1
MissionConfig_Base.csv,29,Key_描述,Key_Desc,
MissionConfig_Base.csv,30,描述,Desc,
MissionConfig_Base.csv,31,Key_描述,Key_BuffDesc,
MissionConfig_Base.csv,32,Buff描述,BuffDesc,
MissionConfig_Base.csv,33,敌人信息,EnemyInfo,
MissionConfig_Base.csv,34,前置剧情场景ID,StorySceneId,
MissionConfig_Base.csv,35,目标场景ID,SceneId,
MissionConfig_Base.csv,36,成功消耗体力,WinCostVIT,1
MissionConfig_Base.csv,37,失败返还体力,LoseCostVIT,
MissionConfig_Base.csv,38,首次失败/放弃返还体力,FirstLoseCost,
MissionConfig_Base.csv,39,Key_第一星条件描述,Key_FirstStarGet,
MissionConfig_Base.csv,40,第一星条件描述,FirstStarGet,
MissionConfig_Base.csv,41,1星级条件,StarCondition1,
MissionConfig_Base.csv,42,Key_第二星条件描述,Key_SecondStarGet,
MissionConfig_Base.csv,43,第二星条件描述,SecondStarGet,
MissionConfig_Base.csv,44,2星级条件,StarCondition2,
MissionConfig_Base.csv,45,Key_第三星条件描述,Key_ThirdStarGet,
MissionConfig_Base.csv,46,第三星条件描述,ThirdStarGet,
MissionConfig_Base.csv,47,3星级条件,StarCondition3,
MissionConfig_Base.csv,48,关卡隐藏星级,HideStarCondition,
MissionConfig_Base.csv,49,隐藏星级条件描述,HideStarGet,
MissionConfig_Base.csv,50,成就条件1,TaskCondition1,
MissionConfig_Base.csv,51,成就条件1系数提示,TaskCondition1Tip,
MissionConfig_Base.csv,52,成就条件2,TaskCondition2,
MissionConfig_Base.csv,53,成就条件2系数提示,TaskCondition2Tip,
MissionConfig_Base.csv,54,关卡限时,Time,
MissionConfig_Base.csv,55,复刷播放剧情,Playplot,
MissionConfig_Base.csv,56,战后剧情,MissionEndStory,
MissionConfig_Base.csv,57,区域净化进度权重,CleanWeight,1
MissionConfig_Base.csv,58,区域净化节点,CleanPoint,
MissionConfig_Base.csv,59,是否是扫荡节点,IsFastClearPoint,
MissionConfig_Base.csv,60,附加参数,Param1,
MissionConfig_Base.csv,61,折扣体力消耗,BarginDiscount,1
MissionConfig_Base.csv,62,推荐相性,SuitElement,
MissionConfig_Base.csv,63,被克制相性,UnsuitElement,
MissionConfig_Base.csv,64,是否需要破盾,NeedBreak,
MissionConfig_Base.csv,65,Key_特殊提示,Key_Notice,
MissionConfig_Base.csv,66,特殊提示,Notice,
MissionConfig_Base.csv,67,扫荡条件,SweepCondition,
MissionConfig_Base.csv,68,托管战斗条件,BattleAssistCondition,
MissionConfig_Base.csv,69,快速作战战力条件,RapidFightCondition,
MissionConfig_BottomDialog.csv,1,流水号,ID,
MissionConfig_BottomDialog.csv,2,对话组ID,GroupID,
MissionConfig_BottomDialog.csv,3,对话编号,Index,
MissionConfig_BottomDialog.csv,4,对话者类型,Type,
MissionConfig_BottomDialog.csv,5,对话者,RoleId,
MissionConfig_BottomDialog.csv,6,旋转面向目标组,RotateToTargetGroup,
MissionConfig_BottomDialog.csv,7,注视目标组,LookTargetGroup,
MissionConfig_BottomDialog.csv,8,Key_对话文本,Key_Desc,
MissionConfig_BottomDialog.csv,9,对话文本,Desc,
MissionConfig_BottomDialog.csv,10,对话表情,Expression,
MissionConfig_BottomDialog.csv,11,对话语音,Voice,
MissionConfig_BottomDialog.csv,12,与上一条出现的间隔时间,SpaceTime,1
MissionConfig_BottomDialog.csv,13,消失时间,FadeTime,
MissionConfig_BottomDialog.csv,14,框体样式,FrameType,
MissionConfig_Chapter.csv,1,流水ID,Id,
MissionConfig_Chapter.csv,2,Key_章节&小玩法名称,Key_ChapterName,
MissionConfig_Chapter.csv,3,章节&小玩法名称,ChapterName,
MissionConfig_Chapter.csv,4,Key_章节&小玩法描述,Key_Desc,
MissionConfig_Chapter.csv,5,章节&小玩法描述,Desc,
MissionConfig_Chapter.csv,6,章节&小玩法ID,ChapterID,
MissionConfig_Chapter.csv,7,对应建筑ID,BuildId,
MissionConfig_Chapter.csv,8,Key_章节图标,Icon,
MissionConfig_Chapter.csv,9,Key_章节开启描述,Key_StartDesc,
MissionConfig_Chapter.csv,10,章节开启描述,StartDesc,
MissionConfig_Chapter.csv,11,章节图腾样式,ChapterIcon,
MissionConfig_Chapter.csv,12,神经元进度,TreeBranch,
MissionConfig_Chapter.csv,13,章节通关后衔接PTP,EndPose,
MissionConfig_Chapter.csv,14,章节&小玩法背景,ChapterItemBg,
MissionConfig_Chapter.csv,15,关卡滑动大小,ContentSize,
MissionConfig_Chapter.csv,16,主题关卡背景,ThemeIcon,
MissionConfig_Chapter.csv,17,章节&小玩法大背景,ChapterBg,
MissionConfig_Chapter.csv,18,章节&小玩法奖励,ChapterAward1,1
MissionConfig_Chapter.csv,19,章节&小玩法难度,DifficultType,
MissionConfig_Chapter.csv,20,阵容保存分类,TeamType,
MissionConfig_Chapter.csv,21,系统功能id,SystemId,
MissionConfig_Chapter.csv,22,英雄解锁条件,HeroId,1
MissionConfig_Chapter.csv,23,章节是否开启,IsOpen,1
MissionConfig_Chapter.csv,24,关联活动关卡id,ActicityId,
MissionConfig_Chapter.csv,25,挂机收益,Income,
MissionConfig_Chapter.csv,26,基础开放条件,OpenCondition,1
MissionConfig_Chapter.csv,27,是否自动继续挑战,IsAutoGoOn,
MissionConfig_Dialog.csv,1,流水ID,Id,
MissionConfig_Dialog.csv,2,对话组ID,GroupId,
MissionConfig_Dialog.csv,3,组内编号,Index,
MissionConfig_Dialog.csv,4,对话所属关卡ID,MissionId,
MissionConfig_Dialog.csv,5,对话触发类型,Type,
MissionConfig_Dialog.csv,6,对话触发参数,Value,
MissionConfig_Dialog.csv,7,对话者,RoleId,
MissionConfig_Dialog.csv,8,Key_对话文本,Key_Desc,
MissionConfig_Dialog.csv,9,对话文本,Desc,
MissionConfig_Dialog.csv,10,对话语音,Voice,
MissionConfig_Dialog.csv,11,与上一条出现的间隔时间,SpaceTime,1
MissionConfig_Dialog.csv,12,消失时间,FadeTime,
MissionConfig_Dialog.csv,13,框体样式,FrameType,
MissionConfig_Income.csv,1,流水ID,Id,
MissionConfig_Income.csv,2,章节&小玩法名称,ChapterName,
MissionConfig_Income.csv,3,挂机收益,Income,
MissionConfig_Income.csv,4,解锁条件,Condition,1
MissionConfig_Income.csv,5,显示可领取最低时间,AvailableTime,
MissionConfig_Income.csv,6,最大收益时间,MaxTime,
MissionConfig_PveType.csv,1,玩法类型,Id,
MissionConfig_PveType.csv,2,玩法奖励图标,RewardsIcon,1
MissionConfig_PveType.csv,3,Key_玩法掉落描述,Key_DropDescribe,
MissionConfig_PveType.csv,4,玩法掉落描述,DropDescribe,1
MissionConfig_Rhythm.csv,1,流水ID,id,
MissionConfig_Rhythm.csv,2,章节表流水id,ChapterLinkId,
MissionConfig_Rhythm.csv,3,关卡评价,LevelEvaluation,
MissionConfig_Rhythm.csv,4,使用排行榜Id,RankId,
MissionConfig_Rhythm.csv,5,全连所需次数,FullComboNeed,1
MissionConfig_Rhythm.csv,6,全连额外积分,FullComboSocre,
MissionConfig_Rhythm.csv,7,预留配置字段2,dot2,
MissionConfig_Rhythm.csv,8,章节图片1,ChapterPic1,
MissionConfig_Rhythm.csv,9,章节图片2,ChapterPic2,
MissionConfig_Rhythm.csv,10,Key_章节副标题,Key_SecondTitle,
MissionConfig_Rhythm.csv,11,章节副标题,SecondTitle,
MonopolyConfig_AtlasNormal.csv,1,流水ID,Id,
MonopolyConfig_AtlasNormal.csv,2,图鉴ID,AtlasId,
MonopolyConfig_AtlasNormal.csv,3,组id,GroupId,
MonopolyConfig_AtlasNormal.csv,4,类别,Type,
MonopolyConfig_AtlasNormal.csv,5,奖励,Rewards,1
MonopolyConfig_AtlasNormal.csv,6,Key_图鉴名称,Key_Name,
MonopolyConfig_AtlasNormal.csv,7,图鉴名称,Name,
MonopolyConfig_AtlasNormal.csv,8,Key_图鉴描述,Key_Description,
MonopolyConfig_AtlasNormal.csv,9,图鉴描述,Description,
MonopolyConfig_AtlasNormal.csv,10,图鉴图标,Icon,
MonopolyConfig_AtlasNormalPeriod.csv,1,流水ID,Id,
MonopolyConfig_AtlasNormalPeriod.csv,2,所属组,GroupId,
MonopolyConfig_AtlasNormalPeriod.csv,3,类别,Type,
MonopolyConfig_AtlasNormalPeriod.csv,4,收集进度,Period,
MonopolyConfig_AtlasNormalPeriod.csv,5,奖励,Rewards,1
MonopolyConfig_AtlasPuzzle.csv,1,流水ID,Id,
MonopolyConfig_AtlasPuzzle.csv,2,活动组id,GroupId,
MonopolyConfig_AtlasPuzzle.csv,3,所属系列,Type,
MonopolyConfig_AtlasPuzzle.csv,4,碎片图list,PuzzleList,
MonopolyConfig_AtlasPuzzle.csv,5,大图资源,ImgPath,
MonopolyConfig_AtlasPuzzle.csv,6,集齐奖励,Rewards,1
MonopolyConfig_AtlasPuzzle.csv,7,Key_标题,Key_Title,
MonopolyConfig_AtlasPuzzle.csv,8,插画标题,Title,
MonopolyConfig_AtlasPuzzle.csv,9,Key_描述,Key_Description,
MonopolyConfig_AtlasPuzzle.csv,10,插画描述,Description,
MonopolyConfig_AtlasPuzzleGroup.csv,1,流水ID,Id,
MonopolyConfig_AtlasPuzzleGroup.csv,2,活动组id,GroupId,
MonopolyConfig_AtlasPuzzleGroup.csv,3,集齐奖励,Rewards,1
MonopolyConfig_AtlasPuzzleGroup.csv,4,Key_系列标题,Key_Title,
MonopolyConfig_AtlasPuzzleGroup.csv,5,系列标题,Title,
MonopolyConfig_AtlasPuzzleList.csv,1,流水ID,Id,
MonopolyConfig_AtlasPuzzleList.csv,2,大图id,PicId,
MonopolyConfig_AtlasPuzzleList.csv,3,小图资源,PuzzlePic,
MonopolyConfig_AtlasPuzzleList.csv,4,收集奖励,Rewards,1
MonopolyConfig_AtlasPuzzleList.csv,5,Key_小图名称,Key_Title,
MonopolyConfig_AtlasPuzzleList.csv,6,小图名称,Title,
MonopolyConfig_Avg.csv,1,流水ID,Id,
MonopolyConfig_Avg.csv,2,组id,GroupId,
MonopolyConfig_Avg.csv,3,地图等级,Level,
MonopolyConfig_Avg.csv,4,所属角色,RoleId,
MonopolyConfig_Avg.csv,5,子类型,Subtype,
MonopolyConfig_Avg.csv,6,Avg,AvgId,
MonopolyConfig_Avg.csv,7,权重,Rate,1
MonopolyConfig_Avg.csv,8,奖励,AvgRewards,1
MonopolyConfig_Base.csv,1,流水ID,Id,
MonopolyConfig_Base.csv,2,商品名称,Name,1
MonopolyConfig_Base.csv,3,路径,Path,
MonopolyConfig_Base.csv,4,建筑地块id,BuildingPos,
MonopolyConfig_Base.csv,5,伴游角色组,RoleGroup,
MonopolyConfig_Base.csv,6,随机骰子道具id,RandomDice,
MonopolyConfig_Base.csv,7,固定骰子道具id,ConstantDice,
MonopolyConfig_Base.csv,8,最高等级,MaxLevel,
MonopolyConfig_Base.csv,9,骰子刷新时间,RefreshTime,1
MonopolyConfig_Base.csv,10,随机骰子刷新数量,RandomDiceNum,
MonopolyConfig_Base.csv,11,固定骰子刷新数量,ConstantDiceNum,
MonopolyConfig_Base.csv,12,骰子存储上限,MaxStorage,1
MonopolyConfig_Base.csv,13,地块分隔随机组id,TriggerRandomId,
MonopolyConfig_Base.csv,14,地块随机组id,TriggerTypeRandomId,
MonopolyConfig_Base.csv,15,最后一个地块的组Id,FinalRewardGroupId,
MonopolyConfig_Base.csv,16,普通图鉴组Id,AtlasNormalGroupId,
MonopolyConfig_Base.csv,17,拼图图鉴组Id,AtlasPuzzleGroupId,
MonopolyConfig_Base.csv,18,任务组类型,TaskSubType,
MonopolyConfig_BiggerGame.csv,1,流水ID,Id,
MonopolyConfig_BiggerGame.csv,2,胜权重,WinRate,1
MonopolyConfig_BiggerGame.csv,3,胜奖励,WinReward,1
MonopolyConfig_BiggerGame.csv,4,负权重,LoseRate,1
MonopolyConfig_BiggerGame.csv,5,负奖励,LoseReward,1
MonopolyConfig_BiggerGame.csv,6,平权重,EqualRate,1
MonopolyConfig_Building.csv,1,流水ID,Id,
MonopolyConfig_Building.csv,2,Key_名称,Key_BuildingName,
MonopolyConfig_Building.csv,3,建筑名,BuildingName,
MonopolyConfig_Building.csv,4,Key_名称,Key_BuildingNameShort,
MonopolyConfig_Building.csv,5,建筑名缩写,BuildingNameShort,
MonopolyConfig_Building.csv,6,角色数量加成,NumRewardsPercent,
MonopolyConfig_Building.csv,7,角色星级加成,StarRewardsPercent,
MonopolyConfig_Building.csv,8,角色升火加成,LiberateRewardsPercent,
MonopolyConfig_Building.csv,9,角色升燃加成,ReburnRewardsPercent,
MonopolyConfig_Building.csv,10,角色品质加成,QuallityRewardsPercent,
MonopolyConfig_Building.csv,11,阵营加成,PhasicRewardsPercent,
MonopolyConfig_Building.csv,12,加成上限百分比,PercentMax,1
MonopolyConfig_Building.csv,13,地块id,TileIndex,
MonopolyConfig_Building.csv,14,建筑节点,BuildigPrefab,
MonopolyConfig_Building.csv,15,建筑icon位置偏移量,BuildingPrefabPos,
MonopolyConfig_CollectionRewards.csv,1,流水ID,Id,
MonopolyConfig_CollectionRewards.csv,2,组id,GroupId,
MonopolyConfig_CollectionRewards.csv,3,地图等级,Level,
MonopolyConfig_CollectionRewards.csv,4,子类型,Subtype,
MonopolyConfig_CollectionRewards.csv,5,奖励,CollectionRewards,1
MonopolyConfig_CollectionRewards.csv,6,权重,Rate,1
MonopolyConfig_DiceEvent.csv,1,流水ID,Id,
MonopolyConfig_DiceEvent.csv,2,组id,GroupId,
MonopolyConfig_DiceEvent.csv,3,地图等级,Level,
MonopolyConfig_DiceEvent.csv,4,子类型id,SubType,
MonopolyConfig_DiceEvent.csv,5,事件参数,EventParameter,
MonopolyConfig_DiceEvent.csv,6,权重,Rate,1
MonopolyConfig_FinalTileRewards.csv,1,流水ID,Id,
MonopolyConfig_FinalTileRewards.csv,2,组id,GroupId,
MonopolyConfig_FinalTileRewards.csv,3,地图等级,Level,
MonopolyConfig_FinalTileRewards.csv,4,奖励,FinalTileRewards,1
MonopolyConfig_GameConfig.csv,1,流水ID,id,
MonopolyConfig_GameConfig.csv,2,描述,des,
MonopolyConfig_GameConfig.csv,3,名称,name,
MonopolyConfig_GameConfig.csv,4,值,value,
MonopolyConfig_GameEvent.csv,1,流水ID,Id,
MonopolyConfig_GameEvent.csv,2,组id,GroupId,
MonopolyConfig_GameEvent.csv,3,地图等级,Level,
MonopolyConfig_GameEvent.csv,4,子类型id,SubType,
MonopolyConfig_GameEvent.csv,5,事件参数,EventParameter,
MonopolyConfig_GameEvent.csv,6,权重,Rate,1
MonopolyConfig_LevelBuilding.csv,1,流水ID,Id,
MonopolyConfig_LevelBuilding.csv,2,备注,BuildingName,
MonopolyConfig_LevelBuilding.csv,3,建筑ID,BuildingId,
MonopolyConfig_LevelBuilding.csv,4,建筑等级,Level,
MonopolyConfig_LevelBuilding.csv,5,奖励,Reward,1
MonopolyConfig_LevelBuilding.csv,6,每圈结算奖励,FinalReward,1
MonopolyConfig_LevelBuilding.csv,7,可驻扎角色数,RoleNum,
MonopolyConfig_LevelBuilding.csv,8,建筑图片,BuildingPic,
MonopolyConfig_LevelBuilding.csv,9,建筑图片,BuildingPrefab,
MonopolyConfig_LevelRewards.csv,1,流水ID,Id,
MonopolyConfig_LevelRewards.csv,2,组id,GroupId,
MonopolyConfig_LevelRewards.csv,3,地图等级,Level,
MonopolyConfig_LevelRewards.csv,4,子类型,Subtype,
MonopolyConfig_LevelRewards.csv,5,奖励,LevelRewards,1
MonopolyConfig_LevelRewards.csv,6,权重,Rate,1
MonopolyConfig_PlayRole.csv,1,流水ID,Id,
MonopolyConfig_PlayRole.csv,2,Key_名称,Key_RoleName,
MonopolyConfig_PlayRole.csv,3,角色名,RoleName,
MonopolyConfig_PlayRole.csv,4,spine,Skeleton,
MonopolyConfig_PlayRole.csv,5,建筑图片,RolePic,
MonopolyConfig_TriggerNote.csv,1,流水ID,Id,
MonopolyConfig_TriggerNote.csv,2,地块描述,Key_Des,
MonopolyConfig_TriggerNote.csv,3,地块描述,Des,
MonopolyConfig_TriggerNote.csv,4,地块名,Key_Title,
MonopolyConfig_TriggerNote.csv,5,地块名,Title,
MonopolyConfig_TriggerNote.csv,6,类型,Type,
MonopolyConfig_TriggerNote.csv,7,子类型,SubType,
MonopolyConfig_TriggerNote.csv,8,对应子表备注,TableDes,
MonopolyConfig_TriggerNote.csv,9,图标,Icon,
MonopolyConfig_TriggerNote.csv,10,备注,Notes,
MonopolyConfig_TriggerRandom.csv,1,流水ID,Id,
MonopolyConfig_TriggerRandom.csv,2,组id,GroupId,
MonopolyConfig_TriggerRandom.csv,3,地块组,PathGroup,
MonopolyConfig_TriggerRandom.csv,4,地块类型生成数量,TileGenerate,
Monster_Base.csv,1,流水ID,Id,
Monster_Base.csv,2,描述,Desc,
Monster_Base.csv,3,策划备注,Desc,
Monster_Base.csv,4,NPC索引ID,NpcIndex,
Monster_Base.csv,5,血条数量,LifePipe,
Monster_Base.csv,6,血量,BaseHp,
Monster_Base.csv,7,攻击力,BaseAtk,
Monster_Base.csv,8,攻击间隔,BaseAttackInterval,
Monster_Base.csv,9,物理防御,BaseDef,
Monster_Base.csv,10,魔法防御,BaseMgr,
Monster_Base.csv,11,护甲,BaseArmor,
Monster_Base.csv,12,护甲恢复时间,ArmorRecovTime,
Monster_Base.csv,13,护甲恢复速率,BaseArmorRecov,
Monster_Base.csv,14,暴击率,BaseCrit,
Monster_Base.csv,15,抗暴率,BaseCritDef,
Monster_Base.csv,16,命中率,BaseHitRatio,
Monster_Base.csv,17,闪避率,BaseDodge,
Monster_Base.csv,18,爆伤增幅,CritPow,
Monster_Base.csv,19,爆伤耐性,BeCritDamDown,
Monster_Base.csv,20,最终伤害增加,DamUp,
Monster_Base.csv,21,最终伤害减免,BeDamDown,
Monster_Dynamic.csv,1,流水ID,Id,
Monster_Dynamic.csv,2,描述,Desc,
Monster_Dynamic.csv,3,数据组id,GroupId,
Monster_Dynamic.csv,4,怪物等级,Level,
Monster_Dynamic.csv,5,血条数量,LifePipe,
Monster_Dynamic.csv,6,血量,BaseHp,
Monster_Dynamic.csv,7,攻击力,BaseAtk,
Monster_Dynamic.csv,8,攻击间隔,BaseAttackInterval,
Monster_Dynamic.csv,9,物理防御,BaseDef,
Monster_Dynamic.csv,10,魔法防御,BaseMgr,
Monster_Dynamic.csv,11,护甲,BaseArmor,
Monster_Dynamic.csv,12,护甲恢复时间,ArmorRecovTime,
Monster_Dynamic.csv,13,护甲恢复速率,BaseArmorRecov,
Monster_Dynamic.csv,14,暴击率,BaseCrit,
Monster_Dynamic.csv,15,抗暴率,BaseCritDef,
Monster_Dynamic.csv,16,命中率,BaseHitRatio,
Monster_Dynamic.csv,17,闪避率,BaseDodge,
Monster_Dynamic.csv,18,爆伤增幅,CritPow,
Monster_Dynamic.csv,19,爆伤耐性,BeCritDamDown,
Monster_Dynamic.csv,20,最终伤害增加,DamUp,
Monster_Dynamic.csv,21,最终伤害减免,BeDamDown,
Monster_Dynamic.csv,22,相性,Phasic,
Monster_Dynamic.csv,23,职业,Profession,
Monster_DynamicForce.csv,1,流水ID,Id,
Monster_DynamicForce.csv,2,描述,Desc,
Monster_DynamicForce.csv,3,数据组id,GroupId,
Monster_DynamicForce.csv,4,战力匹配下限,FroceMin,1
Monster_DynamicForce.csv,5,战力匹配上限,ForceMax,1
Monster_DynamicForce.csv,6,能量上限,BaseEnergy,1
Monster_DynamicForce.csv,7,血条数量,LifePipe,
Monster_DynamicForce.csv,8,血量,BaseHp,
Monster_DynamicForce.csv,9,攻击力,BaseAtk,
Monster_DynamicForce.csv,10,攻击间隔,BaseAttackInterval,
Monster_DynamicForce.csv,11,物理防御,BaseDef,
Monster_DynamicForce.csv,12,魔法防御,BaseMgr,
Monster_DynamicForce.csv,13,护甲,BaseArmor,
Monster_DynamicForce.csv,14,护甲恢复时间,ArmorRecovTime,
Monster_DynamicForce.csv,15,护甲恢复速率,BaseArmorRecov,
Monster_DynamicForce.csv,16,暴击率,BaseCrit,
Monster_DynamicForce.csv,17,抗暴率,BaseCritDef,
Monster_DynamicForce.csv,18,命中率,BaseHitRatio,
Monster_DynamicForce.csv,19,闪避率,BaseDodge,
Monster_DynamicForce.csv,20,爆伤增幅,CritPow,
Monster_DynamicForce.csv,21,爆伤耐性,BeCritDamDown,
Monster_DynamicForce.csv,22,最终伤害增加,DamUp,
Monster_DynamicForce.csv,23,最终伤害减免,BeDamDown,
Monster_DynamicForce.csv,24,相性,Phasic,
Monster_DynamicForce.csv,25,职业,Profession,
NewSkillConfig_ArtisticEffect.csv,1,流水ID,Id,
NewSkillConfig_ArtisticEffect.csv,2,技能id,SkillId,
NewSkillConfig_ArtisticEffect.csv,3,打击点,StrikePoint,
NewSkillConfig_ArtisticEffect.csv,4,打击点id,StrikeId,
NewSkillConfig_ArtisticEffect.csv,5,伤害比例,DamagePercentage,
NewSkillConfig_ArtisticEffect.csv,6,受击特效,AttackedEffect,
NewSkillConfig_ArtisticEffect.csv,7,是否真多段,MultipleAttacks,
NewWorldBossConfig_Base.csv,1,ID,id,
NewWorldBossConfig_Base.csv,2,顺序,BossOrderID,
NewWorldBossConfig_Base.csv,3,排行榜id,RankId,
NewWorldBossConfig_Base.csv,4,战区排行榜id,ZoneRankId,
NewWorldBossConfig_Base.csv,5,时间表切图,TimeListPicture,
NewWorldBossConfig_Base.csv,6,KEY_时间表描述,Key_TimeListDesc,
NewWorldBossConfig_Base.csv,7,时间表描述,TimeListDesc,
NewWorldBossConfig_Base.csv,8,玩法typeid,PlayType,
NewWorldBossConfig_Base.csv,9,玩法子typeid,PlayChildType,
NewWorldBossConfig_BossLevel.csv,1,流水id,ID,
NewWorldBossConfig_BossLevel.csv,2,BossID,BossID,
NewWorldBossConfig_BossLevel.csv,3,难度,Level,
NewWorldBossConfig_BossLevel.csv,4,调用MissionID,MissionID,
NewWorldBossConfig_BossLevel.csv,5,关卡进度奖励组id,BossLevelRewardID,1
NewWorldBossConfig_BossLevelReward.csv,1,ID,id,
NewWorldBossConfig_BossLevelReward.csv,2,key,BossLevelRewardID,
NewWorldBossConfig_BossLevelReward.csv,3,伤害值,Target,
NewWorldBossConfig_BossLevelReward.csv,4,奖励,RewardList,1
NewWorldBossConfig_Config.csv,1,ID,id,
NewWorldBossConfig_Config.csv,2,描述,Desc,
NewWorldBossConfig_Config.csv,3,参数,Param,
NewWorldBossConfig_Config.csv,4,key,Key,
NewWorldBossConfig_LevelShow.csv,1,难度,Id,
NewWorldBossConfig_LevelShow.csv,2,颜色,BaseColor,
NewWorldBossConfig_LevelShow.csv,3,图标,Icon,
NewWorldBossConfig_LevelShow.csv,4,Key_文字,Key_LevelDesc,
NewWorldBossConfig_LevelShow.csv,5,文字,LevelDesc,
NoticeConfig_notice.csv,1,流水ID,Id,
NoticeConfig_notice.csv,2,推送类型,Type,
NoticeConfig_notice.csv,3,Key_推送信息标题,Key_Title,
NoticeConfig_notice.csv,4,推送信息标题,Title,
NoticeConfig_notice.csv,5,Key_推送内容,Key_Count,
NoticeConfig_notice.csv,6,推送内容,Count,
NoticeConfig_notice.csv,7,推送参数,Num,
NpcConfig_Base.csv,1,流水ID,id,
NpcConfig_Base.csv,2,Key_名称,Key_Name,
NpcConfig_Base.csv,3,名称,Name,
NpcConfig_Base.csv,4,描述,Description,
NpcConfig_Base.csv,5,动作索引,ActionId,
NpcConfig_Base.csv,6,骨骼索引,BoneId,
NpcConfig_Base.csv,7,音效,VoiceId,
NpcConfig_Base.csv,8,属性模版,AttrDynamicId,
NpcConfig_Base.csv,9,英雄变体数据源,heroSource,
NpcConfig_Base.csv,10,英雄技能解锁情况,heroSkillUnlocked,
NpcConfig_Base.csv,11,属性,AttrId,
NpcConfig_Base.csv,12,层级名称,Layer,
NpcConfig_Base.csv,13,职业标签,TagId,
NpcConfig_Base.csv,14,近战或远程,MeleeOrRange,
NpcConfig_Base.csv,15,等级,Level,
NpcConfig_Base.csv,16,类型,NpcType,
NpcConfig_Base.csv,17,形状,NpcShape,
NpcConfig_Base.csv,18,缩放,Scale,
NpcConfig_Base.csv,19,头顶位置,HeadPos,
NpcConfig_Base.csv,20,显示血条等,ShowHud,
NpcConfig_Base.csv,21,显示影子,CastShadow,
NpcConfig_Base.csv,22,是否会造成硬直,CauseStiff,
NpcConfig_Base.csv,23,是否接收重力,AcceptGravity,
NpcConfig_Base.csv,24,是否会接受硬直,AcceptStiff,
NpcConfig_Base.csv,25,硬直特效,AcceptStiffEffect,
NpcConfig_Base.csv,26,霸体值,BaseSuperArmor,
NpcConfig_Base.csv,27,平移速度,WalkSpeed,
NpcConfig_Base.csv,28,后退速度,BackSpeed,
NpcConfig_Base.csv,29,转角速度,TurnSpeed,
NpcConfig_Base.csv,30,起身时间,StandupTime,
NpcConfig_Base.csv,31,是否霸体,SuperArmor,
NpcConfig_Base.csv,32,警戒区半径,WarningCircle,
NpcConfig_Base.csv,33,开场技能,InitialSkill,
NpcConfig_Base.csv,34,技能列表,FixedSkills,
NpcConfig_Base.csv,35,可移动,CanMove,
NpcConfig_Base.csv,36,可被击,CanHit,
NpcConfig_Base.csv,37,模型,Model,
NpcConfig_Base.csv,38,头像,Portrait,
NpcConfig_Base.csv,39,碰撞类型,CollideType,
NpcConfig_Base.csv,40,移速,BaseSpd,
NpcConfig_Base.csv,41,身高(CM),Length,
NpcConfig_Base.csv,42,腰围(CM),Radius,
NpcConfig_Base.csv,43,宽度（CM）,Width,
NpcConfig_Base.csv,44,HUD高度(CM),Height,
NpcConfig_Base.csv,45,体重(影响硬直表现衰减),Weight,
NpcConfig_Base.csv,46,是否为触发器,IsTrigger,
NpcConfig_Base.csv,47,出生特效,BornEffect,
NpcConfig_Base.csv,48,死亡特效,DeadEffect,
NpcConfig_Base.csv,49,过渡站立时间,Cross2StandTime,
NpcConfig_Base.csv,50,过渡跑步时间,Cross2RunTime,
NpcConfig_Base.csv,51,死亡时间,DeadAnimTime,
NpcConfig_Base.csv,52,控制状态淡入时间,DizzyFadeTime,
NpcConfig_Base.csv,53,销毁时间,ReleaseTime,
NpcConfig_Base.csv,54,使用光照材质,IsMatValid,
NpcConfig_Base.csv,55,展示Id,UIShowId,
NpcConfig_Base.csv,56,多阶段,Multistage,
NpcConfig_Base.csv,57,是否死亡时把碰撞打开,IsDeadCollision,
NpcConfig_Base.csv,58,相性,Phasic,
NpcConfig_Base.csv,59,职业,Profession,
NpcConfig_Base.csv,60,基础AI,BaseAI,
NpcConfig_Base.csv,61,攻击间隔,BaseAttackInterval,
NpcConfig_Base.csv,62,攻击范围,AttackRange,
NpcConfig_Base.csv,63,损血百分比获得能量,HurtGetEnergyPer,1
NpcConfig_Base.csv,64,受击获得能量,HurtGetEnergy,
NpcConfig_Base.csv,65,可否被击退,CanHitBack,
NpcConfig_Base.csv,66,可否被击飞,CanHitFly,
NpcConfig_Base.csv,67,可否被抓取,CanGrab,
NpcConfig_Base.csv,68,可否霸体被打断,CanArmorBreak,
NpcConfig_Base.csv,69,可否被死亡击飞,CanDeadHitFly,
NpcConfig_Base.csv,70,可否被吸附,CanAdsorb,
NpcConfig_Base.csv,71,角色能量上限,BaseEnergy,1
NpcConfig_Drops.csv,1,流水ID,Id,
NpcConfig_Drops.csv,2,物品描述,Name,
NpcConfig_Drops.csv,3,链接到Base表的ID,linkID,
NpcConfig_Drops.csv,4,掉落物类型,DropType,1
NpcConfig_Drops.csv,5,效果操作类型,OperateType,
NpcConfig_Drops.csv,6,效果参数,OperateValue,
NpcConfig_Drops.csv,7,出生时间,BornTime,
NpcConfig_Drops.csv,8,存活时间,LifeTime,
NpcConfig_Drops.csv,9,触发技能,TriggerSkill,
NpcConfig_Drops.csv,10,默认阵营,CampId,
NpcConfig_Drops.csv,11,拾取目标,CollectPolicy,
NpcConfig_Drops.csv,12,影响半径,InfluenceRadius,
NpcConfig_Drops.csv,13,拾取半径,CollectRadius,
NpcConfig_Drops.csv,14,拾取特效,CollectEffect,
NpcConfig_Drops.csv,15,拾取提示,CollectHint,
NpcConfig_Drops.csv,16,拾取提示备份,CollectHintBak,
NpcConfig_Drops.csv,17,拾取开关,HintTrigger,1
NpcConfig_UIShow.csv,1,流水ID,Id,
NpcConfig_UIShow.csv,2,敌人头像,EnemyPortrait,
NpcConfig_UIShow.csv,3,Key_名称,Key_Info,
NpcConfig_UIShow.csv,4,敌人详情,Info,
NpcConfig_UIShow.csv,5,敌人特性,TagInfo,
NpcConfig_UIShow.csv,6,敌人属性,ParameterInfo,
NpcConfig_UIShow.csv,7,敌人展示位置,ToonId,
NpcConfig_UIShow.csv,8,高精度模型,HighModel,
NpcConfig_UIShow.csv,9,阶段技能,StegeSkill,
NpcConfig_UIShow.csv,10,展示关联英雄,ShowHeroID,
OpActivityConfig_Base.csv,1,流水ID,Id,
OpActivityConfig_Base.csv,2,活动类型,ActivityType,
OpActivityConfig_Base.csv,3,活动子类型,SubType,
OpActivityConfig_Base.csv,4,备注（策划看）,beizhu,
OpActivityConfig_Base.csv,5,活动开启时间,StartTime,1
OpActivityConfig_Base.csv,6,活动结束时间,EndTime,1
OpActivityConfig_Base.csv,7,服务器开放后持续N天,ServerContinueTime,
OpActivityConfig_Base.csv,8,创号几日后开启,InitialStartTime,
OpActivityConfig_Base.csv,9,是否为登录活动,IsLoginActivity,
OpActivityConfig_Base.csv,10,活动维持时间,InitialEndTime,
OpActivityConfig_Base.csv,11,关卡ID,MissionID,
OpActivityConfig_Base.csv,12,条件参数,Param,
OpActivityConfig_Base.csv,13,关卡章节列表,Chapters,
OpActivityConfig_Base.csv,14,解锁,OpenConditionID,
OptionalBagConfig_Base.csv,1,流水ID,Id,
OptionalBagConfig_Base.csv,2,购买奖励,Rewards,1
OptionalBagConfig_Base.csv,3,自选列表,OptList,
OptionalBagConfig_Items.csv,1,流水ID,Id,
OptionalBagConfig_Items.csv,2,内容,Rewards,
OptionalBagConfig_List.csv,1,流水ID,Id,
OptionalBagConfig_List.csv,2,内容,Rewards,
Outfit_AttributeBox.csv,1,流水ID,Id,
Outfit_AttributeBox.csv,2,库类型,BoxType,
Outfit_AttributeBox.csv,3,库ID,BoxID,
Outfit_AttributeBox.csv,4,初始属性,Attribute,
Outfit_AttributeBox.csv,5,初始属性值,AttributeValue,
Outfit_AttributeBox.csv,6,强化参数1,LevelRange1,
Outfit_AttributeBox.csv,7,强化参数2,LevelRange2,
Outfit_AttributeBox.csv,8,强化参数3,LevelRange3,
Outfit_AttributeBox.csv,9,强化参数4,LevelRange4,
Outfit_AttributeBox.csv,10,强化参数5,LevelRange5,
Outfit_AttributeBox.csv,11,强化权重1,LevelWeight1,1
Outfit_AttributeBox.csv,12,强化权重2,LevelWeight2,1
Outfit_AttributeBox.csv,13,强化权重3,LevelWeight3,1
Outfit_AttributeBox.csv,14,强化权重4,LevelWeight4,1
Outfit_AttributeBox.csv,15,强化权重5,LevelWeight5,1
Outfit_AttributeBox.csv,16,洗练权重,AttributeExchange,1
Outfit_Base.csv,1,流水ID,Id,
Outfit_Base.csv,2,Key_名称,Key_Name,
Outfit_Base.csv,3,名称,Name,
Outfit_Base.csv,4,部位,Position,
Outfit_Base.csv,5,部位描述,PositionDescription,
Outfit_Base.csv,6,品质,QualityId,
Outfit_Base.csv,7,穿戴等级,LevelLimit,
Outfit_Base.csv,8,道具图标,Icon,
Outfit_Base.csv,9,套装属性ID,SuitId,
Outfit_Base.csv,10,主属性库 ,MainAttribute,
Outfit_Base.csv,11,副属性库,SubAttribute,
Outfit_Base.csv,12,分解后数量,DecomposeNumber,
Outfit_Base.csv,13,装备评分基础属性系数,BaseAttrScore,
Outfit_Base.csv,14,装备评分副属性系数,EntyAttrScore,
Outfit_Base.csv,15,锻造1材料消耗,CastCost1,1
Outfit_Base.csv,16,锻造1资源消耗,CastCostMoney1,1
Outfit_Base.csv,17,锻造2材料消耗,CastCost2,1
Outfit_Base.csv,18,锻造2资源消耗,CastCostMoney2,1
Outfit_Base.csv,19,锻造3材料消耗,CastCost3,1
Outfit_Base.csv,20,锻造3资源消耗,CastCostMoney3,1
Outfit_Base.csv,21,锻造4材料消耗,CastCost4,1
Outfit_Base.csv,22,锻造4资源消耗,CastCostMoney4,1
Outfit_Base.csv,23,神铸材料消耗,SuperCastCost,1
Outfit_Base.csv,24,神铸资源消耗,SuperCastMoneyCost,1
Outfit_Base.csv,25,洗练材料消耗,ExchangeCost,1
Outfit_Base.csv,26,洗练资源消耗,ExchangeMoneyCost,1
Outfit_CastQuality.csv,1,流水ID,Id,
Outfit_CastQuality.csv,2,属性id,AttributeID,
Outfit_CastQuality.csv,3,备注,NOTES,
Outfit_CastQuality.csv,4,铸造副属性增长,CastRise,
Outfit_CastQuality.csv,5,铸造主属性增长,CastMainRise,
Outfit_CastQuality.csv,6,神铸主属性增长,SuperCastRise,
Outfit_Config.csv,1,流水ID,Id,
Outfit_Config.csv,2,描述,Des,
Outfit_Config.csv,3,名称,Name,
Outfit_Config.csv,4,值,Value,
Outfit_Forge.csv,1,流水ID,Id,
Outfit_Forge.csv,2,库ID,ForgeId,
Outfit_Forge.csv,3,库图标,ForgeIcon,
Outfit_Forge.csv,4,库图标,Forgefuyun,
Outfit_Forge.csv,5,Key_库名称,Key_ForgeName,
Outfit_Forge.csv,6,库名称,ForgeName,
Outfit_Forge.csv,7,装备胚子库,ItemID,
Outfit_Forge.csv,8,产出套装ID,SuitId,1
Outfit_Forge.csv,9,配方id,FormulaId,
Outfit_Forge.csv,10,Key_配方名称,Key_FormulaName,
Outfit_Forge.csv,11,配方名称,FormulaName,
Outfit_Forge.csv,12,配方部位,Position,
Outfit_Forge.csv,13,配方品质,QualityId,
Outfit_Forge.csv,14,配方图标,FormulaIcon,
Outfit_Forge.csv,15,配方解锁条件,FormulaUnlock,1
Outfit_Forge.csv,16,Key_解锁配方描述,Key_FormulaUnlockDesc,
Outfit_Forge.csv,17,配方解锁条件描述,FormulaUnlockDesc,1
Outfit_Forge.csv,18,主属性库,MainAttribute,
Outfit_Forge.csv,19,副属性库,SubAttribute,
Outfit_Forge.csv,20,配方钱消耗,FormulaMoneyCost,1
Outfit_Forge.csv,21,配方福运消耗,FormulaLuckyCost,1
Outfit_Forge.csv,22,配方材料消耗,FormulaMaterialCost,1
Outfit_Forge.csv,23,配方产出福运值,ForgeLuckyperHit,1
Outfit_LevelUp.csv,1,流水ID,Id,
Outfit_LevelUp.csv,2,强化库id,LevelUpid,
Outfit_LevelUp.csv,3,强化等级,LevelRange,
Outfit_LevelUp.csv,4,强化铜币消耗,MoneyCost,1
Outfit_LevelUp.csv,5,"强化道具消耗
",MaterialCost,1
Outfit_Quality.csv,1,流水ID,Id,
Outfit_Quality.csv,2,品质id,QualityId,
Outfit_Quality.csv,3,Key_品质名称,Key_QualityName,
Outfit_Quality.csv,4,品质名称,QualityName,
Outfit_Quality.csv,5,副属性初始数量,SubAttributeInitialValue,
Outfit_Quality.csv,6,副属性上限数量,SubAttributeICap,1
Outfit_Quality.csv,7,强化库id,LevelUpid,
Outfit_Quality.csv,8,分解材料返还率,FenjieRate,
Outfit_Quality.csv,9,作为强化材料转换率,ExpRate,
Outfit_Quality.csv,10,淬炼材料返还率,CastRate,
Outfit_Quality.csv,11,秘法淬形（升品）材料返还率,SuperCastRate,
Outfit_Quality.csv,12,品质底图,QualityBaseMap,
Outfit_Suit.csv,1,流水ID,Id,
Outfit_Suit.csv,2,Key_套装名称,Key_SuitName,
Outfit_Suit.csv,3,套装名称,SuitName,
Outfit_Suit.csv,4,套装图标,SuitIcon,
Outfit_Suit.csv,5,套装数量,EquipCount,
Outfit_Suit.csv,6,属性加成（加法）,AddAttribute,
Outfit_Suit.csv,7,Key_套装描述,Key_SuitDesc,
Outfit_Suit.csv,8,套装描述,SuitDesc,
Outfit_Suit.csv,9,套装图标,FilterIcon,
OutfitMission_Base.csv,1,ID,ID,
OutfitMission_Base.csv,2,顺序,OrderID,
OutfitMission_Base.csv,3,systemid,SystemID,
OutfitMission_Base.csv,4,切图小,Picture_S,
OutfitMission_Base.csv,5,切图中,Picture_M,
OutfitMission_Base.csv,6,切图背景,Picture_BG,
OutfitMission_Base.csv,7,KEY_名称,Key_NameDesc,
OutfitMission_Base.csv,8,名称,NameDesc,
OutfitMission_Base.csv,9,掉落套装,SuitShow,1
OutfitMission_Base.csv,10,怪物ID,NPCID,
OutfitMission_Base.csv,11,特效,Fx,
OutfitMission_Buff.csv,1,ID,ID,
OutfitMission_Buff.csv,2,Buff图标,Icon,
OutfitMission_Buff.csv,3,Key_BUFF名称,Key_BuffName,
OutfitMission_Buff.csv,4,BUFF名称,BuffName,
OutfitMission_Buff.csv,5,Key_BUFF描述,Key_BuffDes,
OutfitMission_Buff.csv,6,BUFF描述,BuffDes,
OutfitMission_Config.csv,1,ID,id,
OutfitMission_Config.csv,2,描述,Desc,
OutfitMission_Config.csv,3,参数,Param,
OutfitMission_Config.csv,4,key,Key,
OutfitMission_Level.csv,1,MissionID,Id,
OutfitMission_Level.csv,2,BossID,BossID,
OutfitMission_Level.csv,3,难度,Level,
OutfitMission_Level.csv,4,KEY_名称,Key_LevelDesc,
OutfitMission_Level.csv,5,名称,LevelDesc,
OutfitMission_Level.csv,6,目标场景ID,SceneID,
OutfitMission_Level.csv,7,敌人信息,EnemyInfo,
OutfitMission_Level.csv,8,关卡buff,Buff,
OutfitMission_Level.csv,9,普通奖励预览,RewardShow,1
OutfitMission_Level.csv,10,首通奖励,FirstRewardData,1
OutfitMission_Level.csv,11,普通奖励loot,Loot,1
OutfitMission_Level.csv,12,LOOT条件,Lootcondition,
OutfitMission_Level.csv,13,条件奖励loot,ConditionLoot,1
OutfitMission_Level.csv,14,限制条件,Unlock,
OutfitMission_Level.csv,15,生命调节系数,HpRate,
OutfitMission_Level.csv,16,攻击调节系数,AtkRate,
OutfitMission_Level.csv,17,防御调节系数,DefRate,
OutfitMission_Level.csv,18,魔抗调节系数,MgrRate,
OutfitMission_Level.csv,19,推荐战力,SuggestFight,
OutfitMission_Level.csv,20,体力掉落经验,PowerDropShow,1
OutfitMission_Level.csv,21,折扣体力,DiscountPower,1
OutfitMission_Level.csv,22,非折扣体力,UnDiscountPower,1
OutfitMission_SuitShow.csv,1,套装,ID,
OutfitMission_SuitShow.csv,2,图标,Icon,
OutfitMission_SuitShow.csv,3,Key_文字,Key_SuitDesc,
OutfitMission_SuitShow.csv,4,文字,SuitDesc,
OutfitMission_SuitShow.csv,5,内容,Incloud,
PackagingDailyPay_Base.csv,1,流水ID,Id,
PackagingDailyPay_Base.csv,2,打包购买id,PackagingPayId,
PackagingDailyPay_Base.csv,3,打包购买天数,PackagingPayDayNum,
PackagingDailyPay_Goods.csv,1,流水ID,Id,
PackagingDailyPay_Goods.csv,2,所属礼包组,GroupId,
PackagingDailyPay_Goods.csv,3,打包购买直购组id,MoneyId,
PackagingDailyPay_Goods.csv,4,商品,Goods,1
PackagingDailyPay_Goods.csv,5,库存数量,Count,
PackagingDailyPay_Goods.csv,6,外显返利比,ShowRebate,1
PackagingDailyPay_Goods.csv,7,排序,Index,
PackagingDailyPay_PayRandomPrize.csv,1,流水ID,Id,
PackagingDailyPay_PayRandomPrize.csv,2,所属组id,GroupId,
PackagingDailyPay_PayRandomPrize.csv,3,奖励,Reward,1
PackagingDailyPay_PayRandomPrize.csv,4,权重,Rate,1
PackagingPay_Base.csv,1,流水ID,Id,
PackagingPay_Base.csv,2,活动名,Desc,
PackagingPay_Base.csv,3,档位礼包直购id,MoneyId,
PackagingPay_Base.csv,4,打包购买直购id,PackagingPriceId,
PackagingPay_Base.csv,5,Key_折扣标签,Key_Discount,
PackagingPay_Base.csv,6,折扣标签,Discount,1
PackagingPay_MoneyId.csv,1,流水ID,Id,
PackagingPay_MoneyId.csv,2,活动名,Desc,
PackagingPay_MoneyId.csv,3,直购id,PriceId,
PayRandomPrize_Base.csv,1,流水ID,Id,
PayRandomPrize_Base.csv,2,抽奖累充额度,PriceLevel,1
PayRandomPrize_Base.csv,3,直抽一轮所需剩余抽奖次数,OneTimeDrawNum,1
PayRandomPrize_Base.csv,4,轮次对应奖池,RandomPrizeId,1
PayRandomPrize_Base.csv,5,总轮次,PrizeRound,
PayRandomPrize_Base.csv,6,活动结束奖励补发邮件id,MailId,1
PayRandomPrize_RandomPrize.csv,1,流水ID,Id,
PayRandomPrize_RandomPrize.csv,2,所属组,GroupId,
PayRandomPrize_RandomPrize.csv,3,奖励,Reward,1
PayRandomPrize_RandomPrize.csv,4,权重,Rate,1
PayRandomPrize_RandomPrize.csv,5,是否大奖,PreciousReward,
PetConfig_AttributeAbilityAdd.csv,1,属性id,Id,
PetConfig_AttributeAbilityAdd.csv,2,最小单位,MinUnit,
PetConfig_AttributeAbilityAdd.csv,3,战力换算系数,ConversionCoeff,
PetConfig_AttributeBox.csv,1,ID,Id,
PetConfig_AttributeBox.csv,2,属性组,Attributes,
PetConfig_AttributeBox.csv,3,ValueID,ValueID,
PetConfig_AttributeBox.csv,4,属性名称,AttributeName,
PetConfig_AttributeBox.csv,5,权重组,Rate,1
PetConfig_Base.csv,1,ID,ID,
PetConfig_Base.csv,2,Key_魔宠名称,Key_PetName,
PetConfig_Base.csv,3,魔宠名称,PetName,
PetConfig_Base.csv,4,Key_魔宠描述,Key_PetDescribe,
PetConfig_Base.csv,5,魔宠描述,PetDescribe,
PetConfig_Base.csv,6,魔宠品质,PetQuality,
PetConfig_Base.csv,7,魔宠初始星级,PetStar,
PetConfig_Base.csv,8,是否屏蔽,Shield,1
PetConfig_Base.csv,9,魔宠图标,PetIcon,
PetConfig_Base.csv,10,魔宠初始属性,DefaultAttr,
PetConfig_Base.csv,11,魔宠初始提升角色属性,DefaultHeroAttr,
PetConfig_Base.csv,12,升级库ID,UpID,
PetConfig_Base.csv,13,技能组id,SkillGroupID,
PetConfig_Base.csv,14,升星id,StarUpID,
PetConfig_Base.csv,15,碎片id,FragmentID,
PetConfig_Base.csv,16,碎片转化数量,FragmentCount,
PetConfig_Base.csv,17,激活数量,ActivateCount,
PetConfig_Base.csv,18,转化道具id,TransFormID,
PetConfig_Base.csv,19,碎片转道具数量,TransFormCount,1
PetConfig_Base.csv,20,展示模型,ShowModel,
PetConfig_Base.csv,21,战斗模型,NpcID,
PetConfig_Base.csv,22,魔宠立绘,PetPic,
PetConfig_Base.csv,23,魔宠列表立绘,PetListPic,
PetConfig_Base.csv,24,魔宠上阵立绘,PetStationPic,
PetConfig_Base.csv,25,魔宠移动速度,PetSpeed,
PetConfig_Base.csv,26,魔宠抽卡立绘,PetLotteryPic,
PetConfig_Base.csv,27,详情界面偏移量,DetailOffset,
PetConfig_Base.csv,28,宠物音频资源,PetVoice,
PetConfig_Base.csv,29,主界面偏移量,MainInterfaceOffset,
PetConfig_GameConfig.csv,1,流水ID,Id,
PetConfig_GameConfig.csv,2,描述,Des,
PetConfig_GameConfig.csv,3,名称,Name,
PetConfig_GameConfig.csv,4,值,Value,
PetConfig_Outfit.csv,1,流水ID,Id,
PetConfig_Outfit.csv,2,Key_名称,Key_Name,
PetConfig_Outfit.csv,3,名称,Name,
PetConfig_Outfit.csv,4,部位,Position,
PetConfig_Outfit.csv,5,品质,QualityId,
PetConfig_Outfit.csv,6,道具图标,Icon,
PetConfig_Outfit.csv,7,装备星级,OutfitStar,
PetConfig_Outfit.csv,8,装备初始属性,DefultEquipAttr,
PetConfig_Outfit.csv,9,套装属性ID,SuitId,
PetConfig_Outfit.csv,10,升级库ID,UpID,
PetConfig_Outfit.csv,11,副属性库,SubAttribute,
PetConfig_Outfit.csv,12,分解得到经验的数量,DecomposeNumber,
PetConfig_Outfit.csv,13,融合类型,MixType,
PetConfig_Outfit.csv,14,融合条件,MixParm,
PetConfig_OutfitLevel.csv,1,ID,ID,
PetConfig_OutfitLevel.csv,2,升级库ID,UpID,
PetConfig_OutfitLevel.csv,3,装备提升类型,OutfitUpType,
PetConfig_OutfitLevel.csv,4,等级,OutfitLevel,
PetConfig_OutfitLevel.csv,5,星级,OutfitStar,
PetConfig_OutfitLevel.csv,6,装备升级属性,OutfitAttr,
PetConfig_OutfitLevel.csv,7,升级所需经验,OutfitExp,
PetConfig_OutfitLevel.csv,8,升星属性值,StarAttr,
PetConfig_OutfitLevel.csv,9,升星消耗,StarCost,1
PetConfig_PetQuality.csv,1,品质序号,ID,
PetConfig_PetQuality.csv,2,无描边品质标签,QualityText_no,
PetConfig_PetQuality.csv,3,获得界面品质标签-中间,GetCentreQuality,
PetConfig_Quality.csv,1,装备品质id,Id,
PetConfig_Quality.csv,2,Key_品质名称,Key_QualityName,
PetConfig_Quality.csv,3,品质名称,QualityName,
PetConfig_Quality.csv,4,分解材料返还率,FenjieRate,
PetConfig_Quality.csv,5,品质底图,QualityBaseMap,
PetConfig_Quality.csv,6,初始词条数与权重,AffixRate,1
PetConfig_Skill.csv,1,主键id,ID,
PetConfig_Skill.csv,2,技能组id,SkillGroup,
PetConfig_Skill.csv,3,技能类型,SkillType,
PetConfig_Skill.csv,4,星级,PetStar,
PetConfig_Skill.csv,5,技能图标,Icon,
PetConfig_Skill.csv,6,key_技能名称,Key_SkillName,
PetConfig_Skill.csv,7,技能名称,SkillName,
PetConfig_Skill.csv,8,Key_描述,Key_SkillIDescribe,
PetConfig_Skill.csv,9,技能描述,SkillIDescribe,
PetConfig_Skill.csv,10,技能虚战力,SkillAbilityAdd,
PetConfig_Skill.csv,11,技能id,SkillID,
PetConfig_Skill.csv,12,零件组,PartList,
PetConfig_Suit.csv,1,流水ID,Id,
PetConfig_Suit.csv,2,套装ID,SuitId,
PetConfig_Suit.csv,3,Key_套装名称,Key_SuitName,
PetConfig_Suit.csv,4,套装名称,SuitName,
PetConfig_Suit.csv,5,套装数量,EquipCount,
PetConfig_Suit.csv,6,技能组id,SkillGroupID,
PetConfig_Suit.csv,7,Key_套装描述,Key_SuitDesc,
PetConfig_Suit.csv,8,套装描述,SuitDesc,
PetConfig_Suit.csv,9,套装图标,SuitIcon,
PetConfig_SuitSkill.csv,1,主键id,ID,
PetConfig_SuitSkill.csv,2,技能组id,SkillGroup,
PetConfig_SuitSkill.csv,3,技能类型,SkillType,
PetConfig_SuitSkill.csv,4,套装星级,SuitStar,
PetConfig_SuitSkill.csv,5,技能图标,Icon,
PetConfig_SuitSkill.csv,6,key_技能名称,Key_SkillName,
PetConfig_SuitSkill.csv,7,技能名称,SkillName,
PetConfig_SuitSkill.csv,8,Key_描述,Key_SkillIDescribe,
PetConfig_SuitSkill.csv,9,技能描述,SkillIDescribe,
PetConfig_SuitSkill.csv,10,技能虚战力,SkillAbilityAdd,
PetConfig_SuitSkill.csv,11,技能id,SkillID,
PetConfig_UpGrade.csv,1,ID,ID,
PetConfig_UpGrade.csv,2,升级库ID,UpID,
PetConfig_UpGrade.csv,3,提升类型,UpType,
PetConfig_UpGrade.csv,4,等级,PetGrade,
PetConfig_UpGrade.csv,5,突破等级,BreakLevel,
PetConfig_UpGrade.csv,6,等级上限,LevelMax,1
PetConfig_UpGrade.csv,7,升级所需经验,PetExp,
PetConfig_UpGrade.csv,8,突破道具,BreakItem,
PetConfig_UpGrade.csv,9,提升魔宠属性,PetAttribute,
PetConfig_UpGrade.csv,10,提升角色属性,HeroAttribute,
PetConfig_UpStar.csv,1,ID,ID,
PetConfig_UpStar.csv,2,类型,StarUpID,
PetConfig_UpStar.csv,3,星级,PetStar,
PetConfig_UpStar.csv,4,升星道具,PetItem,
PetConfig_UpStar.csv,5,升星属性值,StarHeroAttr,
PetConfig_UpStar.csv,6,宠物属性,PetAttr,
PetConfig_UpStar.csv,7,角色属性,HeroAttr,
PetConfig_Value.csv,1,ID,Id,
PetConfig_Value.csv,2,属性组id,AttributeGroupID,
PetConfig_Value.csv,3,属性id,AttributeID,
PetConfig_Value.csv,4,属性品质,AttributeQuality,
PetConfig_Value.csv,5,权重组,Rate,1
PetConfig_Value.csv,6,最小数值,min_num,
PetConfig_Value.csv,7,可达最大数值,max_num,
PetConfig_Value.csv,8,装备品质词条映射,AttrQualityMap,
PetConfig_ValueQuality.csv,1,词条品质,EntryQuality,
PetConfig_ValueQuality.csv,2,Key_品质名称,Key_QualityName,
PetConfig_ValueQuality.csv,3,品质名称,QualityName,
PetRace_Base.csv,1,ID,Id,
PetRace_Base.csv,2,第一波,MissionId1,
PetRace_Base.csv,3,第二波,MissionId2,
PetRace_Base.csv,4,关卡增益,MissionBuff,
PetRace_Base.csv,5,Key_关卡增益描述,Key_MissionBuffDes,
PetRace_Base.csv,6,关卡增益描述,MissionBuffDes,
PetRace_Base.csv,7,目标条件,TragetCondition,
PetRace_Coefficient.csv,1,流水ID,Id,
PetRace_Coefficient.csv,2,服务器类型,ServerType,
PetRace_Coefficient.csv,3,周数,Weeks,
PetRace_Coefficient.csv,4,攻击属性增加系数,AttkCoeff,
PetRace_Coefficient.csv,5,防御属性增加系数,DefCoeff,
PetRace_Coefficient.csv,6,生命属性增加系数,HPCoeff,
PetRace_Coefficient.csv,7,暴击率属性增加系数,CritCoeff,
PetRace_Coefficient.csv,8,爆伤属性增加系数,CritDamCoeff,
PetRace_Coefficient.csv,9,抗暴属性增加系数,AntiCritCoeff,
PetRace_Coefficient.csv,10,爆伤减免属性增加系数,AntiCritDamCoeff,
PetRace_Condition.csv,1,流水ID,Id,
PetRace_Condition.csv,2,限制条件类型,Condition,
PetRace_Condition.csv,3,限制条件参数,ConditionValue,
PetRace_Condition.csv,4,Key_限制条件文本描述,Key_ConditionText,
PetRace_Condition.csv,5,限制条件文本描述,ConditionText,
PetRace_Config.csv,1,流水ID,Id,
PetRace_Config.csv,2,描述,Des,
PetRace_Config.csv,3,名称,Name,
PetRace_Config.csv,4,值,Value,
PetRace_LevelReward.csv,1,ID,Id,
PetRace_LevelReward.csv,2,首通奖励,FirstRewardLoot,1
PetRace_LevelReward.csv,3,首通双倍奖励,DoubleFirstRewardLoot,1
PetRace_LevelReward.csv,4,首通奖励（仅显示）,FirstReward,1
PetRace_Mission.csv,1,流水ID,Id,
PetRace_Mission.csv,2,目标场景ID,SceneID1,
PetRace_Mission.csv,3,敌人信息,EnemyInfo,
PetRace_Mission.csv,4,均衡模式,Balanced,
PetRace_Reward.csv,1,ID,Id,
PetRace_Reward.csv,2,获得奖励,RewardLoot,1
PetRace_Reward.csv,3,获得奖励（仅显示）,Reward,1
PetRace_Season.csv,1,赛季ID,Id,
PetRace_Season.csv,2,开始时间,PetRaceOpenTime,1
PetRace_Season.csv,3,结束时间,PetRaceCloseTime,1
PetRace_Season.csv,4,热点角色,HotHero,
PetRace_Season.csv,5,属性加成,HotHeroAttr,
PetRace_Season.csv,6,赛季增益,SeasonBuff,
PetRace_Season.csv,7,Key_赛季增益描述,Key_SeasonBuffName,
PetRace_Season.csv,8,赛季增益描述,SeasonBuffName,
PetRace_Season.csv,9,Key_赛季增益描述,Key_SeasonBuffDes,
PetRace_Season.csv,10,赛季增益描述,SeasonBuffDes,
PetRace_Season.csv,11,本赛季关卡,SeasonMission,
PetRace_Season.csv,12,每日挑战次数,DailyCount,1
PetRace_Season.csv,13,排行榜ID,RankId,
PetRace_Season.csv,14,是否首通双倍奖励,IsDoubleFirstReward,1
PhasicConfig_Base.csv,1,流水ID,Id,
PhasicConfig_Base.csv,2,Key_描述,Key_Desc,
PhasicConfig_Base.csv,3,描述,Desc,
PhasicConfig_Base.csv,4,相性图标,IconPath,
PhasicConfig_Base.csv,5,纯底色相性图标,Icon,
PhasicConfig_Base.csv,6,长方形图标,RectangleIcon,
PhasicConfig_Base.csv,7,相性文字旁边的图标,IconFont,
PhasicConfig_Base.csv,8,颜色,Color,
PhasicConfig_Base.csv,9,名册排序,Order,
PhasicConfig_Base.csv,10,赛季buffRbg,BuffRbg,
PhasicConfig_Base.csv,11,赛季buffRimpower,BuffRimpower,
PhasicConfig_Base.csv,12,赛季buffRimIntensy,BuffRimIntensy,
PhasicConfig_Base.csv,13,迷宫相性图标,IconForMazeBuff,
PhasicConfig_Base.csv,14,相性力竭色号,BreakColor,
PhasicConfig_Base.csv,15,相性力竭icon,BreakIcon,
PhasicConfig_Restraint.csv,1,流水ID,Id,
PhasicConfig_Restraint.csv,2,左值,Left,
PhasicConfig_Restraint.csv,3,右值,Right,
PhasicConfig_Restraint.csv,4,克制关系,RetraintType,
PhasicConfig_Restraint.csv,5,系数,Coefficient,
PhasicTower_Base.csv,1,流水ID,Id,
PhasicTower_Base.csv,2,Key_关卡名称,Key_Name,
PhasicTower_Base.csv,3,关卡名称,Name,
PhasicTower_Base.csv,4,关卡类型,Type,
PhasicTower_Base.csv,5,相性塔id,TowerId,
PhasicTower_Base.csv,6,关卡（推荐）战力,RecommendForce,
PhasicTower_Base.csv,7,危险战力,DangerForce,
PhasicTower_Base.csv,8,目标场景ID,SceneId,
PhasicTower_Base.csv,9,敌人信息,EnemyInfo,
PhasicTower_Base.csv,10,关卡限时,StageLimitedTime,
PhasicTower_Base.csv,11,首通奖励,FirstReward,1
PhasicTower_Base.csv,12,复刷奖励,RepeatReward,1
PhasicTower_Base.csv,13,首通奖励loot表id,FirstRewardLootId,1
PhasicTower_Base.csv,14,复刷奖励loot表id,RepeatRewardLootId,1
PhasicTower_Base.csv,15,三星条件,StarCondition,
PhasicTower_Difficulty.csv,1,流水ID,Id,
PhasicTower_Difficulty.csv,2,所属相性id,PhasicId,
PhasicTower_Difficulty.csv,3,难度id,DifficultyId,
PhasicTower_Difficulty.csv,4,Key_难度描述文本,Key_DifficultyText,
PhasicTower_Difficulty.csv,5,难度描述文本,DifficultyText,
PhasicTower_Difficulty.csv,6,该难度解锁所需星数,UnlockStarNum,
PhasicTower_Difficulty.csv,7,该难度解锁所需剧团等级,UnlockLevel,
PhasicTower_PhasicMechanism.csv,1,序号,Id,
PhasicTower_PhasicMechanism.csv,2,机关组ID,ArenaMechanismGroupID,
PhasicTower_PhasicMechanism.csv,3,所属相性,PhasicId,
PhasicTower_PhasicMechanism.csv,4,机关等级,MechanismLevel,
PhasicTower_PhasicMechanism.csv,5,机关品质,MechanismQuality,
PhasicTower_PhasicMechanism.csv,6,机关类型,MechanismType,
PhasicTower_PhasicMechanism.csv,7,解锁关卡,Unlock,
PhasicTower_PhasicMechanism.csv,8,数据源模型,OriginalID,
PhasicTower_PhasicMechanism.csv,9,属性Id,AttrId,
PhasicTower_PhasicMechanism.csv,10,技能Id,FixedSkills,
PhasicTower_PhasicMechanism.csv,11,机关特效挂载,PreCombatEffect,
PhasicTower_PhasicMechanism.csv,12,机关升级消耗,MechanismLevelUpCost,1
PhasicTower_PhasicMechanism.csv,13,Key_机关名称,Key_ArenaMechanismName,
PhasicTower_PhasicMechanism.csv,14,机关名称,ArenaMechanismName,
PhasicTower_PhasicMechanism.csv,15,Key_机关描述,Key_ArenaMechanismDes,
PhasicTower_PhasicMechanism.csv,16,机关描述,ArenaMechanismDes,
PhasicTower_PhasicMechanism.csv,17,技能数值,SkillNumber,
PhasicTower_PhasicMechanism.csv,18,参数,ParamString,
PhasicTower_StarCondition.csv,1,流水ID,Id,
PhasicTower_StarCondition.csv,2,限制条件类型,Condition,
PhasicTower_StarCondition.csv,3,限制条件参数,ConditionValue,
PhasicTower_StarCondition.csv,4,Key_限制条件文本描述,Key_ConditionText,
PhasicTower_StarCondition.csv,5,限制条件文本描述,ConditionText,
PhotoActionConfig_Base.csv,1,流水ID,Id,
PhotoActionConfig_Base.csv,2,全局的角色ID,LinkId,
PhotoActionConfig_Base.csv,3,角色是否可作为助理,Isassistant,
PhotoActionConfig_Base.csv,4,对应起始动作id,ActionId1,
PhotoActionConfig_Base.csv,5,对应循环动作id,ActionId2,
PhotoActionConfig_Base.csv,6,对应终止动作id,ActionId3,
PhotoActionConfig_Base.csv,7,仅播放一次的动作,ActionId4,
PhotoActionConfig_Base.csv,8,Key_动作对应名称,Key_ActionName,
PhotoActionConfig_Base.csv,9,动作对应名称,ActionName,
PhotoActionConfig_Base.csv,10,是否使用,Trigger,
PhotoActionConfig_Base.csv,11,播放动作时间点,Playtime,
PhotoActionConfig_Base.csv,12,是否默认解锁,IsUnlock,
PicConfig_Base.csv,1,流水ID,Id,
PicConfig_Base.csv,2,无多语言横屏图片,LandscapePic,
PicConfig_Base.csv,3,无多语言竖屏图片,VerticalPic,
PicConfig_Base.csv,4,中文横屏图片,CnLandscapePic,
PicConfig_Base.csv,5,中文竖屏图片,CnVerticalPic,
PicConfig_Base.csv,6,英文横屏图片,EnLandscapePic,
PicConfig_Base.csv,7,英文横屏图片,EnVerticalPic,
PicConfig_Base.csv,8,日文横屏图片,JpLandscapePic,
PicConfig_Base.csv,9,日文横屏图片,JpVerticalPic,
PictureBook_Base.csv,1,流水ID,Id,
PictureBook_Base.csv,2,左侧图标,Icon,
PictureBook_Base.csv,3,关联id,AssociationID,
PictureBook_Base.csv,4,奖励,Award,1
PictureBook_Base.csv,5,Key_文本,Key_Desc,
PictureBook_Base.csv,6,文本,Desc,
PictureBook_Base.csv,7,Key_规则文本,Key_Desc3,
PictureBook_Base.csv,8,规则文本,Desc3,
PictureBook_Content.csv,1,流水ID,Id,
PictureBook_Content.csv,2,解锁道具,UnlockItem,
PictureBook_Content.csv,3,Key_文本,Key_desc,
PictureBook_Content.csv,4,文本,desc,
PictureBook_Content.csv,5,对应关卡ID,MissionID,
PlayerConfig_PlayerExp.csv,1,等级,Id,
PlayerConfig_PlayerExp.csv,2,经验,EXP,
PlayerConfig_PlayerExp.csv,3,升级奖励,RewardPower,1
PlayerConfig_PlayerExp.csv,4,自然恢复体力上限,RecLimit,1
PlayerConfig_PlayerExp.csv,5,解锁条件,Condition,1
PlayerConfig_PlayerExp.csv,6,提示内容,RecTipsInfo,
PlayerConfig_PlayerExp.csv,7,任务经验,TaskEXP,
PlayerConfig_PlayerExp.csv,8,体力转化经验比例,HealthExpRate,
PlayerConfig_PlayerExp.csv,9,世界等级,WorldLevel,
PlayerConfig_PlayerName.csv,1,任务目标ID,Id,
PlayerConfig_PlayerName.csv,2,Key_名字1,Key_FirstName,
PlayerConfig_PlayerName.csv,3,名字1,FirstName,
PlayerConfig_PlayerName.csv,4,Key_名字2,Key_SecondName,
PlayerConfig_PlayerName.csv,5,名字2,SecondName,
PlayerConfig_PlayerName.csv,6,Key_名字3,Key_ThirdName,
PlayerConfig_PlayerName.csv,7,名字3,ThirdName,
PlayerConfig_PlayerNameEn.csv,1,任务目标ID,Id,
PlayerConfig_PlayerNameEn.csv,2,Key_名字1,Key_FirstName,
PlayerConfig_PlayerNameEn.csv,3,名字1,FirstName,
PlayerConfig_PlayerNameJp.csv,1,任务目标ID,Id,
PlayerConfig_PlayerNameJp.csv,2,Key_名字1,Key_FirstName,
PlayerConfig_PlayerNameJp.csv,3,名字1,FirstName,
PlayerConfig_PlayerNameJp.csv,4,Key_名字2,Key_SecondName,
PlayerConfig_PlayerNameJp.csv,5,名字2,SecondName,
PlayerConfig_RecActivity.csv,1,ID,Id,
PlayerConfig_RecActivity.csv,2,平台期ID,BottleneckID,
PlayerConfig_RecActivity.csv,3,副本ID,Missionid,
PlayerConfig_RecActivity.csv,4,条件ID,ConditionIds,
PlayerConfig_RecActivity.csv,5,推荐方式,PreferredMethods,
PlayerConfig_RecActivityLib.csv,1,ID,Id,
PlayerConfig_RecActivityLib.csv,2,平台期ID,LevelID,
PlayerConfig_RecActivityLib.csv,3,所需体力,Points,
PlayerConfig_RecActivityLib.csv,4,对应奖励包,PointsDrop,1
PlayerConfig_RecActivityLib.csv,5,显示方式,ShowType,
PlayerConfig_RecCondition.csv,1,ID,Id,
PlayerConfig_RecCondition.csv,2,Key_目标条件描述,Key_TargetTxt,
PlayerConfig_RecCondition.csv,3,目标条件描述,TargetTxt,
PlayerConfig_RecCondition.csv,4,达成条件,Condition,
PlayerConfig_RecCondition.csv,5,跳转,QuickPath,
PlayerConfig_RecCondition.csv,6,新跳转,GoParams,
PlayerConfig_RecTipsInfo.csv,1,流水ID,Id,
PlayerConfig_RecTipsInfo.csv,2,Key_描述,Key_TipDes,
PlayerConfig_RecTipsInfo.csv,3,描述,TipDes,
PlayerConfig_RecTipsInfo.csv,4,Key提示内容,Key_TipsInfo,
PlayerConfig_RecTipsInfo.csv,5,提示内容,TipsInfo,
PlayerConfig_RecTipsInfo.csv,6,图标,Icon,
PlayerConfig_RecTipsInfo.csv,7,系统ID,SyetemID,
PlayerConfig_RecUnlockInfo.csv,1,ID,Id,
PlayerConfig_RecUnlockInfo.csv,2,Key_目标条件描述,Key_UnlockInfo,
PlayerConfig_RecUnlockInfo.csv,3,显示解锁内容,UnlockInfo,
PlayerConfig_RecUnlockInfo.csv,4,Key_目标条件描述,Key_Unlock,
PlayerConfig_RecUnlockInfo.csv,5,显示解锁/开放,Unlock,
PrivilegeConfig_Base.csv,1,流水ID,Id,
PrivilegeConfig_Base.csv,2,目标类型,Type,
PrivilegeConfig_Base.csv,3,参数配置,Param,
PrivilegeConfig_Type.csv,1,流水ID,Id,
PrivilegeConfig_Type.csv,2,类型描述,Desc,
PrivilegeConfig_Type.csv,3,参数1,Param1,
PrivilegeConfig_Type.csv,4,参数2,Param2,
PrivilegeConfig_Type.csv,5,参数3,Param3,
PTPSubtitleConfig_Base.csv,1,流水ID,ID,
PTPSubtitleConfig_Base.csv,2,剧情文件名称,FileName,
PTPSubtitleConfig_Base.csv,3,剧情组内序号,Index,
PTPSubtitleConfig_Base.csv,4,对白多语言key,Key_Dialogue,
PTPSubtitleConfig_Base.csv,5,对白,Dialogue,
PTPSubtitleConfig_Base.csv,6,多语言注释,ContentAuthor,
PuzzleActicityConfig_Base.csv,1,流水ID,Id,
PuzzleActicityConfig_Base.csv,2,拼图列表,List,
PuzzleActicityConfig_List.csv,1,流水ID,Id,
PuzzleActicityConfig_List.csv,2,开启时间,OpenDay,1
PuzzleActicityConfig_List.csv,3,前置拼图,LastPuzzle,
PuzzleActicityConfig_List.csv,4,辅助列,Rewards,
PuzzleActicityConfig_List.csv,5,对应奖励,Rewards,1
PuzzleActicityConfig_List.csv,6,小图初始位置顺序,Puzzle,
PuzzleActicityConfig_List.csv,7,大图资源,ImgPath,
PuzzleActicityConfig_Puzzle.csv,1,流水ID,Id,
PuzzleActicityConfig_Puzzle.csv,2,大图id,PicId,
PuzzleActicityConfig_Puzzle.csv,3,小图资源,weight,
QualityConfig_Base.csv,1,流水ID,id,
QualityConfig_Base.csv,2,描述,Desc,
QualityConfig_Base.csv,3,描述,Txt,
QualityConfig_Base.csv,4,画质,Level,
QualityConfig_Base.csv,5,应用场景,Environment,
QualityConfig_Base.csv,6,抗锯齿,MSAA,
QualityConfig_Base.csv,7,TAA,TAA,
QualityConfig_Base.csv,8,RenderScale,RenderScale,
QualityConfig_Base.csv,9,分辨率,Resolution,
QualityConfig_Base.csv,10,动态骨骼,DynamicBone,
QualityConfig_Base.csv,11,动态光源,DynamicLight,
QualityConfig_Base.csv,12,角色阴影,Shadow,
QualityConfig_Base.csv,13,高性能消耗特效,Effect,1
QualityConfig_Base.csv,14,HDR,HDR,
QualityConfig_Base.csv,15,反射,Reflection,
QualityConfig_Base.csv,16,辉光,Bloom,
QualityConfig_Base.csv,17,景深,DOF,
QualityConfig_Base.csv,18,高品质,ColorGrade,
QualityConfig_Base.csv,19,Vignette,Vignette,
QualityConfig_Base.csv,20,屏幕叠色,ScreenOverlay,
QualityConfig_Base.csv,21,镜像模糊,RadiaBlur,
QualityConfig_Base.csv,22,角色描线,CharOutLine,
QualityConfig_Base.csv,23,SSRimLight,SSRimLight,
QualityConfig_Base.csv,24,ShaderLod,ShaderLod,
QualityConfig_Base.csv,25,SceneShaderLod,SceneShaderLod,
QualityConfig_Base.csv,26,ColorDepth,ColorDepth,
QualityConfig_Base.csv,27,DepthPrepass,DepthPrepass,
QualityConfig_Base.csv,28,运动模糊,MotionBlur,
QualityConfig_Base.csv,29,高度雾,HeightFog,
QualityConfig_Base.csv,30,屏幕扭曲,ScreenDistortion,
QualityConfig_Base.csv,31,屏幕扫描,ScreenScan,
QualityConfig_Base.csv,32,屏幕调色,ScreenLevels,
QualityConfig_Base.csv,33,体积光,VolumetricLight,
QualityConfig_Base.csv,34,mipmap等级,TextureMipmapLimit,
QualityConfig_Base.csv,35,镜像模糊Plus,RadiaBlurPlus,
QualityConfig_Base.csv,36,LiftGammaGain,LiftGammaGain,
QualityConfig_Base.csv,37,蒙皮骨骼数量,SkinWeights,
QualityConfig_PC.csv,1,流水ID,id,
QualityConfig_PC.csv,2,描述,Desc,
QualityConfig_PC.csv,3,描述,Txt,
QualityConfig_PC.csv,4,画质,Level,
QualityConfig_PC.csv,5,应用场景,Environment,
QualityConfig_PC.csv,6,抗锯齿,MSAA,
QualityConfig_PC.csv,7,TAA,TAA,
QualityConfig_PC.csv,8,RenderScale,RenderScale,
QualityConfig_PC.csv,9,分辨率,Resolution,
QualityConfig_PC.csv,10,动态骨骼,DynamicBone,
QualityConfig_PC.csv,11,动态光源,DynamicLight,
QualityConfig_PC.csv,12,角色阴影,Shadow,
QualityConfig_PC.csv,13,高性能消耗特效,Effect,1
QualityConfig_PC.csv,14,HDR,HDR,
QualityConfig_PC.csv,15,反射,Reflection,
QualityConfig_PC.csv,16,辉光,Bloom,
QualityConfig_PC.csv,17,景深,DOF,
QualityConfig_PC.csv,18,高品质,ColorGrade,
QualityConfig_PC.csv,19,Vignette,Vignette,
QualityConfig_PC.csv,20,屏幕叠色,ScreenOverlay,
QualityConfig_PC.csv,21,镜像模糊,RadiaBlur,
QualityConfig_PC.csv,22,角色描线,CharOutLine,
QualityConfig_PC.csv,23,SSRimLight,SSRimLight,
QualityConfig_PC.csv,24,ShaderLod,ShaderLod,
QualityConfig_PC.csv,25,SceneShaderLod,SceneShaderLod,
QualityConfig_PC.csv,26,ColorDepth,ColorDepth,
QualityConfig_PC.csv,27,DepthPrepass,DepthPrepass,
QualityConfig_PC.csv,28,运动模糊,MotionBlur,
QualityConfig_PC.csv,29,高度雾,HeightFog,
QualityConfig_PC.csv,30,屏幕扭曲,ScreenDistortion,
QualityConfig_PC.csv,31,屏幕扫描,ScreenScan,
QualityConfig_PC.csv,32,屏幕调色,ScreenLevels,
QualityConfig_PC.csv,33,体积光,VolumetricLight,
QualityConfig_PC.csv,34,mipmap等级,TextureMipmapLimit,
QualityConfig_PC.csv,35,镜像模糊Plus,RadiaBlurPlus,
QualityConfig_PC.csv,36,LiftGammaGain,LiftGammaGain,
QualityConfig_PC.csv,37,蒙皮骨骼数量,SkinWeights,
QuestConfig_Activity.csv,1,任务ID,Id,
QuestConfig_Activity.csv,2,Key_任务名称,Key_Name,
QuestConfig_Activity.csv,3,任务名称,Name,
QuestConfig_Activity.csv,4,Key_任务简介,Key_Des,
QuestConfig_Activity.csv,5,任务简介,Des,
QuestConfig_Activity.csv,6,Key_任务描述,Key_Description,
QuestConfig_Activity.csv,7,任务描述,Description,
QuestConfig_Activity.csv,8,Key_任务组名称,Key_GroupName,
QuestConfig_Activity.csv,9,任务组名称,GroupName,
QuestConfig_Activity.csv,10,任务组ID,GroupID,
QuestConfig_Activity.csv,11,任务组步骤,GroupStep,
QuestConfig_Activity.csv,12,主界面引导任务排序,GuideSort,
QuestConfig_Activity.csv,13,图标,Icon,
QuestConfig_Activity.csv,14,任务类型,Type,
QuestConfig_Activity.csv,15,子类型,SubType,
QuestConfig_Activity.csv,16,归属主题,Theme,
QuestConfig_Activity.csv,17,任务阶段,Stage,
QuestConfig_Activity.csv,18,前置任务,PreTask,
QuestConfig_Activity.csv,19,任务目标,Target,
QuestConfig_Activity.csv,20,任务计数,Count,
QuestConfig_Activity.csv,21,任务目标附加参数1,TargetValue1,
QuestConfig_Activity.csv,22,任务目标附加参数2,TargetValue2,
QuestConfig_Activity.csv,23,产出印记数,ActivityPoint,1
QuestConfig_Activity.csv,24,任务品质,Quality,
QuestConfig_Activity.csv,25,是否为循环任务,IsLoop,
QuestConfig_Activity.csv,26,任务奖励,Reward,1
QuestConfig_Activity.csv,27,跳转systemid,GoParams,
QuestConfig_Activity.csv,28,任务目标前置系统id,TargetPreSystemID,
QuestConfig_ActivityBossTask.csv,1,任务ID,Id,
QuestConfig_ActivityBossTask.csv,2,Key_任务名称,Key_Name,
QuestConfig_ActivityBossTask.csv,3,任务名称,Name,
QuestConfig_ActivityBossTask.csv,4,Key_任务简介,Key_Des,
QuestConfig_ActivityBossTask.csv,5,任务简介,Des,
QuestConfig_ActivityBossTask.csv,6,任务组ID,GroupID,
QuestConfig_ActivityBossTask.csv,7,任务组步骤,GroupStep,
QuestConfig_ActivityBossTask.csv,8,主界面引导任务排序,GuideSort,
QuestConfig_ActivityBossTask.csv,9,图标,Icon,
QuestConfig_ActivityBossTask.csv,10,任务类型,Type,
QuestConfig_ActivityBossTask.csv,11,子类型,SubType,
QuestConfig_ActivityBossTask.csv,12,归属主题,Theme,
QuestConfig_ActivityBossTask.csv,13,任务阶段,Stage,
QuestConfig_ActivityBossTask.csv,14,前置任务,PreTask,
QuestConfig_ActivityBossTask.csv,15,任务目标,Target,
QuestConfig_ActivityBossTask.csv,16,任务计数,Count,
QuestConfig_ActivityBossTask.csv,17,任务目标附加参数1,TargetValue1,
QuestConfig_ActivityBossTask.csv,18,任务目标附加参数2,TargetValue2,
QuestConfig_ActivityBossTask.csv,19,产出印记数,ActivityPoint,1
QuestConfig_ActivityBossTask.csv,20,任务品质,Quality,
QuestConfig_ActivityBossTask.csv,21,是否为循环任务,IsLoop,
QuestConfig_ActivityBossTask.csv,22,任务奖励,Reward,1
QuestConfig_ActivityBossTask.csv,23,任务目标前置系统id,TargetPreSystemID,
QuestConfig_BattlePass.csv,1,任务ID,Id,
QuestConfig_BattlePass.csv,2,Key_任务名称,Key_Name,
QuestConfig_BattlePass.csv,3,任务名称,Name,
QuestConfig_BattlePass.csv,4,Key_任务简介,Key_Des,
QuestConfig_BattlePass.csv,5,任务简介,Des,
QuestConfig_BattlePass.csv,6,Key_任务描述,Key_Description,
QuestConfig_BattlePass.csv,7,任务描述,Description,
QuestConfig_BattlePass.csv,8,Key_任务组名称,Key_GroupName,
QuestConfig_BattlePass.csv,9,任务组名称,GroupName,
QuestConfig_BattlePass.csv,10,任务组ID,GroupID,
QuestConfig_BattlePass.csv,11,任务组步骤,GroupStep,
QuestConfig_BattlePass.csv,12,主界面引导任务排序,GuideSort,
QuestConfig_BattlePass.csv,13,图标,Icon,
QuestConfig_BattlePass.csv,14,任务类型,Type,
QuestConfig_BattlePass.csv,15,子类型,SubType,
QuestConfig_BattlePass.csv,16,归属主题,Theme,
QuestConfig_BattlePass.csv,17,任务阶段,Stage,
QuestConfig_BattlePass.csv,18,前置任务,PreTask,
QuestConfig_BattlePass.csv,19,任务目标,Target,
QuestConfig_BattlePass.csv,20,任务计数,Count,
QuestConfig_BattlePass.csv,21,任务目标附加参数1,TargetValue1,
QuestConfig_BattlePass.csv,22,任务目标附加参数2,TargetValue2,
QuestConfig_BattlePass.csv,23,产出印记数,ActivityPoint,1
QuestConfig_BattlePass.csv,24,任务品质,Quality,
QuestConfig_BattlePass.csv,25,是否为循环任务,IsLoop,
QuestConfig_BattlePass.csv,26,任务奖励,Reward,1
QuestConfig_BattlePass.csv,27,跳转systemid,GoParams,
QuestConfig_BattlePass.csv,28,任务目标前置系统id,TargetPreSystemID,
QuestConfig_ChapterTask.csv,1,任务ID,Id,
QuestConfig_ChapterTask.csv,2,Key_任务名称,Key_Name,
QuestConfig_ChapterTask.csv,3,任务名称,Name,
QuestConfig_ChapterTask.csv,4,Key_任务简介,Key_Des,
QuestConfig_ChapterTask.csv,5,任务简介,Des,
QuestConfig_ChapterTask.csv,6,Key_任务描述,Key_Description,
QuestConfig_ChapterTask.csv,7,任务描述,Description,
QuestConfig_ChapterTask.csv,8,Key_任务组名称,Key_GroupName,
QuestConfig_ChapterTask.csv,9,任务组名称,GroupName,
QuestConfig_ChapterTask.csv,10,任务组ID,GroupID,
QuestConfig_ChapterTask.csv,11,任务组步骤,GroupStep,
QuestConfig_ChapterTask.csv,12,主界面引导任务排序,GuideSort,
QuestConfig_ChapterTask.csv,13,图标,Icon,
QuestConfig_ChapterTask.csv,14,任务类型,Type,
QuestConfig_ChapterTask.csv,15,子类型,SubType,
QuestConfig_ChapterTask.csv,16,归属主题,Theme,
QuestConfig_ChapterTask.csv,17,任务阶段,Stage,
QuestConfig_ChapterTask.csv,18,前置任务,PreTask,
QuestConfig_ChapterTask.csv,19,任务目标,Target,
QuestConfig_ChapterTask.csv,20,任务计数,Count,
QuestConfig_ChapterTask.csv,21,任务目标附加参数1,TargetValue1,
QuestConfig_ChapterTask.csv,22,任务目标附加参数2,TargetValue2,
QuestConfig_ChapterTask.csv,23,产出印记数,ActivityPoint,1
QuestConfig_ChapterTask.csv,24,任务品质,Quality,
QuestConfig_ChapterTask.csv,25,是否为循环任务,IsLoop,
QuestConfig_ChapterTask.csv,26,任务奖励,Reward,1
QuestConfig_ChapterTask.csv,27,跳转systemid,GoParams,
QuestConfig_ChapterTask.csv,28,任务目标前置系统id,TargetPreSystemID,
QuestConfig_Daily.csv,1,任务ID,Id,
QuestConfig_Daily.csv,2,Key_任务名称,Key_Name,
QuestConfig_Daily.csv,3,任务名称,Name,
QuestConfig_Daily.csv,4,Key_任务简介,Key_Des,
QuestConfig_Daily.csv,5,任务简介,Des,
QuestConfig_Daily.csv,6,Key_任务描述,Key_Description,
QuestConfig_Daily.csv,7,任务描述,Description,
QuestConfig_Daily.csv,8,Key_任务组名称,Key_GroupName,
QuestConfig_Daily.csv,9,任务组名称,GroupName,
QuestConfig_Daily.csv,10,任务组ID,GroupID,
QuestConfig_Daily.csv,11,任务组步骤,GroupStep,
QuestConfig_Daily.csv,12,主界面引导任务排序,GuideSort,
QuestConfig_Daily.csv,13,图标,Icon,
QuestConfig_Daily.csv,14,任务类型,Type,
QuestConfig_Daily.csv,15,子类型,SubType,
QuestConfig_Daily.csv,16,归属主题,Theme,
QuestConfig_Daily.csv,17,任务阶段,Stage,
QuestConfig_Daily.csv,18,前置任务,PreTask,
QuestConfig_Daily.csv,19,任务目标,Target,
QuestConfig_Daily.csv,20,任务计数,Count,
QuestConfig_Daily.csv,21,任务目标附加参数1,TargetValue1,
QuestConfig_Daily.csv,22,任务目标附加参数2,TargetValue2,
QuestConfig_Daily.csv,23,产出印记数,ActivityPoint,1
QuestConfig_Daily.csv,24,任务品质,Quality,
QuestConfig_Daily.csv,25,是否为循环任务,IsLoop,
QuestConfig_Daily.csv,26,任务奖励,Reward,1
QuestConfig_Daily.csv,27,跳转systemid,GoParams,
QuestConfig_Daily.csv,28,任务目标前置系统id,TargetPreSystemID,
QuestConfig_Daily.csv,29,是否跟随系统开放显示,IsShow,
QuestConfig_DreamLandBounty.csv,1,任务ID,Id,
QuestConfig_DreamLandBounty.csv,2,Key_任务名称,Key_Name,
QuestConfig_DreamLandBounty.csv,3,任务名称,Name,
QuestConfig_DreamLandBounty.csv,4,Key_任务简介,Key_Des,
QuestConfig_DreamLandBounty.csv,5,任务简介,Des,
QuestConfig_DreamLandBounty.csv,6,任务组ID,GroupID,
QuestConfig_DreamLandBounty.csv,7,任务组步骤,GroupStep,
QuestConfig_DreamLandBounty.csv,8,主界面引导任务排序,GuideSort,
QuestConfig_DreamLandBounty.csv,9,图标,Icon,
QuestConfig_DreamLandBounty.csv,10,任务类型,Type,
QuestConfig_DreamLandBounty.csv,11,子类型,SubType,
QuestConfig_DreamLandBounty.csv,12,归属主题,Theme,
QuestConfig_DreamLandBounty.csv,13,任务阶段,Stage,
QuestConfig_DreamLandBounty.csv,14,前置任务,PreTask,
QuestConfig_DreamLandBounty.csv,15,任务目标,Target,
QuestConfig_DreamLandBounty.csv,16,任务计数,Count,
QuestConfig_DreamLandBounty.csv,17,任务目标附加参数1,TargetValue1,
QuestConfig_DreamLandBounty.csv,18,任务目标附加参数2,TargetValue2,
QuestConfig_DreamLandBounty.csv,19,产出印记数,ActivityPoint,1
QuestConfig_DreamLandBounty.csv,20,任务品质,Quality,
QuestConfig_DreamLandBounty.csv,21,是否为循环任务,IsLoop,
QuestConfig_DreamLandBounty.csv,22,任务奖励,Reward,1
QuestConfig_DreamLandBounty.csv,23,跳转systemid,GoParams,
QuestConfig_DreamLandBounty.csv,24,任务目标前置系统id,TargetPreSystemID,
QuestConfig_FirstClearRank.csv,1,任务ID,Id,
QuestConfig_FirstClearRank.csv,2,Key_任务名称,Key_Name,
QuestConfig_FirstClearRank.csv,3,任务名称,Name,
QuestConfig_FirstClearRank.csv,4,Key_任务简介,Key_Des,
QuestConfig_FirstClearRank.csv,5,任务简介,Des,
QuestConfig_FirstClearRank.csv,6,任务组ID,GroupID,
QuestConfig_FirstClearRank.csv,7,任务组步骤,GroupStep,
QuestConfig_FirstClearRank.csv,8,主界面引导任务排序,GuideSort,
QuestConfig_FirstClearRank.csv,9,图标,Icon,
QuestConfig_FirstClearRank.csv,10,任务类型,Type,
QuestConfig_FirstClearRank.csv,11,子类型,SubType,
QuestConfig_FirstClearRank.csv,12,归属主题,Theme,
QuestConfig_FirstClearRank.csv,13,任务阶段,Stage,
QuestConfig_FirstClearRank.csv,14,前置任务,PreTask,
QuestConfig_FirstClearRank.csv,15,任务目标,Target,
QuestConfig_FirstClearRank.csv,16,任务计数,Count,
QuestConfig_FirstClearRank.csv,17,任务目标附加参数1,TargetValue1,
QuestConfig_FirstClearRank.csv,18,任务目标附加参数2,TargetValue2,
QuestConfig_FirstClearRank.csv,19,产出印记数,ActivityPoint,1
QuestConfig_FirstClearRank.csv,20,任务品质,Quality,
QuestConfig_FirstClearRank.csv,21,是否为循环任务,IsLoop,
QuestConfig_FirstClearRank.csv,22,任务奖励,Reward,1
QuestConfig_FirstClearRank.csv,23,任务目标前置系统id,TargetPreSystemID,
QuestConfig_FloorLotteryActivity.csv,1,任务ID,Id,
QuestConfig_FloorLotteryActivity.csv,2,Key_任务名称,Key_Name,
QuestConfig_FloorLotteryActivity.csv,3,任务名称,Name,
QuestConfig_FloorLotteryActivity.csv,4,Key_任务简介,Key_Des,
QuestConfig_FloorLotteryActivity.csv,5,任务简介,Des,
QuestConfig_FloorLotteryActivity.csv,6,任务组ID,GroupID,
QuestConfig_FloorLotteryActivity.csv,7,任务组步骤,GroupStep,
QuestConfig_FloorLotteryActivity.csv,8,主界面引导任务排序,GuideSort,
QuestConfig_FloorLotteryActivity.csv,9,图标,Icon,
QuestConfig_FloorLotteryActivity.csv,10,任务类型,Type,
QuestConfig_FloorLotteryActivity.csv,11,子类型,SubType,
QuestConfig_FloorLotteryActivity.csv,12,归属主题,Theme,
QuestConfig_FloorLotteryActivity.csv,13,任务阶段,Stage,
QuestConfig_FloorLotteryActivity.csv,14,前置任务,PreTask,
QuestConfig_FloorLotteryActivity.csv,15,任务目标,Target,
QuestConfig_FloorLotteryActivity.csv,16,任务计数,Count,
QuestConfig_FloorLotteryActivity.csv,17,任务目标附加参数1,TargetValue1,
QuestConfig_FloorLotteryActivity.csv,18,任务目标附加参数2,TargetValue2,
QuestConfig_FloorLotteryActivity.csv,19,产出印记数,ActivityPoint,1
QuestConfig_FloorLotteryActivity.csv,20,任务品质,Quality,
QuestConfig_FloorLotteryActivity.csv,21,是否为循环任务,IsLoop,
QuestConfig_FloorLotteryActivity.csv,22,任务奖励,Reward,1
QuestConfig_FloorLotteryActivity.csv,23,跳转systemid,GoParams,
QuestConfig_FloorLotteryActivity.csv,24,任务目标前置系统id,TargetPreSystemID,
QuestConfig_Growth.csv,1,任务ID,Id,
QuestConfig_Growth.csv,2,Key_任务名称,Key_Name,
QuestConfig_Growth.csv,3,任务名称,Name,
QuestConfig_Growth.csv,4,Key_任务简介,Key_Des,
QuestConfig_Growth.csv,5,任务简介,Des,
QuestConfig_Growth.csv,6,Key_任务描述,Key_Description,
QuestConfig_Growth.csv,7,任务描述,Description,
QuestConfig_Growth.csv,8,Key_任务组名称,Key_GroupName,
QuestConfig_Growth.csv,9,任务组名称,GroupName,
QuestConfig_Growth.csv,10,任务组ID,GroupID,
QuestConfig_Growth.csv,11,任务组步骤,GroupStep,
QuestConfig_Growth.csv,12,主界面引导任务排序,GuideSort,
QuestConfig_Growth.csv,13,图标,Icon,
QuestConfig_Growth.csv,14,任务类型,Type,
QuestConfig_Growth.csv,15,子类型,SubType,
QuestConfig_Growth.csv,16,归属主题,Theme,
QuestConfig_Growth.csv,17,任务阶段,Stage,
QuestConfig_Growth.csv,18,前置任务,PreTask,
QuestConfig_Growth.csv,19,任务目标,Target,
QuestConfig_Growth.csv,20,任务计数,Count,
QuestConfig_Growth.csv,21,任务目标附加参数1,TargetValue1,
QuestConfig_Growth.csv,22,任务目标附加参数2,TargetValue2,
QuestConfig_Growth.csv,23,产出印记数,ActivityPoint,1
QuestConfig_Growth.csv,24,任务品质,Quality,
QuestConfig_Growth.csv,25,是否为循环任务,IsLoop,
QuestConfig_Growth.csv,26,任务奖励,Reward,1
QuestConfig_Growth.csv,27,跳转systemid,GoParams,
QuestConfig_Growth.csv,28,任务目标前置系统id,TargetPreSystemID,
QuestConfig_GrowthPeriod.csv,1,ID,Id,
QuestConfig_GrowthPeriod.csv,2,组id,GroupId,
QuestConfig_GrowthPeriod.csv,3,奖励档位道具数量,Point,1
QuestConfig_GrowthPeriod.csv,4,奖励,FixedReward,1
QuestConfig_HolidayActivity.csv,1,任务ID,Id,
QuestConfig_HolidayActivity.csv,2,Key_任务名称,Key_Name,
QuestConfig_HolidayActivity.csv,3,任务名称,Name,
QuestConfig_HolidayActivity.csv,4,Key_任务简介,Key_Des,
QuestConfig_HolidayActivity.csv,5,任务简介,Des,
QuestConfig_HolidayActivity.csv,6,任务组ID,GroupID,
QuestConfig_HolidayActivity.csv,7,任务组步骤,GroupStep,
QuestConfig_HolidayActivity.csv,8,主界面引导任务排序,GuideSort,
QuestConfig_HolidayActivity.csv,9,图标,Icon,
QuestConfig_HolidayActivity.csv,10,任务类型,Type,
QuestConfig_HolidayActivity.csv,11,子类型,SubType,
QuestConfig_HolidayActivity.csv,12,归属主题,Theme,
QuestConfig_HolidayActivity.csv,13,任务阶段,Stage,
QuestConfig_HolidayActivity.csv,14,前置任务,PreTask,
QuestConfig_HolidayActivity.csv,15,任务目标,Target,
QuestConfig_HolidayActivity.csv,16,任务计数,Count,
QuestConfig_HolidayActivity.csv,17,任务目标附加参数1,TargetValue1,
QuestConfig_HolidayActivity.csv,18,任务目标附加参数2,TargetValue2,
QuestConfig_HolidayActivity.csv,19,产出印记数,ActivityPoint,1
QuestConfig_HolidayActivity.csv,20,任务品质,Quality,
QuestConfig_HolidayActivity.csv,21,是否为循环任务,IsLoop,
QuestConfig_HolidayActivity.csv,22,任务奖励,Reward,1
QuestConfig_HolidayActivity.csv,23,跳转systemid,GoParams,
QuestConfig_HolidayActivity.csv,24,任务目标前置系统id,TargetPreSystemID,
QuestConfig_InvitationActivity.csv,1,任务ID,Id,
QuestConfig_InvitationActivity.csv,2,Key_任务名称,Key_Name,
QuestConfig_InvitationActivity.csv,3,任务名称,Name,
QuestConfig_InvitationActivity.csv,4,Key_任务简介,Key_Des,
QuestConfig_InvitationActivity.csv,5,任务简介,Des,
QuestConfig_InvitationActivity.csv,6,任务组ID,GroupID,
QuestConfig_InvitationActivity.csv,7,任务组步骤,GroupStep,
QuestConfig_InvitationActivity.csv,8,主界面引导任务排序,GuideSort,
QuestConfig_InvitationActivity.csv,9,图标,Icon,
QuestConfig_InvitationActivity.csv,10,任务类型,Type,
QuestConfig_InvitationActivity.csv,11,子类型,SubType,
QuestConfig_InvitationActivity.csv,12,归属主题,Theme,
QuestConfig_InvitationActivity.csv,13,任务阶段,Stage,
QuestConfig_InvitationActivity.csv,14,前置任务,PreTask,
QuestConfig_InvitationActivity.csv,15,任务目标,Target,
QuestConfig_InvitationActivity.csv,16,任务计数,Count,
QuestConfig_InvitationActivity.csv,17,任务目标附加参数1,TargetValue1,
QuestConfig_InvitationActivity.csv,18,任务目标附加参数2,TargetValue2,
QuestConfig_InvitationActivity.csv,19,产出印记数,ActivityPoint,1
QuestConfig_InvitationActivity.csv,20,任务品质,Quality,
QuestConfig_InvitationActivity.csv,21,是否为循环任务,IsLoop,
QuestConfig_InvitationActivity.csv,22,任务奖励,Reward,1
QuestConfig_InvitationActivity.csv,23,任务目标前置系统id,TargetPreSystemID,
QuestConfig_MazeAchivement.csv,1,任务ID,Id,
QuestConfig_MazeAchivement.csv,2,Key_任务名称,Key_Name,
QuestConfig_MazeAchivement.csv,3,任务名称,Name,
QuestConfig_MazeAchivement.csv,4,Key_任务简介,Key_Des,
QuestConfig_MazeAchivement.csv,5,任务简介,Des,
QuestConfig_MazeAchivement.csv,6,任务组ID,GroupID,
QuestConfig_MazeAchivement.csv,7,任务组步骤,GroupStep,
QuestConfig_MazeAchivement.csv,8,主界面引导任务排序,GuideSort,
QuestConfig_MazeAchivement.csv,9,图标,Icon,
QuestConfig_MazeAchivement.csv,10,任务类型,Type,
QuestConfig_MazeAchivement.csv,11,子类型,SubType,
QuestConfig_MazeAchivement.csv,12,归属主题,Theme,
QuestConfig_MazeAchivement.csv,13,任务阶段,Stage,
QuestConfig_MazeAchivement.csv,14,前置任务,PreTask,
QuestConfig_MazeAchivement.csv,15,任务目标,Target,
QuestConfig_MazeAchivement.csv,16,任务计数,Count,
QuestConfig_MazeAchivement.csv,17,任务目标附加参数1,TargetValue1,
QuestConfig_MazeAchivement.csv,18,任务目标附加参数2,TargetValue2,
QuestConfig_MazeAchivement.csv,19,产出印记数,ActivityPoint,1
QuestConfig_MazeAchivement.csv,20,任务品质,Quality,
QuestConfig_MazeAchivement.csv,21,是否为循环任务,IsLoop,
QuestConfig_MazeAchivement.csv,22,任务奖励,Reward,1
QuestConfig_MazeAchivement.csv,23,任务目标前置系统id,TargetPreSystemID,
QuestConfig_MazeTask.csv,1,任务ID,Id,
QuestConfig_MazeTask.csv,2,Key_任务名称,Key_Name,
QuestConfig_MazeTask.csv,3,任务名称,Name,
QuestConfig_MazeTask.csv,4,Key_任务简介,Key_Des,
QuestConfig_MazeTask.csv,5,任务简介,Des,
QuestConfig_MazeTask.csv,6,任务组ID,GroupID,
QuestConfig_MazeTask.csv,7,任务组步骤,GroupStep,
QuestConfig_MazeTask.csv,8,主界面引导任务排序,GuideSort,
QuestConfig_MazeTask.csv,9,图标,Icon,
QuestConfig_MazeTask.csv,10,任务类型,Type,
QuestConfig_MazeTask.csv,11,子类型,SubType,
QuestConfig_MazeTask.csv,12,归属主题,Theme,
QuestConfig_MazeTask.csv,13,任务阶段,Stage,
QuestConfig_MazeTask.csv,14,前置任务,PreTask,
QuestConfig_MazeTask.csv,15,任务目标,Target,
QuestConfig_MazeTask.csv,16,任务计数,Count,
QuestConfig_MazeTask.csv,17,任务目标附加参数1,TargetValue1,
QuestConfig_MazeTask.csv,18,任务目标附加参数2,TargetValue2,
QuestConfig_MazeTask.csv,19,产出印记数,ActivityPoint,1
QuestConfig_MazeTask.csv,20,任务品质,Quality,
QuestConfig_MazeTask.csv,21,是否为循环任务,IsLoop,
QuestConfig_MazeTask.csv,22,任务奖励,Reward,1
QuestConfig_MazeTask.csv,23,任务目标前置系统id,TargetPreSystemID,
QuestConfig_Monopoly.csv,1,任务ID,Id,
QuestConfig_Monopoly.csv,2,Key_任务名称,Key_Name,
QuestConfig_Monopoly.csv,3,任务名称,Name,
QuestConfig_Monopoly.csv,4,Key_任务简介,Key_Des,
QuestConfig_Monopoly.csv,5,任务简介,Des,
QuestConfig_Monopoly.csv,6,Key_任务描述,Key_Description,
QuestConfig_Monopoly.csv,7,任务描述,Description,
QuestConfig_Monopoly.csv,8,Key_任务组名称,Key_GroupName,
QuestConfig_Monopoly.csv,9,任务组名称,GroupName,
QuestConfig_Monopoly.csv,10,任务组ID,GroupID,
QuestConfig_Monopoly.csv,11,任务组步骤,GroupStep,
QuestConfig_Monopoly.csv,12,主界面引导任务排序,GuideSort,
QuestConfig_Monopoly.csv,13,图标,Icon,
QuestConfig_Monopoly.csv,14,任务类型,Type,
QuestConfig_Monopoly.csv,15,子类型,SubType,
QuestConfig_Monopoly.csv,16,归属主题,Theme,
QuestConfig_Monopoly.csv,17,任务阶段,Stage,
QuestConfig_Monopoly.csv,18,前置任务,PreTask,
QuestConfig_Monopoly.csv,19,任务目标,Target,
QuestConfig_Monopoly.csv,20,任务计数,Count,
QuestConfig_Monopoly.csv,21,任务目标附加参数1,TargetValue1,
QuestConfig_Monopoly.csv,22,任务目标附加参数2,TargetValue2,
QuestConfig_Monopoly.csv,23,产出印记数,ActivityPoint,1
QuestConfig_Monopoly.csv,24,任务品质,Quality,
QuestConfig_Monopoly.csv,25,是否为循环任务,IsLoop,
QuestConfig_Monopoly.csv,26,任务奖励,Reward,1
QuestConfig_Monopoly.csv,27,跳转systemid,GoParams,
QuestConfig_Monopoly.csv,28,任务目标前置系统id,TargetPreSystemID,
QuestConfig_Other.csv,1,任务ID,Id,
QuestConfig_Other.csv,2,Key_任务名称,Key_Name,
QuestConfig_Other.csv,3,任务名称,Name,
QuestConfig_Other.csv,4,Key_任务简介,Key_Des,
QuestConfig_Other.csv,5,任务简介,Des,
QuestConfig_Other.csv,6,Key_任务描述,Key_Description,
QuestConfig_Other.csv,7,任务描述,Description,
QuestConfig_Other.csv,8,Key_任务组名称,Key_GroupName,
QuestConfig_Other.csv,9,任务组名称,GroupName,
QuestConfig_Other.csv,10,任务组ID,GroupID,
QuestConfig_Other.csv,11,任务组步骤,GroupStep,
QuestConfig_Other.csv,12,主界面引导任务排序,GuideSort,
QuestConfig_Other.csv,13,图标,Icon,
QuestConfig_Other.csv,14,任务类型,Type,
QuestConfig_Other.csv,15,子类型,SubType,
QuestConfig_Other.csv,16,归属主题,Theme,
QuestConfig_Other.csv,17,任务阶段,Stage,
QuestConfig_Other.csv,18,前置任务,PreTask,
QuestConfig_Other.csv,19,任务目标,Target,
QuestConfig_Other.csv,20,任务计数,Count,
QuestConfig_Other.csv,21,任务目标附加参数1,TargetValue1,
QuestConfig_Other.csv,22,任务目标附加参数2,TargetValue2,
QuestConfig_Other.csv,23,产出印记数,ActivityPoint,1
QuestConfig_Other.csv,24,任务品质,Quality,
QuestConfig_Other.csv,25,是否为循环任务,IsLoop,
QuestConfig_Other.csv,26,任务奖励,Reward,1
QuestConfig_Other.csv,27,跳转systemid,GoParams,
QuestConfig_Other.csv,28,任务目标前置系统id,TargetPreSystemID,
QuestConfig_PointReward.csv,1,奖励ID,Id,1
QuestConfig_PointReward.csv,2,任务类型,Type,
QuestConfig_PointReward.csv,3,印记数,Point,
QuestConfig_PointReward.csv,4,奖励,FixedReward,1
QuestConfig_PointReward.csv,5,活动奖励,ActivityFixedReward,1
QuestConfig_PointReward.csv,6,Key_任务简介,Key_Des,
QuestConfig_PointReward.csv,7,任务简介,Des,
QuestConfig_RelaxingActivity.csv,1,任务ID,Id,
QuestConfig_RelaxingActivity.csv,2,Key_任务名称,Key_Name,
QuestConfig_RelaxingActivity.csv,3,任务名称,Name,
QuestConfig_RelaxingActivity.csv,4,Key_任务简介,Key_Des,
QuestConfig_RelaxingActivity.csv,5,任务简介,Des,
QuestConfig_RelaxingActivity.csv,6,任务组ID,GroupID,
QuestConfig_RelaxingActivity.csv,7,任务组步骤,GroupStep,
QuestConfig_RelaxingActivity.csv,8,主界面引导任务排序,GuideSort,
QuestConfig_RelaxingActivity.csv,9,图标,Icon,
QuestConfig_RelaxingActivity.csv,10,任务类型,Type,
QuestConfig_RelaxingActivity.csv,11,子类型,SubType,
QuestConfig_RelaxingActivity.csv,12,归属主题,Theme,
QuestConfig_RelaxingActivity.csv,13,任务阶段,Stage,
QuestConfig_RelaxingActivity.csv,14,前置任务,PreTask,
QuestConfig_RelaxingActivity.csv,15,任务目标,Target,
QuestConfig_RelaxingActivity.csv,16,任务计数,Count,
QuestConfig_RelaxingActivity.csv,17,任务目标附加参数1,TargetValue1,
QuestConfig_RelaxingActivity.csv,18,任务目标附加参数2,TargetValue2,
QuestConfig_RelaxingActivity.csv,19,产出印记数,ActivityPoint,1
QuestConfig_RelaxingActivity.csv,20,任务品质,Quality,
QuestConfig_RelaxingActivity.csv,21,是否为循环任务,IsLoop,
QuestConfig_RelaxingActivity.csv,22,任务奖励,Reward,1
QuestConfig_RelaxingActivity.csv,23,跳转systemid,GoParams,
QuestConfig_RelaxingActivity.csv,24,任务目标前置系统id,TargetPreSystemID,
QuestConfig_Return.csv,1,任务ID,Id,
QuestConfig_Return.csv,2,Key_任务名称,Key_Name,
QuestConfig_Return.csv,3,任务名称,Name,
QuestConfig_Return.csv,4,Key_任务简介,Key_Des,
QuestConfig_Return.csv,5,任务简介,Des,
QuestConfig_Return.csv,6,Key_任务描述,Key_Description,
QuestConfig_Return.csv,7,任务描述,Description,
QuestConfig_Return.csv,8,Key_任务组名称,Key_GroupName,
QuestConfig_Return.csv,9,任务组名称,GroupName,
QuestConfig_Return.csv,10,任务组ID,GroupID,
QuestConfig_Return.csv,11,任务组步骤,GroupStep,
QuestConfig_Return.csv,12,主界面引导任务排序,GuideSort,
QuestConfig_Return.csv,13,图标,Icon,
QuestConfig_Return.csv,14,任务类型,Type,
QuestConfig_Return.csv,15,子类型,SubType,
QuestConfig_Return.csv,16,归属主题,Theme,
QuestConfig_Return.csv,17,任务阶段,Stage,
QuestConfig_Return.csv,18,前置任务,PreTask,
QuestConfig_Return.csv,19,任务目标,Target,
QuestConfig_Return.csv,20,任务计数,Count,
QuestConfig_Return.csv,21,任务目标附加参数1,TargetValue1,
QuestConfig_Return.csv,22,任务目标附加参数2,TargetValue2,
QuestConfig_Return.csv,23,产出印记数,ActivityPoint,1
QuestConfig_Return.csv,24,任务品质,Quality,
QuestConfig_Return.csv,25,是否为循环任务,IsLoop,
QuestConfig_Return.csv,26,任务奖励,Reward,1
QuestConfig_Return.csv,27,跳转systemid,GoParams,
QuestConfig_Return.csv,28,任务目标前置系统id,TargetPreSystemID,
QuestConfig_ReturnActivity.csv,1,任务ID,Id,
QuestConfig_ReturnActivity.csv,2,Key_任务名称,Key_Name,
QuestConfig_ReturnActivity.csv,3,任务名称,Name,
QuestConfig_ReturnActivity.csv,4,Key_任务简介,Key_Des,
QuestConfig_ReturnActivity.csv,5,任务简介,Des,
QuestConfig_ReturnActivity.csv,6,任务组ID,GroupID,
QuestConfig_ReturnActivity.csv,7,任务组步骤,GroupStep,
QuestConfig_ReturnActivity.csv,8,主界面引导任务排序,GuideSort,
QuestConfig_ReturnActivity.csv,9,图标,Icon,
QuestConfig_ReturnActivity.csv,10,任务类型,Type,
QuestConfig_ReturnActivity.csv,11,子类型,SubType,
QuestConfig_ReturnActivity.csv,12,归属主题,Theme,
QuestConfig_ReturnActivity.csv,13,任务阶段,Stage,
QuestConfig_ReturnActivity.csv,14,前置任务,PreTask,
QuestConfig_ReturnActivity.csv,15,任务目标,Target,
QuestConfig_ReturnActivity.csv,16,任务计数,Count,
QuestConfig_ReturnActivity.csv,17,任务目标附加参数1,TargetValue1,
QuestConfig_ReturnActivity.csv,18,任务目标附加参数2,TargetValue2,
QuestConfig_ReturnActivity.csv,19,产出印记数,ActivityPoint,1
QuestConfig_ReturnActivity.csv,20,任务品质,Quality,
QuestConfig_ReturnActivity.csv,21,是否为循环任务,IsLoop,
QuestConfig_ReturnActivity.csv,22,任务奖励,Reward,1
QuestConfig_ReturnActivity.csv,23,跳转systemid,GoParams,
QuestConfig_ReturnActivity.csv,24,任务目标前置系统id,TargetPreSystemID,
QuestConfig_SevenDays.csv,1,任务ID,Id,
QuestConfig_SevenDays.csv,2,Key_任务名称,Key_Name,
QuestConfig_SevenDays.csv,3,任务名称,Name,
QuestConfig_SevenDays.csv,4,Key_任务简介,Key_Des,
QuestConfig_SevenDays.csv,5,任务简介,Des,
QuestConfig_SevenDays.csv,6,Key_任务组名称,Key_GroupName,
QuestConfig_SevenDays.csv,7,任务组名称,GroupName,
QuestConfig_SevenDays.csv,8,任务组ID,GroupID,
QuestConfig_SevenDays.csv,9,任务组步骤,GroupStep,
QuestConfig_SevenDays.csv,10,主界面引导任务排序,GuideSort,
QuestConfig_SevenDays.csv,11,图标,Icon,
QuestConfig_SevenDays.csv,12,任务类型,Type,
QuestConfig_SevenDays.csv,13,子类型,SubType,
QuestConfig_SevenDays.csv,14,归属主题,Theme,
QuestConfig_SevenDays.csv,15,任务阶段,Stage,
QuestConfig_SevenDays.csv,16,前置任务,PreTask,
QuestConfig_SevenDays.csv,17,任务目标,Target,
QuestConfig_SevenDays.csv,18,任务计数,Count,
QuestConfig_SevenDays.csv,19,任务目标附加参数1,TargetValue1,
QuestConfig_SevenDays.csv,20,任务目标附加参数2,TargetValue2,
QuestConfig_SevenDays.csv,21,产出印记数,ActivityPoint,1
QuestConfig_SevenDays.csv,22,任务品质,Quality,
QuestConfig_SevenDays.csv,23,是否为循环任务,IsLoop,
QuestConfig_SevenDays.csv,24,任务奖励,Reward,1
QuestConfig_SevenDays.csv,25,跳转systemid,GoParams,
QuestConfig_SevenDays.csv,26,任务目标前置系统id,TargetPreSystemID,
QuestConfig_SheepGameActivity.csv,1,任务ID,Id,
QuestConfig_SheepGameActivity.csv,2,Key_任务名称,Key_Name,
QuestConfig_SheepGameActivity.csv,3,任务名称,Name,
QuestConfig_SheepGameActivity.csv,4,Key_任务简介,Key_Des,
QuestConfig_SheepGameActivity.csv,5,任务简介,Des,
QuestConfig_SheepGameActivity.csv,6,任务组ID,GroupID,
QuestConfig_SheepGameActivity.csv,7,任务组步骤,GroupStep,
QuestConfig_SheepGameActivity.csv,8,主界面引导任务排序,GuideSort,
QuestConfig_SheepGameActivity.csv,9,图标,Icon,
QuestConfig_SheepGameActivity.csv,10,任务类型,Type,
QuestConfig_SheepGameActivity.csv,11,子类型,SubType,
QuestConfig_SheepGameActivity.csv,12,归属主题,Theme,
QuestConfig_SheepGameActivity.csv,13,任务阶段,Stage,
QuestConfig_SheepGameActivity.csv,14,前置任务,PreTask,
QuestConfig_SheepGameActivity.csv,15,任务目标,Target,
QuestConfig_SheepGameActivity.csv,16,任务计数,Count,
QuestConfig_SheepGameActivity.csv,17,任务目标附加参数1,TargetValue1,
QuestConfig_SheepGameActivity.csv,18,任务目标附加参数2,TargetValue2,
QuestConfig_SheepGameActivity.csv,19,产出印记数,ActivityPoint,1
QuestConfig_SheepGameActivity.csv,20,任务品质,Quality,
QuestConfig_SheepGameActivity.csv,21,是否为循环任务,IsLoop,
QuestConfig_SheepGameActivity.csv,22,任务奖励,Reward,1
QuestConfig_SheepGameActivity.csv,23,跳转systemid,GoParams,
QuestConfig_SheepGameActivity.csv,24,任务目标前置系统id,TargetPreSystemID,
QuestConfig_StarActivity.csv,1,任务ID,Id,
QuestConfig_StarActivity.csv,2,Key_任务名称,Key_Name,
QuestConfig_StarActivity.csv,3,任务名称,Name,
QuestConfig_StarActivity.csv,4,Key_任务简介,Key_Des,
QuestConfig_StarActivity.csv,5,任务简介,Des,
QuestConfig_StarActivity.csv,6,Key_任务描述,Key_Description,
QuestConfig_StarActivity.csv,7,任务描述,Description,
QuestConfig_StarActivity.csv,8,Key_任务组名称,Key_GroupName,
QuestConfig_StarActivity.csv,9,任务组名称,GroupName,
QuestConfig_StarActivity.csv,10,任务组ID,GroupID,
QuestConfig_StarActivity.csv,11,任务组步骤,GroupStep,
QuestConfig_StarActivity.csv,12,主界面引导任务排序,GuideSort,
QuestConfig_StarActivity.csv,13,图标,Icon,
QuestConfig_StarActivity.csv,14,任务类型,Type,
QuestConfig_StarActivity.csv,15,子类型,SubType,
QuestConfig_StarActivity.csv,16,归属主题,Theme,
QuestConfig_StarActivity.csv,17,任务阶段,Stage,
QuestConfig_StarActivity.csv,18,前置任务,PreTask,
QuestConfig_StarActivity.csv,19,任务目标,Target,
QuestConfig_StarActivity.csv,20,任务计数,Count,
QuestConfig_StarActivity.csv,21,任务目标附加参数1,TargetValue1,
QuestConfig_StarActivity.csv,22,任务目标附加参数2,TargetValue2,
QuestConfig_StarActivity.csv,23,产出印记数,ActivityPoint,1
QuestConfig_StarActivity.csv,24,任务品质,Quality,
QuestConfig_StarActivity.csv,25,是否为循环任务,IsLoop,
QuestConfig_StarActivity.csv,26,任务奖励,Reward,1
QuestConfig_StarActivity.csv,27,跳转systemid,GoParams,
QuestConfig_StarActivity.csv,28,任务目标前置系统id,TargetPreSystemID,
QuestConfig_StarActivityType.csv,1,Type_ID,Id,
QuestConfig_StarActivityType.csv,2,任务类型,Type,
QuestConfig_StarActivityType.csv,3,子类型,SubType,
QuestConfig_StarActivityType.csv,4,Key_任务名称,Key_Name,
QuestConfig_StarActivityType.csv,5,任务名称,Name,
QuestConfig_StarActivityType.csv,6,系统id,System_ID,
QuestConfig_StarSoulBattle.csv,1,任务ID,Id,
QuestConfig_StarSoulBattle.csv,2,Key_任务名称,Key_Name,
QuestConfig_StarSoulBattle.csv,3,任务名称,Name,
QuestConfig_StarSoulBattle.csv,4,Key_任务简介,Key_Des,
QuestConfig_StarSoulBattle.csv,5,任务简介,Des,
QuestConfig_StarSoulBattle.csv,6,Key_任务描述,Key_Description,
QuestConfig_StarSoulBattle.csv,7,任务描述,Description,
QuestConfig_StarSoulBattle.csv,8,Key_任务组名称,Key_GroupName,
QuestConfig_StarSoulBattle.csv,9,任务组名称,GroupName,
QuestConfig_StarSoulBattle.csv,10,任务组ID,GroupID,
QuestConfig_StarSoulBattle.csv,11,任务组步骤,GroupStep,
QuestConfig_StarSoulBattle.csv,12,主界面引导任务排序,GuideSort,
QuestConfig_StarSoulBattle.csv,13,图标,Icon,
QuestConfig_StarSoulBattle.csv,14,任务类型,Type,
QuestConfig_StarSoulBattle.csv,15,子类型,SubType,
QuestConfig_StarSoulBattle.csv,16,归属主题,Theme,
QuestConfig_StarSoulBattle.csv,17,任务阶段,Stage,
QuestConfig_StarSoulBattle.csv,18,前置任务,PreTask,
QuestConfig_StarSoulBattle.csv,19,任务目标,Target,
QuestConfig_StarSoulBattle.csv,20,任务计数,Count,
QuestConfig_StarSoulBattle.csv,21,任务目标附加参数1,TargetValue1,
QuestConfig_StarSoulBattle.csv,22,任务目标附加参数2,TargetValue2,
QuestConfig_StarSoulBattle.csv,23,产出印记数,ActivityPoint,1
QuestConfig_StarSoulBattle.csv,24,任务品质,Quality,
QuestConfig_StarSoulBattle.csv,25,是否为循环任务,IsLoop,
QuestConfig_StarSoulBattle.csv,26,任务奖励,Reward,1
QuestConfig_StarSoulBattle.csv,27,跳转systemid,GoParams,
QuestConfig_StarSoulBattle.csv,28,任务目标前置系统id,TargetPreSystemID,
QuestConfig_Target.csv,1,任务目标ID,Id,
QuestConfig_Target.csv,2,任务目标,Name,
QuestConfig_Target.csv,3,说明,Des,
QuestConfig_Target.csv,4,计数说明,Count,
QuestConfig_Target.csv,5,附加参数1说明,TargetValue1,
QuestConfig_Target.csv,6,附加参数2说明,TargetValue2,
QuestConfig_Target.csv,7,程序实现说明,ProDes,
QuestConfig_TaskTab.csv,1,任务ID,Id,
QuestConfig_TaskTab.csv,2,Key_页签名称,Key_Name,
QuestConfig_TaskTab.csv,3,页签名称,Name,
QuestConfig_TaskTab.csv,4,图标,Icon,
QuestConfig_TaskTab.csv,5,systemid,SyetemID,
QuestConfig_TaskTab.csv,6,客户端类型,TaskShowType,
QuestConfig_TaskTab.csv,7,客户端排序,Sort,
QuestConfig_UnionTask.csv,1,任务ID,Id,
QuestConfig_UnionTask.csv,2,Key_任务名称,Key_Name,
QuestConfig_UnionTask.csv,3,任务名称,Name,
QuestConfig_UnionTask.csv,4,Key_任务简介,Key_Des,
QuestConfig_UnionTask.csv,5,任务简介,Des,
QuestConfig_UnionTask.csv,6,任务组ID,GroupID,
QuestConfig_UnionTask.csv,7,任务组步骤,GroupStep,
QuestConfig_UnionTask.csv,8,主界面引导任务排序,GuideSort,
QuestConfig_UnionTask.csv,9,图标,Icon,
QuestConfig_UnionTask.csv,10,任务类型,Type,
QuestConfig_UnionTask.csv,11,子类型,SubType,
QuestConfig_UnionTask.csv,12,归属主题,Theme,
QuestConfig_UnionTask.csv,13,任务阶段,Stage,
QuestConfig_UnionTask.csv,14,前置任务,PreTask,
QuestConfig_UnionTask.csv,15,任务目标,Target,
QuestConfig_UnionTask.csv,16,任务计数,Count,
QuestConfig_UnionTask.csv,17,任务目标附加参数1,TargetValue1,
QuestConfig_UnionTask.csv,18,任务目标附加参数2,TargetValue2,
QuestConfig_UnionTask.csv,19,产出印记数,ActivityPoint,1
QuestConfig_UnionTask.csv,20,任务品质,Quality,
QuestConfig_UnionTask.csv,21,是否为循环任务,IsLoop,
QuestConfig_UnionTask.csv,22,任务奖励,Reward,1
QuestConfig_UnionTask.csv,23,跳转systemid,GoParams,
QuestConfig_UnionTask.csv,24,任务目标前置系统id,TargetPreSystemID,
QuestConfig_ValuableTask.csv,1,任务ID,Id,
QuestConfig_ValuableTask.csv,2,Key_任务名称,Key_Name,
QuestConfig_ValuableTask.csv,3,任务名称,Name,
QuestConfig_ValuableTask.csv,4,Key_任务简介,Key_Des,
QuestConfig_ValuableTask.csv,5,任务简介,Des,
QuestConfig_ValuableTask.csv,6,Key_任务描述,Key_Description,
QuestConfig_ValuableTask.csv,7,任务描述,Description,
QuestConfig_ValuableTask.csv,8,Key_任务组名称,Key_GroupName,
QuestConfig_ValuableTask.csv,9,任务组名称,GroupName,
QuestConfig_ValuableTask.csv,10,任务组ID,GroupID,
QuestConfig_ValuableTask.csv,11,任务组步骤,GroupStep,
QuestConfig_ValuableTask.csv,12,主界面引导任务排序,GuideSort,
QuestConfig_ValuableTask.csv,13,图标,Icon,
QuestConfig_ValuableTask.csv,14,任务类型,Type,
QuestConfig_ValuableTask.csv,15,子类型,SubType,
QuestConfig_ValuableTask.csv,16,归属主题,Theme,
QuestConfig_ValuableTask.csv,17,任务阶段,Stage,
QuestConfig_ValuableTask.csv,18,前置任务,PreTask,
QuestConfig_ValuableTask.csv,19,任务目标,Target,
QuestConfig_ValuableTask.csv,20,任务计数,Count,
QuestConfig_ValuableTask.csv,21,任务目标附加参数1,TargetValue1,
QuestConfig_ValuableTask.csv,22,任务目标附加参数2,TargetValue2,
QuestConfig_ValuableTask.csv,23,产出印记数,ActivityPoint,1
QuestConfig_ValuableTask.csv,24,任务品质,Quality,
QuestConfig_ValuableTask.csv,25,是否为循环任务,IsLoop,
QuestConfig_ValuableTask.csv,26,任务奖励,Reward,1
QuestConfig_ValuableTask.csv,27,跳转systemid,GoParams,
QuestConfig_ValuableTask.csv,28,任务目标前置系统id,TargetPreSystemID,
RankConfig_Base.csv,1,流水ID,Id,
RankConfig_Base.csv,2,排行榜类型,RankType,
RankConfig_Base.csv,3,显示上限,ShowCap,1
RankConfig_Base.csv,4,保存上限,SaveCap,1
RankConfig_Base.csv,5,分区上限,AreaCap,1
RankConfig_Base.csv,6,初始上榜条件,condition,
RankConfig_Base.csv,7,Key_名称,Key_Name,
RankConfig_Base.csv,8,名称,Name,
RankConfig_Base.csv,9,Key_描述,Key_Describe,
RankConfig_Base.csv,10,描述,Describe,
RankConfig_Base.csv,11,是否使用Reward中的排名发奖,UseRewardRank,
RankConfig_Reward.csv,1,流水ID,Id,
RankConfig_Reward.csv,2,排行ID,RankId,
RankConfig_Reward.csv,3,排名区间,RankRange,
RankConfig_Reward.csv,4,邮件ID,MailId,
RankConfig_Reward.csv,5,奖励,rewards,1
RankConfig_Reward.csv,6,显示奖励,ShowRewards,1
RankTotalConfig_Base.csv,1,流水ID,Id,
RankTotalConfig_Base.csv,2,Key_组名称,Key_Name,
RankTotalConfig_Base.csv,3,组名称,Name,
RankTotalConfig_FirstClearReward.csv,1,流水ID,Id,
RankTotalConfig_FirstClearReward.csv,2,所属RankType,RankTypeId,
RankTotalConfig_FirstClearReward.csv,3,榜单触发条件,ConditionId,
RankTotalConfig_FirstClearReward.csv,4,首通奖励,FristClearReward,1
RankTotalConfig_FirstClearReward.csv,5,普发奖励,GeneralReward,1
RankTotalConfig_FirstClearReward.csv,6,邮件id,MailId,
RankTotalConfig_RankCondition.csv,1,流水ID,Id,
RankTotalConfig_RankCondition.csv,2,触发条件,Condition,
RankTotalConfig_RankCondition.csv,3,Key_条件文本描述,Key_ConditionText,
RankTotalConfig_RankCondition.csv,4,条件文本描述,ConditionText,
RankTotalConfig_RankCondition.csv,5,任务id,QuestId,
RankTotalConfig_RankType.csv,1,流水ID,Id,
RankTotalConfig_RankType.csv,2,所属组,GroupId,
RankTotalConfig_RankType.csv,3,Key_榜单名称,Key_Name,
RankTotalConfig_RankType.csv,4,榜单名称,Name,
RankTotalConfig_RankType.csv,5,排序id,SortId,
RankTotalConfig_RankType.csv,6,关联Rdnkid,RankId,
RankTotalConfig_RankType.csv,7,战力榜所属阵营id,PhasicId,
RankTotalConfig_RankType.csv,8,系统id,SystemId,
RebateConfig_Base.csv,1,流水ID,Id,
RebateConfig_Base.csv,2,返利所需积分,Point,1
RebateConfig_Base.csv,3,付费灿晶返还比例系数,PayBriostalRate,
RebateConfig_Base.csv,4,免费灿晶返还比例系数,FreeBriostalRate,
RebateConfig_Base.csv,5,星辉返还比例系数,StarFlareRrate,
RebateConfig_Base.csv,6,额外获得道具,Reward,
RebateConfig_Item.csv,1,商品id,Id,1
RebateConfig_Item.csv,2,对应道具,ItemId,
RebateConfig_Item.csv,3,对应道具数量,ItemNum,1
ReburnPool_Base.csv,1,ID,id,
ReburnPool_Base.csv,2,开启时间,StartTime,1
ReburnPool_Base.csv,3,结束时间,EndTime,1
ReburnPool_Base.csv,4,本期卡池,PoolId,1
ReburnPool_Base.csv,5,总轮数,MaxRound,
ReburnPool_Base.csv,6,单次抽奖奖励,OnceReward,1
ReburnPool_Base.csv,7,抽奖消耗道具,LotteryConsume,1
ReburnPool_Base.csv,8,礼包商店背景图,PackShopImg,
ReburnPool_Base.csv,9,兑换商店id,ExchangeShopId,1
ReburnPool_Base.csv,10,礼包商店id,GiftsShopId,
ReburnPool_Base.csv,11,礼包商店动画,GiftSpineIds,
ReburnPool_Base.csv,12,兑换商店动画,ExSpineIds,1
ReburnPool_Base.csv,13,角色卡池id,HeroLottery,1
ReburnPool_Base.csv,14,角色礼包商店id,HeroGiftsShopId,
ReburnPool_Base.csv,15,卡池连抽,ContinuousDraw,1
ReburnPool_Guarantee.csv,1,流水ID,Id,
ReburnPool_Guarantee.csv,2,卡池ID,PoolId,1
ReburnPool_Guarantee.csv,3,所属轮次,Round,
ReburnPool_Guarantee.csv,4,大奖保底次数,GuaranteeNum,1
ReburnPool_Hero.csv,1,ID,id,
ReburnPool_Hero.csv,2,重燃道具,ReburnItem,
ReburnPool_Hero.csv,3,活动id,PoolBaseId,
ReburnPool_Hero.csv,4,卡池组,PoolGroup,1
ReburnPool_Pool.csv,1,ID,id,
ReburnPool_Pool.csv,2,角色id,HeroId,
ReburnPool_Pool.csv,3,重燃道具,ReburnItem,
ReburnPool_Pool.csv,4,卡池组,PoolGroup,1
ReburnPool_Pool.csv,5,头奖综合概率,JackpotWeight,1
ReburnPool_Pool.csv,6,心愿单,WishList,
ReburnPool_Pool.csv,7,信物转换,ExItem,
ReburnPool_Reward.csv,1,流水ID,Id,
ReburnPool_Reward.csv,2,卡池组,Group,1
ReburnPool_Reward.csv,3,所属轮次,Round,
ReburnPool_Reward.csv,4,奖励,Reward,1
ReburnPool_Reward.csv,5,数量,Number,
ReburnPool_Reward.csv,6,权重,Weight,1
ReburnPool_Reward.csv,7,奖励类型,RewardType,1
RelaxingActivity_Base.csv,1,流水ID,Id,
RelaxingActivity_Base.csv,2,备注,Desc,
RelaxingActivity_Base.csv,3,Key_活动系统名,Key_Name,
RelaxingActivity_Base.csv,4,活动系统名,Name,
RelaxingActivity_Base.csv,5,活动开始时间,StartTime,1
RelaxingActivity_Base.csv,6,活动结束时间,EndTime,1
RelaxingActivity_Base.csv,7,主界面入口icon底图,EntranceBgPic,
RelaxingActivity_Info.csv,1,流水ID,Id,
RelaxingActivity_Info.csv,2,活动id,ActivityId,
RelaxingActivity_Info.csv,3,入口,BtnID,
RelaxingActivity_Info.csv,4,Key_活动系统名,Key_Name,
RelaxingActivity_Info.csv,5,活动系统名,Name,
RelaxingActivity_Info.csv,6,子活动类型,SubActivityType,
RelaxingActivity_Info.csv,7,子活动id,SubActivityId,
RelaxingActivity_Info.csv,8,页签顶部栏位,TopList,
Resource_Cache.csv,1,流水ID,Id,
Resource_Cache.csv,2,忽略,Ignore,
Resource_Cache.csv,3,描述,Desc,
Resource_Cache.csv,4,场景,Scene,
Resource_Cache.csv,5,资源类型,Type,
Resource_Cache.csv,6,资源ID,ResID,
Resource_Cache.csv,7,资源路径,ResPath,
Resource_Cache.csv,8,数量,Count,
Resource_LRU.csv,1,流水ID,Id,
Resource_LRU.csv,2,描述,Desc,
Resource_LRU.csv,3,容量,Capacity,
Resource_Novice.csv,1,流水ID,Id,
Resource_Novice.csv,2,描述,Desc,
Resource_Novice.csv,3,资源类型,Type,
Resource_Novice.csv,4,子类型,SubType,
Resource_Novice.csv,5,资源ID,LinkID,
Resource_Novice.csv,6,是否新手开放,IsOpen,
Resource_Novice.csv,7,备注列,Notes,
ReturnActivity_Base.csv,1,流水ID,Id,
ReturnActivity_Base.csv,2,Key_活动系统名,Key_Name,
ReturnActivity_Base.csv,3,活动系统名,Name,
ReturnActivity_Base.csv,4,参与条件,Condition,
ReturnActivity_Base.csv,5,活动开始时间,StartTime,1
ReturnActivity_Base.csv,6,活动结束时间,EndTime,1
ReturnActivity_Base.csv,7,回归签到,SignId,
ReturnActivity_Base.csv,8,回归任务,Task,
ReturnActivity_Base.csv,9,回归活跃度道具,TaskItem,
ReturnActivity_Base.csv,10,兑换商店ID,ExchangeShopId,1
ReturnActivity_Base.csv,11,兑换商店商品图路径,ExchangeShopBgPic,1
ReturnActivity_Base.csv,12,礼包商店ID,PackageShopId,
ReturnActivity_Base.csv,13,回归战令,BattlePassId,
ReturnActivity_Base.csv,14,回归充值,ReturnRechargeId,1
ReturnActivity_Base.csv,15,结束邮件模板,MailId,
ReturnActivity_Base.csv,16,连续不登录天数,Days,
ReturnActivity_PointReward.csv,1,ID,Id,
ReturnActivity_PointReward.csv,2,组id,GroupId,
ReturnActivity_PointReward.csv,3,积分数量,Point,
ReturnActivity_PointReward.csv,4,奖励,FixedReward,1
ReturnActivity_TabType.csv,1,流水ID,Id,
ReturnActivity_TabType.csv,2,活动ID,MainActivityId,
ReturnActivity_TabType.csv,3,类型,Type,
ReturnActivity_TabType.csv,4,UI面板名称,PrefabPath,
ReturnActivity_TabType.csv,5,顶部栏位,TopList,
ReturnActivity_TabType.csv,6,Key_活动系统名,Key_Name,
ReturnActivity_TabType.csv,7,活动系统名,Name,
ReturnActivity_TabType.csv,8,系统ID,SystemId,
ReturnConfig_DailyPay.csv,1,流水ID,Id,
ReturnConfig_DailyPay.csv,2,类型,Type,
ReturnConfig_DailyPay.csv,3,目标天数,TargetDailyNum,
ReturnConfig_DailyPay.csv,4,目标金额,TargetNum,1
ReturnConfig_DailyPay.csv,5,奖励,Reward,1
ReturnConfig_Introduction.csv,1,ID,id,
ReturnConfig_Introduction.csv,2,Key_描述,Key_Des,
ReturnConfig_Introduction.csv,3,描述,Des,
ReturnConfig_Introduction.csv,4,关联资源,resource,
ReturnConfig_Introduction.csv,5,奖励,Reward,1
ReturnConfig_IntroductionResource.csv,1,ID,id,
ReturnConfig_IntroductionResource.csv,2,关联资源,Resource,
ReturnConfig_IntroductionResource.csv,3,Key_描述,Key_Des,
ReturnConfig_IntroductionResource.csv,4,描述,Des,
ReturnConfig_IntroductionResource.csv,5,备注,Notice,
ReturnConfig_IntroductionResource.csv,6,描述,Des,
ReturnConfig_SevenDaily.csv,1,流水ID,Id,
ReturnConfig_SevenDaily.csv,2,Key_名称,Key_Name,
ReturnConfig_SevenDaily.csv,3,名称,Name,
ReturnConfig_SevenDaily.csv,4,条件参数,ConditionParameters,
ReturnConfig_SevenDaily.csv,5,任务奖励,Award,1
ReturnConfig_SevenDaily.csv,6,图标,Icon,
RewardConfig_Base.csv,1,流水ID,Id,
RewardConfig_Base.csv,2,描述,Des,
RewardConfig_Base.csv,3,百分比掉落,PerDrop,1
RewardConfig_Base.csv,4,权重掉落,WeiDrop,1
Robot_ArenaSRobot.csv,1,IndexID,Id,
Robot_ArenaSRobot.csv,2,备注,Remarks,
Robot_ArenaSRobot.csv,3,地图预设,ArenaSingleMap,
Robot_ArenaSRobot.csv,4,机器人分组,RobotGroup,
Robot_ArenaSRobot.csv,5,角色账号等级,WorldLevel,
Robot_ArenaSRobot.csv,6,竞技场属性系数调整,ArenaAttrRate,
Robot_ArenaSRobot.csv,7,Hero1配置列,DHero1,
Robot_ArenaSRobot.csv,8,Hero1星级列,DHeroStar1,
Robot_ArenaSRobot.csv,9,Hero2配置列,DHero2,
Robot_ArenaSRobot.csv,10,Hero2星级列,DHeroStar2,
Robot_ArenaSRobot.csv,11,Hero3配置列,DHero3,
Robot_ArenaSRobot.csv,12,Hero3星级列,DHeroStar3,
Robot_ArenaSRobot.csv,13,Hero4配置列,DHero4,
Robot_ArenaSRobot.csv,14,Hero4星级列,DHeroStar4,
Robot_ArenaSRobot.csv,15,Hero5配置列,DHero5,
Robot_ArenaSRobot.csv,16,Hero5星级列,DHeroStar5,
Robot_ArenaSRobot.csv,17,Hero突破区间,DHeroAweak,
Robot_ArenaSRobot.csv,18,Hero等级区间,DHeroLv,
Robot_ArenaSRobot.csv,19,Hero1ID段,HeroId1,
Robot_ArenaSRobot.csv,20,Hero1布阵格,HeroCell1,
Robot_ArenaSRobot.csv,21,Hero1等级区间,HeroLevel1,
Robot_ArenaSRobot.csv,22,Hero1突破等级区间,HeroAweak1,
Robot_ArenaSRobot.csv,23,Hero1星级段,HeroStar1,
Robot_ArenaSRobot.csv,24,Hero技能等级1,HeroSkill1,
Robot_ArenaSRobot.csv,25,Hero1剧作包,HeroEquip1,
Robot_ArenaSRobot.csv,26,Hero1剧作包等级,HeroEquipLevel1,
Robot_ArenaSRobot.csv,27,Hero2ID段,HeroId2,
Robot_ArenaSRobot.csv,28,Hero2布阵格,HeroCell2,
Robot_ArenaSRobot.csv,29,Hero2等级区间,HeroLevel2,
Robot_ArenaSRobot.csv,30,Hero2突破等级区间,HeroAweak2,
Robot_ArenaSRobot.csv,31,Hero2星级区间,HeroStar2,
Robot_ArenaSRobot.csv,32,Hero技能等级2,HeroSkill2,
Robot_ArenaSRobot.csv,33,Hero2剧作包,HeroEquip2,
Robot_ArenaSRobot.csv,34,Hero2剧作包等级,HeroEquipLevel2,
Robot_ArenaSRobot.csv,35,Hero3ID段,HeroId3,
Robot_ArenaSRobot.csv,36,Hero3布阵格,HeroCell3,
Robot_ArenaSRobot.csv,37,Hero3等级区间,HeroLevel3,
Robot_ArenaSRobot.csv,38,Hero3突破等级区间,HeroAweak3,
Robot_ArenaSRobot.csv,39,Hero3星级区间,HeroStar3,
Robot_ArenaSRobot.csv,40,Hero技能等级3,HeroSkill3,
Robot_ArenaSRobot.csv,41,Hero3剧作包,HeroEquip3,
Robot_ArenaSRobot.csv,42,Hero3剧作包等级,HeroEquipLevel3,
Robot_ArenaSRobot.csv,43,Hero4ID段,HeroId4,
Robot_ArenaSRobot.csv,44,Hero4布阵格,HeroCell4,
Robot_ArenaSRobot.csv,45,Hero4等级区间,HeroLevel4,
Robot_ArenaSRobot.csv,46,Hero4突破等级区间,HeroAweak4,
Robot_ArenaSRobot.csv,47,Hero4星级区间,HeroStar4,
Robot_ArenaSRobot.csv,48,Hero技能等级4,HeroSkill4,
Robot_ArenaSRobot.csv,49,Hero4剧作包,HeroEquip4,
Robot_ArenaSRobot.csv,50,Hero4剧作包等级,HeroEquipLevel4,
Robot_ArenaSRobot.csv,51,Hero5ID段,HeroId5,
Robot_ArenaSRobot.csv,52,Hero5布阵格,HeroCell5,
Robot_ArenaSRobot.csv,53,Hero5等级区间,HeroLevel5,
Robot_ArenaSRobot.csv,54,Hero5突破等级区间,HeroAweak5,
Robot_ArenaSRobot.csv,55,Hero5星级区间,HeroStar5,
Robot_ArenaSRobot.csv,56,Hero技能等级5,HeroSkill5,
Robot_ArenaSRobot.csv,57,Hero5剧作包,HeroEquip5,
Robot_ArenaSRobot.csv,58,Hero5剧作包等级,HeroEquipLevel5,
RobotArenaPeak_ArenaMRobot.csv,1,IndexID,Id,
RobotArenaPeak_ArenaMRobot.csv,2,备注,Remarks,
RobotArenaPeak_ArenaMRobot.csv,3,Key_名称,Key_RobotName,
RobotArenaPeak_ArenaMRobot.csv,4,机器人名字,RobotName,
RobotArenaPeak_ArenaMRobot.csv,5,机器人战力显示区间,BattleForce,
RobotArenaPeak_ArenaMRobot.csv,6,角色账号等级,WorldLevel,
RobotArenaPeak_ArenaMRobot.csv,7,排名区间下限,IntegralMin,1
RobotArenaPeak_ArenaMRobot.csv,8,排名区间上限,IntegralMax,1
RobotArenaPeak_ArenaMRobot.csv,9,竞技场属性系数调整,ArenaAttrRate,
RobotArenaPeak_ArenaMRobot.csv,10,Hero1配置列,DHero1,
RobotArenaPeak_ArenaMRobot.csv,11,Hero1星级列,DHeroStar1,
RobotArenaPeak_ArenaMRobot.csv,12,Hero2配置列,DHero2,
RobotArenaPeak_ArenaMRobot.csv,13,Hero2星级列,DHeroStar2,
RobotArenaPeak_ArenaMRobot.csv,14,Hero3配置列,DHero3,
RobotArenaPeak_ArenaMRobot.csv,15,Hero3星级列,DHeroStar3,
RobotArenaPeak_ArenaMRobot.csv,16,Hero4配置列,DHero4,
RobotArenaPeak_ArenaMRobot.csv,17,Hero4星级列,DHeroStar4,
RobotArenaPeak_ArenaMRobot.csv,18,Hero5配置列,DHero5,
RobotArenaPeak_ArenaMRobot.csv,19,Hero5星级列,DHeroStar5,
RobotArenaPeak_ArenaMRobot.csv,20,Hero突破区间,DHeroAweak,
RobotArenaPeak_ArenaMRobot.csv,21,Hero等级区间,DHeroLv,
RobotArenaPeak_ArenaMRobot.csv,22,Hero1等级区间,HeroLevel1,
RobotArenaPeak_ArenaMRobot.csv,23,Hero1突破等级区间,HeroAweak1,
RobotArenaPeak_ArenaMRobot.csv,24,Hero1星级段,HeroStar1,
RobotArenaPeak_ArenaMRobot.csv,25,Hero技能等级1,HeroSkill1,
RogueConfig_Base.csv,1,序号ID,ID,
RogueConfig_Base.csv,2,名称索引,Key_Name,
RogueConfig_Base.csv,3,主题名称,Name,
RogueConfig_Base.csv,4,封面资源,CoverResource,
RogueConfig_Base.csv,5,起始剧情,RogueStoryID,
RogueConfig_Base.csv,6,章节列表,ChapterList,
RogueConfig_Base.csv,7,初始资源列表,InitialResources,
RogueConfig_Base.csv,8,是否开启,IsOpen,1
RogueConfig_Base.csv,9,积分图标,PointIcon,
RogueConfig_Base.csv,10,技能点道具ID,SkillPointID,
RogueConfig_Base.csv,11,初始关卡ID,MissionID,
RogueConfig_Base_Event.csv,1,序号,ID,
RogueConfig_Base_Event.csv,2,所属章节,ChapterID,
RogueConfig_Base_Event.csv,3,事件类型,EventType,
RogueConfig_Base_Event.csv,4,权重,Weight,1
RogueConfig_Base_Event.csv,5,背景图片,Picture,
RogueConfig_Base_Event.csv,6,背景底图,Back_Picture,
RogueConfig_Base_Event.csv,7,名称索引,Key_EventName,
RogueConfig_Base_Event.csv,8,名称,EventName,
RogueConfig_Base_Event.csv,9,简易描述索引,Key_EventDesc,
RogueConfig_Base_Event.csv,10,简易描述,EventDesc,
RogueConfig_Base_Event.csv,11,对话1索引,Key_Dialogue1,
RogueConfig_Base_Event.csv,12,对话1,Dialogue1,
RogueConfig_Base_Event.csv,13,对话2索引,Key_Dialogue2,
RogueConfig_Base_Event.csv,14,对话2,Dialogue2,
RogueConfig_Base_Event.csv,15,选项列表,Options,
RogueConfig_Base_Event.csv,16,所属图鉴,ShowInHandBook,
RogueConfig_Base_Event.csv,17,图鉴奖励,Reward,1
RogueConfig_Base_Event_Option.csv,1,序号,ID,
RogueConfig_Base_Event_Option.csv,2,所属事件,EventID,
RogueConfig_Base_Event_Option.csv,3,选项ID,OptionID,
RogueConfig_Base_Event_Option.csv,4,选项权重,Weight,1
RogueConfig_Base_Event_Option.csv,5,选项名称索引,Key_Name,
RogueConfig_Base_Event_Option.csv,6,选项名称,Name,
RogueConfig_Base_Event_Option.csv,7,选项描述索引,Key_Desc,
RogueConfig_Base_Event_Option.csv,8,选项描述,Desc,
RogueConfig_Base_Event_Option.csv,9,选项类型,OptionType,
RogueConfig_Base_Event_Option.csv,10,选项参数,Parameter,
RogueConfig_Base_Event_Option.csv,11,可否重复选择,Repeat,
RogueConfig_Battle_Event.csv,1,序号,ID,
RogueConfig_Battle_Event.csv,2,所属章节,ChapterID,
RogueConfig_Battle_Event.csv,3,事件类型,EventType,
RogueConfig_Battle_Event.csv,4,权重,Weight,1
RogueConfig_Battle_Event.csv,5,节点图标,Icon,
RogueConfig_Battle_Event.csv,6,节点底板,Floor,
RogueConfig_Battle_Event.csv,7,小图标,Sicon,
RogueConfig_Battle_Event.csv,8,名称索引,Key_BattleEventName,
RogueConfig_Battle_Event.csv,9,名称,BattleEventName,
RogueConfig_Battle_Event.csv,10,小名称索引,Key_Sname,
RogueConfig_Battle_Event.csv,11,小名称,Sname,
RogueConfig_Battle_Event.csv,12,描述索引,Key_BattleEventDesc,
RogueConfig_Battle_Event.csv,13,描述,BattleEventDesc,
RogueConfig_Battle_Event.csv,14,提示索引,Key_BattleEventRemind,
RogueConfig_Battle_Event.csv,15,提示,BattleEventRemind,
RogueConfig_Battle_Event.csv,16,战斗序号,BattleID,
RogueConfig_Battle_Event.csv,17,货币结算,Rewards,
RogueConfig_Battle_Event.csv,18,触发招募库及概率,RecruitLibrary,1
RogueConfig_Battle_Event.csv,19,触发祝福库及概率,BenedictionLibrary,1
RogueConfig_Battle_Event.csv,20,触发奇物库及概率,GoodsLibrary,1
RogueConfig_Battle_Event.csv,21,触发剧作库及概率,InspirationLibrary,1
RogueConfig_Battle_Event.csv,22,积分计算,Integral,
RogueConfig_Battle_Event.csv,23,连线颜色,LineColour,
RogueConfig_BenedictionGoods.csv,1,序号,ID,
RogueConfig_BenedictionGoods.csv,2,类型,Type,
RogueConfig_BenedictionGoods.csv,3,所属子分类,SortID,
RogueConfig_BenedictionGoods.csv,4,图标,Icon,
RogueConfig_BenedictionGoods.csv,5,名称索引,Key_Name,
RogueConfig_BenedictionGoods.csv,6,名称,Name,
RogueConfig_BenedictionGoods.csv,7,描述索引,Key_Desc,
RogueConfig_BenedictionGoods.csv,8,描述,Desc,
RogueConfig_BenedictionGoods.csv,9,背景描述索引,Key_Background,
RogueConfig_BenedictionGoods.csv,10,背景描述,Background,
RogueConfig_BenedictionGoods.csv,11,解锁条件,UnlockCondition,1
RogueConfig_BenedictionGoods.csv,12,条件参数,UnlockParameter,
RogueConfig_BenedictionGoods.csv,13,解锁文本索引,Key_UnlockDesc,
RogueConfig_BenedictionGoods.csv,14,解锁文本,UnlockDesc,
RogueConfig_BenedictionGoods.csv,15,效果组序号,BUFFGroupID,
RogueConfig_BenedictionGoods.csv,16,所属图鉴,ShowInHandBook,
RogueConfig_BenedictionGoods.csv,17,图鉴奖励,Reward,1
RogueConfig_BenedictionGoodsLibrary.csv,1,序号,ID,
RogueConfig_BenedictionGoodsLibrary.csv,2,库ID,LibraryID,
RogueConfig_BenedictionGoodsLibrary.csv,3,祝福奇物ID,BenedictionGoodsID,
RogueConfig_BenedictionGoodsLibrary.csv,4,权重,Weight,1
RogueConfig_BenedictionGoodsSort.csv,1,序号,ID,
RogueConfig_BenedictionGoodsSort.csv,2,子分类名称索引,Key_Name,
RogueConfig_BenedictionGoodsSort.csv,3,子分类名称,Name,
RogueConfig_Chapter.csv,1,章节序号,ID,
RogueConfig_Chapter.csv,2,章节名称索引,Key_ChapterName,
RogueConfig_Chapter.csv,3,章节名称,ChapterName,
RogueConfig_Chapter.csv,4,章节标题索引,Key_ChapterTittle,
RogueConfig_Chapter.csv,5,章节标题,ChapterTittle,
RogueConfig_Chapter.csv,6,章节描述索引,Key_ChapterDesc,
RogueConfig_Chapter.csv,7,章节描述,ChapterDesc,
RogueConfig_Chapter.csv,8,积分计算,Integral,
RogueConfig_Effect.csv,1,流水ID,Id,
RogueConfig_Effect.csv,2,效果描述,EffectDes,
RogueConfig_Effect.csv,3,效果逻辑类型,EffectLogic,
RogueConfig_Effect.csv,4,附加参数,ParamNum,
RogueConfig_Effect.csv,5,参数1,ParamDesc0,
RogueConfig_Effect.csv,6,参数1值,Param0,
RogueConfig_Effect.csv,7,参数2,ParamDesc1,
RogueConfig_Effect.csv,8,参数2值,Param1,
RogueConfig_Effect.csv,9,参数3,ParamDesc2,
RogueConfig_Effect.csv,10,参数3值,Param2,
RogueConfig_Effect.csv,11,参数4,ParamDesc3,
RogueConfig_Effect.csv,12,参数4值,Param3,
RogueConfig_Effect.csv,13,参数5,ParamDesc4,
RogueConfig_Effect.csv,14,参数5值,Param4,
RogueConfig_Event_Type.csv,1,类型序号,ID,
RogueConfig_Event_Type.csv,2,节点图标,Icon,
RogueConfig_Event_Type.csv,3,节点底板,Floor,
RogueConfig_Event_Type.csv,4,小图标,Sicon,
RogueConfig_Event_Type.csv,5,名称索引,Key_EventTypeName,
RogueConfig_Event_Type.csv,6,名称,EventTypeName,
RogueConfig_Event_Type.csv,7,小名称索引,Key_Sname,
RogueConfig_Event_Type.csv,8,小名称,Sname,
RogueConfig_Event_Type.csv,9,描述索引,Key_EventTypeDesc,
RogueConfig_Event_Type.csv,10,描述,EventTypeDesc,
RogueConfig_Event_Type.csv,11,关卡ID,MissionID,
RogueConfig_Event_Type.csv,12,积分计算,Integral,
RogueConfig_Event_Type.csv,13,连线颜色,LineColour,
RogueConfig_Heritage.csv,1,序号ID,ID,
RogueConfig_Heritage.csv,2,到达章节,ChapterID,
RogueConfig_Heritage.csv,3,奇物库,GoodsLibraryID,
RogueConfig_Heritage.csv,4,随机数量,Num,
RogueConfig_Hero_Awake.csv,1,序号,ID,
RogueConfig_Hero_Awake.csv,2,角色ID,HeroID,
RogueConfig_Hero_Awake.csv,3,角色星级,Star,
RogueConfig_Hero_Awake.csv,4,天赋阶段,Stage,
RogueConfig_Hero_Awake.csv,5,天赋类型,Type,
RogueConfig_Hero_Awake.csv,6,节点名称,Pic,
RogueConfig_Hero_Awake.csv,7,天赋图标,Icon_activation,
RogueConfig_Hero_Awake.csv,8,属性加成（加法）,AddAttribute,
RogueConfig_Hero_Awake.csv,9,属性加成（乘法）,RatioAttribute,
RogueConfig_Hero_Awake.csv,10,天赋ID1,TalentID1,
RogueConfig_Hero_Awake.csv,11,天赋ID2,TalentID2,
RogueConfig_Hero_Awake.csv,12,提升消耗,Cost,1
RogueConfig_Hero_Recruit.csv,1,序号,ID,
RogueConfig_Hero_Recruit.csv,2,招募图标,Icon,
RogueConfig_Hero_Recruit.csv,3,名称索引,Key_RecruitName,
RogueConfig_Hero_Recruit.csv,4,名称,RecruitName,
RogueConfig_Hero_Recruit.csv,5,描述索引,Key_RecruitDesc,
RogueConfig_Hero_Recruit.csv,6,描述,RecruitDesc,
RogueConfig_Hero_Recruit.csv,7,职业,Profession,
RogueConfig_Hero_Recruit.csv,8,系统保底招募列表,SystemBreakRecruit,1
RogueConfig_Hero_Recruit.csv,9,触发系统招募概率,SystemRecruit,1
RogueConfig_Hero_Recruit.csv,10,系统招募库,SystemRecruitList,
RogueConfig_Hero_Recruit.csv,11,系统招募数量,SystemRecruitNum,
RogueConfig_Hero_Stage.csv,1,序号,ID,
RogueConfig_Hero_Stage.csv,2,角色稀有度,HeroQuality,
RogueConfig_Hero_Stage.csv,3,阶段数,Stage,
RogueConfig_Hero_Stage.csv,4,图标,Icon,
RogueConfig_Hero_Stage.csv,5,等级上限,LevelLimit,1
RogueConfig_Hero_Stage.csv,6,突破上限,BreachLimit,1
RogueConfig_Hero_Stage.csv,7,技能等级上限,SkillLevelLimit,1
RogueConfig_Hero_Stage.csv,8,资源消耗,Cost,1
RogueConfig_Inspiration.csv,1,序号,ID,
RogueConfig_Inspiration.csv,2,剧作套装道具图标,Icon,
RogueConfig_InspirationLibrary.csv,1,序号,ID,
RogueConfig_InspirationLibrary.csv,2,库ID,LibraryID,
RogueConfig_InspirationLibrary.csv,3,剧作套装ID,InspirationID,
RogueConfig_InspirationLibrary.csv,4,权重,Weight,1
RogueConfig_IntegralReward.csv,1,序号,ID,
RogueConfig_IntegralReward.csv,2,所属主题,Subject,
RogueConfig_IntegralReward.csv,3,所需积分,Integral,
RogueConfig_IntegralReward.csv,4,奖励,Reward,1
RogueConfig_IntegralReward.csv,5,节点样式,NodeStyle,
RogueConfig_IntegralStatistics.csv,1,序号ID,ID,
RogueConfig_IntegralStatistics.csv,2,类型枚举,Type,
RogueConfig_IntegralStatistics.csv,3,图标,Icon,
RogueConfig_IntegralStatistics.csv,4,文本索引,Key_Text,
RogueConfig_IntegralStatistics.csv,5,文本,Text,
RogueConfig_Map.csv,1,地图序号,ID,
RogueConfig_Map.csv,2,所属章节,ChapterID,
RogueConfig_Map.csv,3,触发条件类型,ConditionType,
RogueConfig_Map.csv,4,触发条件参数,ConditionParame,
RogueConfig_Map.csv,5,效果索引,Key_EffectDesc,
RogueConfig_Map.csv,6,效果描述,EffectDesc,
RogueConfig_Map.csv,7,效果类型,EffectType,
RogueConfig_Map.csv,8,效果参数,EffectParame,
RogueConfig_Map.csv,9,结局剧情,EndStoryID,
RogueConfig_Map.csv,10,权重,Weight,1
RogueConfig_Map.csv,11,预制名称,PrefName,
RogueConfig_Map_Line.csv,1,序号,ID,
RogueConfig_Map_Line.csv,2,所属地图,MapID,
RogueConfig_Map_Line.csv,3,节点序号,NodeNum,
RogueConfig_Map_Line.csv,4,节点类型及权重,NodeTypeWeight,1
RogueConfig_Map_Line.csv,5,后置节点序号,NextID,
RogueConfig_Map_Line.csv,6,节点预制名称,NodePrefName,
RogueConfig_Map_Line.csv,7,地图方向,RouteDirection,
RogueConfig_Map_Line.csv,8,事件ID,EventID,
RogueConfig_Map_Line.csv,9,节点行数,LineNum,
RogueConfig_RecruitLibrary.csv,1,序号,ID,
RogueConfig_RecruitLibrary.csv,2,库ID,LibraryID,
RogueConfig_RecruitLibrary.csv,3,招募ID,HeroRecruitID,
RogueConfig_RecruitLibrary.csv,4,权重,Weight,1
RogueConfig_RecruitLibrary.csv,5,备注,Weight,
RogueConfig_Shop_Common.csv,1,序号,ID,
RogueConfig_Shop_Common.csv,2,所属商品位,PositionID,1
RogueConfig_Shop_Common.csv,3,商品类型,CommonType,1
RogueConfig_Shop_Common.csv,4,商品序号,Common,1
RogueConfig_Shop_Common.csv,5,售价,Price,1
RogueConfig_Shop_Common.csv,6,权重,Weight,1
RogueConfig_Shop_Event.csv,1,序号,ID,
RogueConfig_Shop_Event.csv,2,所属章节,ChapterID,
RogueConfig_Shop_Position.csv,1,序号,ID,
RogueConfig_Shop_Position.csv,2,所属商店,ShopID,
RogueConfig_Shop_Position.csv,3,开启条件,Condition,1
RogueConfig_Skill.csv,1,序号,ID,
RogueConfig_Skill.csv,2,所属主题,Subject,
RogueConfig_Skill.csv,3,预制名称,PrefabName,
RogueConfig_Skill.csv,4,节点类型,NodeType,
RogueConfig_Skill.csv,5,节点图标,Icon,
RogueConfig_Skill.csv,6,前置节点序号,PreNode,
RogueConfig_Skill.csv,7,名称索引,Key_SkillName,
RogueConfig_Skill.csv,8,名称,SkillName,
RogueConfig_Skill.csv,9,描述索引,Key_SkillDesc,
RogueConfig_Skill.csv,10,描述,SkillDesc,
RogueConfig_Skill.csv,11,属性加成（加法）,AddAttribute,
RogueConfig_Skill.csv,12,属性加成（乘法）,RatioAttribute,
RogueConfig_Skill.csv,13,效果组序号,BUFFGroupID,
RogueConfig_Skill.csv,14,统计参数,CountParam,
RogueConfig_Skill.csv,15,显示位置,ShowLocation,
RogueConfig_Skill.csv,16,激活消耗,ActivationCost,1
RogueConfig_SkillTab.csv,1,序号,ID,
RogueConfig_SkillTab.csv,2,图标,Icon,
RogueConfig_SkillTab.csv,3,描述索引,Key_SkillTabDesc,
RogueConfig_SkillTab.csv,4,属性描述,SkillTabDesc,
RogueConfig_SkillTab.csv,5,显示类型,ShowType,
RogueConfig_Story.csv,1,序号,ID,
RogueConfig_Story.csv,2,背景图片,Picture,
RogueConfig_Story.csv,3,名称索引,Key_StoryName,
RogueConfig_Story.csv,4,名称,StoryName,
RogueConfig_Story.csv,5,简易描述索引,Key_StoryDesc,
RogueConfig_Story.csv,6,简易描述,StoryDesc,
RogueConfig_Story.csv,7,所属图鉴,ShowInHandBook,
RogueConfig_Story.csv,8,图鉴奖励,Reward,1
RogueConfig_Story.csv,9,简易剧情索引,SimpleStory,
RogueConfig_Story.csv,10,结局描述索引,Key_EndDesc,
RogueConfig_Story.csv,11,结局描述,EndDesc,
RogueConfig_System_Hero.csv,1,序号,ID,
RogueConfig_System_Hero.csv,2,角色ID,HeroID,
RogueConfig_System_Hero.csv,3,角色名称,HeroName,
RogueConfig_System_Hero.csv,4,角色等级,HeroLevel,
RogueConfig_System_Hero.csv,5,角色突破阶段,BreachLevel,
RogueConfig_System_Hero.csv,6,角色技能等级,SkillLevel,
RogueConfig_System_Hero.csv,7,招募消耗,RecruitCost,1
RogueConfig_System_Hero.csv,8,进阶消耗,AdvanceCost,1
RogueConfig_SystemHeroLibrary.csv,1,序号,ID,
RogueConfig_SystemHeroLibrary.csv,2,库ID,LibraryID,
RogueConfig_SystemHeroLibrary.csv,3,系统角色ID,SystemHeroID,
RogueConfig_SystemHeroLibrary.csv,4,权重,Weight,1
RogueConfig_Team.csv,1,序号ID,ID,
RogueConfig_Team.csv,2,所属主题,Subject,
RogueConfig_Team.csv,3,职业图标,Icon,
RogueConfig_Team.csv,4,队伍名称索引,Key_TeamName,
RogueConfig_Team.csv,5,队伍名称,TeamName,
RogueConfig_Team.csv,6,队伍描述索引,Key_TeamDesc,
RogueConfig_Team.csv,7,队伍描述,TeamDesc,
RogueConfig_Team.csv,8,招募列表,HeroRecruit,
RookiePack_Base.csv,1,流水ID,Id,
RookiePack_Base.csv,2,入口类型,Type,
RookiePack_Base.csv,3,Key_气泡文本,Key_Desc,
RookiePack_Base.csv,4,活动名,Desc,
RookiePack_Base.csv,5,商品id,PackagingPayId,1
RookiePack_Base.csv,6,Key_档位一返利比文本,Key_RebateFirst,
RookiePack_Base.csv,7,档位一返利比,RebateFirst,1
RookiePack_Base.csv,8,Key_档位二返利比文本,Key_RebateSecond,
RookiePack_Base.csv,9,档位二返利比,RebateSecond,1
RookiePack_Base.csv,10,Key_档位三返利比文本,Key_RebateThird,
RookiePack_Base.csv,11,档位三返利比,RebateThird,1
RookiePack_Base.csv,12,Key_打包购买返利比文本,Key_RebateTotal,
RookiePack_Base.csv,13,打包购买返利比,RebateTotal,1
RookiePack_Base.csv,14,触发条件,Condition,
RookiePack_Base.csv,15,角色展示,HeroShow,
RookiePack_Base.csv,16,背景图路径,BgPic,
RookiePack_Base.csv,17,Live2D,HeroPic,
RookiePack_Base.csv,18,live2D坐标,HeroPicCoordinate,
RookiePack_Base.csv,19,live2D缩放比例,HeroPicScale,
RookiePack_Base.csv,20,商品底图路径,GoodsPic,1
RookiePack_Base.csv,21,角色or剧作立绘路径,DecorationPic,
RookiePack_Base.csv,22,补充展示内容,ExtendedContent,
RookiePack_ClassifyReward.csv,1,流水ID,Id,
RookiePack_ClassifyReward.csv,2,所属礼包ID,ClassifyId,
RookiePack_ClassifyReward.csv,3,PackagingPayID,MoneyID,
RookiePack_ClassifyReward.csv,4,奖励,Reward,1
RookiePack_ClassifyReward.csv,5,Key_目标天数文本,Key_TargetDailyName,
RookiePack_ClassifyReward.csv,6,目标天数文本,TargetDailyName,
RookiePack_ClassifyReward.csv,7,天数,TargetDay,
SceneConfig_Base.csv,1,流水ID,Id,
SceneConfig_Base.csv,2,名称,Name,
SceneConfig_Base.csv,3,描述,Description,
SceneConfig_Base.csv,4,玩法类型,Mode,
SceneConfig_Base.csv,5,最大出战人数,MaxHeroCount,
SceneConfig_Base.csv,6,最大上阵人数,MaxFomationCount,
SceneConfig_Base.csv,7,单位配置,UnitFile,
SceneConfig_Base.csv,8,逻辑配置,LogicFile,
SceneConfig_Base.csv,9,选择场景布阵格,SetBattleField,
SceneConfig_Base.csv,10,关卡刷怪组,SpwanGroupId,
SceneConfig_Base.csv,11,属性难度等级,DynamicLevel,
SceneConfig_Base.csv,12,创建玩家,CreateFromType,
SceneConfig_Base.csv,13,均衡遇着,HeroDdefault,
SceneConfig_Base.csv,14,预设角色,HeroAdd,
SceneConfig_Base.csv,15,是否清空上阵英雄,IsClearTeam,
SceneConfig_Base.csv,16,是否记录布阵,NotesFormation,
SceneConfig_Base.csv,17,布阵格资源,WavePath,
SceneConfig_Base.csv,18,通关掉落,WinDropId,1
SceneConfig_Base.csv,19,地图ID,MapId,
SceneConfig_Base.csv,20,相机模式,CameraType,
SceneConfig_Base.csv,21,开启托管,EnableManaged,
SceneConfig_Base.csv,22,开启暂停,EnablePaused,
SceneConfig_Base.csv,23,开启录像功能,EnableRecord,
SceneConfig_Base.csv,24,是否屏蔽返回,IsBack,1
SceneConfig_Base.csv,25,结算类型（是否继续探索）,SummaryType,
SceneConfig_Base.csv,26,开启首通加速,EnableSpeedUpFirst,
SceneConfig_Base.csv,27,战场的空气墙类型,WallType,
SceneConfig_Base.csv,28,关卡战力,MissionFight,
SceneConfig_Base.csv,29,关卡战力压制开关,FightOpen,1
SceneConfig_Base.csv,30,关卡最低战力,MinPassFight,
SceneConfig_Base.csv,31,低于关卡战力比例下限,PlayerFightRate,1
SceneConfig_Base.csv,32,信用分扣分值,ReduceCreditScore,
SceneConfig_Base.csv,33,碰撞盒剔除范围,ColliderCullingDistance,
SceneConfig_Base.csv,34,一键布阵开关,SetPawnTrigger,1
SceneConfig_Base.csv,35,推荐相性,RecommendedPhasics,
SceneConfig_Base.csv,36,关卡类型(一级）,SceneType,
SceneConfig_Base.csv,37,地面是否是固定高度,isfixedterrain,
SceneConfig_Base.csv,38,防作弊参数（有修改）,AntiCheatParameter,
SceneConfig_Base.csv,39,DPS调整系数,AntiCheatDpsAdjustRatio,
SceneConfig_Base.csv,40,作弊是否强制掉线（新增）,CheatOffline,
SceneConfig_Base.csv,41,防作弊最低通关秒数,AntiCheatMinTime,
SceneConfig_Base.csv,42,关卡时长,LevelTime,
SceneConfig_Base.csv,43,防作弊开关,AntiCheatOpen,1
SceneConfig_Base.csv,44,是否启用阵容预设,TeamPresetOpen,1
SceneConfig_DropOut.csv,1,流水ID,Id,
SceneConfig_DropOut.csv,2,描述,Desc,
SceneConfig_DropOut.csv,3,首次掉落经验,FirstPassExp,1
SceneConfig_DropOut.csv,4,首次好感度,FirstPassFetter,
SceneConfig_DropOut.csv,5,首次掉落金币,FirstPassGold,1
SceneConfig_DropOut.csv,6,掉落经验,Exp,1
SceneConfig_DropOut.csv,7,好感度,Fetter,
SceneConfig_DropOut.csv,8,掉落金币,Gold,1
SceneConfig_DropOut.csv,9,掉落预览,DropItemPreview,1
SceneConfig_DropOut.csv,10,首次通关奖励,FirstPassDropID,1
SceneConfig_DropOut.csv,11,首次三星通关掉落,ThreeStarDropID,1
SceneConfig_DropOut.csv,12,三星掉落,PerfectDropID,1
SceneConfig_DropOut.csv,13,非三星掉落,CommonDropID,1
SceneConfig_DropOut.csv,14,怪物掉落,MonsterDrop,1
SceneConfig_DropOut.csv,15,固定掉落,MustDropID,1
SceneConfig_DropOut.csv,16,概率掉落,MaybeDropID,1
SceneConfig_DropOut.csv,17,关卡失败掉落,LoseDropID,1
SceneConfig_DropOut.csv,18,小结金币,SummaryGold,
SceneConfig_DropOut.csv,19,小结使徒经验,SummaryFetter,
SceneConfig_DropOut.csv,20,小结物品掉落,SummaryItems,1
SceneConfig_Map.csv,1,流水ID,Id,
SceneConfig_Map.csv,2,名称,Name,
SceneConfig_Map.csv,3,引擎场景文件,ResFile,
SceneConfig_Map.csv,4,场景配置,MapFile,
SceneConfig_Map.csv,5,代理场景对象,Proxy,
SceneConfig_Map.csv,6,背景音乐配置,MusicId,
SceneConfig_Map.csv,7,开场动画,OpenAnim,
SceneConfig_Map.csv,8,开场动画时间,OpenTime,
SceneConfig_Map.csv,9,开场动画淡出颜色,OpenAnimColor,
SceneConfig_Map.csv,10,光照信息,LightInfo,
SceneConfig_Map.csv,11,粒子光照强度,LightIntensity,
SceneConfig_Map.csv,12,角色阴影信息,LightInfoShadow,
SceneConfig_Map.csv,13,光照颜色,LightColor,
SceneConfig_Map.csv,14,描边宽度,OutlineWidth,
SceneConfig_Map.csv,15,卡通渲染设置,ToonLevel,
SceneConfig_Map.csv,16,背光勾边,HighlightDirection,
SceneConfig_Map.csv,17,胜利镜头位置,CapturePoint,
SceneConfig_Map.csv,18,复活点,RevivePoint,
SceneConfig_Map.csv,19,阴影颜色,ShadowColor,
SceneConfig_Map.csv,20,场景角色颜色,SceneOriColor,
SceneConfig_Map.csv,21,场景角色盒子颜色,SceneShadowColor,
SceneConfig_Map.csv,22,场景角色盒子ramp,SceneShadowRamp,
SceneConfig_Map.csv,23,角色ramp颜色,RampBright,
SceneConfig_Map.csv,24,角色脸部ramp颜色,FaceBright,
SceneConfig_Map.csv,25,加载提示,LoadingTips,
SceneConfig_Map.csv,26,深度图,NeedDepthTexture,
SceneConfig_Map.csv,27,平面反射,NeedPlanarReflection,
SceneConfig_Wall.csv,1,流水ID,Id,
SceneConfig_Wall.csv,2,空气墙类型,WallPath,
SeasonTower_Base.csv,1,流水ID,Id,
SeasonTower_Base.csv,2,作用相性,ReferPhasic,
SeasonTower_Base.csv,3,效果buff,BuffId,
SeasonTower_Base.csv,4,Key_buff描述,Key_SeasonBuffDes,
SeasonTower_Base.csv,5,buff描述,SeasonBuffDes,
SeasonTower_Base.csv,6,排行ID,RankID,
SeasonTower_Base.csv,7,Key_赛季标题,Key_SeasonTitle,
SeasonTower_Base.csv,8,赛季标题,SeasonTitle,
SeasonTower_Base.csv,9,Key_赛季规则描述,Key_SeasonDescribe,
SeasonTower_Base.csv,10,赛季规则描述,SeasonDescribe,
Share_Base.csv,1,流水ID,Id,
Share_Base.csv,2,活动名,Desc,
Share_Base.csv,3,分享图标,Icon,
SheepGameActivity_Base.csv,1,流水id,Id,
SheepGameActivity_Base.csv,2,备注,Desc,
SheepGameActivity_Base.csv,3,Key_活动系统名,Key_Name,
SheepGameActivity_Base.csv,4,活动系统名,Name,
SheepGameActivity_Base.csv,5,活动开始时间,StartTime,1
SheepGameActivity_Base.csv,6,活动结束时间,EndTime,1
SheepGameActivity_Base.csv,7,预制体,Prefab,
SheepGameActivity_Base.csv,8,任务组,TaskGroup,
SheepGameActivity_Base.csv,9,排行id,RankId,
SheepGameActivity_Base.csv,10,小游戏参数1,Param1,
SheepGameActivity_Base.csv,11,小游戏参数2,Param2,
SheepGameActivity_Base.csv,12,小游戏参数3,Param3,
SheepGameActivity_Base.csv,13,小游戏参数4,Param4,
SheepGameActivity_GameItem.csv,1,id,Id,
SheepGameActivity_GameItem.csv,2,活动id,ActivityId,
SheepGameActivity_GameItem.csv,3,天数,Day,
SheepGameActivity_GameItem.csv,4,每日道具数量,Item_Times,1
SheepGameActivity_GameItem.csv,5,Key_明日提示词文本,Key_Hint,
SheepGameActivity_GameItem.csv,6,明日提示词文本,Hint,
ShopConfig_BannerShop.csv,1,流水ID,Id,
ShopConfig_BannerShop.csv,2,banner路径,BannerPic,
ShopConfig_BannerShop.csv,3,banner展示位,ShowPosition,
ShopConfig_BannerShop.csv,4,优先级排序,Order,
ShopConfig_BannerShop.csv,5,显示时间,ShowTime,
ShopConfig_BannerShop.csv,6,关闭时间,CloseTime,1
ShopConfig_BannerShop.csv,7,跳转界面id,JumpId,
ShopConfig_BannerShop.csv,8,跳转道具id,JumpItemId,
ShopConfig_BannerShop.csv,9,切换展示时间,TurnTime,
ShopConfig_Base.csv,1,流水ID,Id,
ShopConfig_Base.csv,2,商店id,ShopId,
ShopConfig_Base.csv,3,排序,Order,
ShopConfig_Base.csv,4,预制路径,PrefabPath,
ShopConfig_Base.csv,5,入口类型,EntranceType,
ShopConfig_CodePoint.csv,1,ID,Id,
ShopConfig_CodePoint.csv,2,物品item及数量,ItemNum,
ShopConfig_CodePoint.csv,3,对应积分,Point,
ShopConfig_CommonShop.csv,1,流水ID,Id,
ShopConfig_CommonShop.csv,2,商品名称,Name,1
ShopConfig_CommonShop.csv,3,商品,Goods,1
ShopConfig_CommonShop.csv,4,前置商品,PreGoods,1
ShopConfig_CommonShop.csv,5,所属商店,Shop,
ShopConfig_CommonShop.csv,6,是否是直购礼包,IsMoneyBag,
ShopConfig_CommonShop.csv,7,直购id,PriceIId,
ShopConfig_CommonShop.csv,8,现价,TruePrice,1
ShopConfig_CommonShop.csv,9,排序,Index,
ShopConfig_CommonShop.csv,10,外显返利比,ShowRebate,1
ShopConfig_CommonShop.csv,11,库存数量,Count,
ShopConfig_CommonShop.csv,12,上架时间,StartTime,
ShopConfig_CommonShop.csv,13,下架时间,EndTime,
ShopConfig_CommonShop.csv,14,售完处理,SellOutState,
ShopConfig_CommonShop.csv,15,刷新类型,RefreshType,
ShopConfig_CommonShop.csv,16,随机商品,RandomGoods,1
ShopConfig_CommonShop.csv,17,未售罄背景,NormalBg,
ShopConfig_CommonShop.csv,18,售罄背景,SellOutBg,
ShopConfig_CommonShop.csv,19,是否可选择购买数量,IsChooseNumber,
ShopConfig_CommonShop.csv,20,皮肤预览背景图路径,SkinBg,
ShopConfig_CommonShop.csv,21,皮肤预览立绘图路径,SkinHeroPic,
ShopConfig_CommonShop.csv,22,皮肤预览标题图路径,SkinTitle,
ShopConfig_CommonShop.csv,23,是否显示推荐标签,IsShowTag,
ShopConfig_CommonShop.csv,24,显示条件,ShowCondtion,
ShopConfig_CommonShop.csv,25,购买条件,OpenCondtion,
ShopConfig_CommonShop.csv,26,首次兑换赠送,FirstExtraGift,1
ShopConfig_CommonShop.csv,27,日常兑换赠送,NormalExtraGift,1
ShopConfig_CommonShop.csv,28,商品图标,Icon,1
ShopConfig_CommonShop.csv,29,购买上限,BuyLimit,1
ShopConfig_CommonShop.csv,30,备注,Mark_Henry,
ShopConfig_CommonShop.csv,31,开放购买时间,Enable2BuyTime,
ShopConfig_DailyPeriod.csv,1,ID,Id,
ShopConfig_DailyPeriod.csv,2,累计购买次数,TotalBuy,1
ShopConfig_DailyPeriod.csv,3,奖励,Reward,1
ShopConfig_GoodsCycle.csv,1,ID,Id,
ShopConfig_GoodsCycle.csv,2,循环组,CycleGroup,
ShopConfig_GoodsCycle.csv,3,循环商品,CycleGoods,1
ShopConfig_GoodsCycle.csv,4,循环类型,CycleType,
ShopConfig_GoodsCycle.csv,5,备注,Notes,
ShopConfig_LimitedShopBg.csv,1,流水ID,Id,
ShopConfig_LimitedShopBg.csv,2,上架时间,StartTime,
ShopConfig_LimitedShopBg.csv,3,下架时间,EndTime,
ShopConfig_LimitedShopBg.csv,4,Bg图路径,BgPic,
ShopConfig_LimitedShopBg.csv,5,标题图路径,BannerBg,
ShopConfig_LimitedShopBg.csv,6,Live2D路径,HeroPic,
ShopConfig_LimitedShopBg.csv,7,Live2D坐标,HeroPicCoordinate,
ShopConfig_LimitedShopBg.csv,8,Live2D缩放,HeroPicScale,
ShopConfig_LimitedShopBg.csv,9,对应商店id,ShopId,
ShopConfig_MoneyShop.csv,1,流水ID,Id,
ShopConfig_MoneyShop.csv,2,类型,Type,
ShopConfig_MoneyShop.csv,3,子类型,SubType,
ShopConfig_MoneyShop.csv,4,商店名称,Name,
ShopConfig_MoneyShop.csv,5,商品id,GoodsId,1
ShopConfig_MoneyShop.csv,6,所属平台,Platform,
ShopConfig_MoneyShop.csv,7,商品,Goods,1
ShopConfig_MoneyShop.csv,8,价格ID,PriceLevelId,1
ShopConfig_MoneyShop.csv,9,限购数量,Count,1
ShopConfig_MoneyShop.csv,10,刷新类型,RefreshType,
ShopConfig_MoneyShop.csv,11,商品类型,GoodsType,1
ShopConfig_MoneyShop.csv,12,首充额外赠送,FirstPay,
ShopConfig_MoneyShop.csv,13,非首冲额外赠送,NoFirstPay,
ShopConfig_MoneyShop.csv,14,所属商店,Shop,
ShopConfig_MoneyShop.csv,15,充值比例,GameMoney,1
ShopConfig_MoneyShop.csv,16,Key充值商品主题,Key_Subject,1
ShopConfig_MoneyShop.csv,17,充值商品主题,Subject,1
ShopConfig_MoneyShop.csv,18,Key充值商品描述,Key_Body,
ShopConfig_MoneyShop.csv,19,充值商品描述,Body,
ShopConfig_MoneyShop.csv,20,商品图标,Icon,1
ShopConfig_MoneyShop.csv,21,商品图标背景,IconBg,1
ShopConfig_MoneyShop.csv,22,备注,Comments,
ShopConfig_MoneyShop.csv,23,直购档位商品展示,SecondConfirmItem,1
ShopConfig_MoneyShop.csv,24,Key特殊商品描述文本,Key_SpecialGoodsDescription,
ShopConfig_MoneyShop.csv,25,特殊商品描述文本,SpecialGoodsDescription,
ShopConfig_MoneyShop.csv,26,邮件是否显示礼包详情,MailShowDetails,
ShopConfig_MonthShop.csv,1,流水ID,Id,
ShopConfig_MonthShop.csv,2,对应价格id,PriceId,1
ShopConfig_MonthShop.csv,3,有效期,Time,
ShopConfig_MonthShop.csv,4,每日奖励,DailyReward,1
ShopConfig_MonthShop.csv,5,每周奖励,WeeklyReward,1
ShopConfig_MonthShop.csv,6,邮件模板id,MailId,
ShopConfig_MonthShop.csv,7,邮件已过期模板,OutDateMailId,
ShopConfig_MonthShop.csv,8,有效期上限,MaxTime,1
ShopConfig_MonthShop.csv,9,特权,privilege,
ShopConfig_MonthShop.csv,10,通用特权,Privileges,
ShopConfig_MonthShop.csv,11,奖励邮件id,RewardsMailId,1
ShopConfig_OriPriceLevel.csv,1,流水ID,Id,
ShopConfig_OriPriceLevel.csv,2,人民币,RMB,
ShopConfig_OriPriceLevel.csv,3,美元,USD,
ShopConfig_OriPriceLevel.csv,4,新台币,TWD,
ShopConfig_OriPriceLevel.csv,5,日元,JPY,
ShopConfig_OriPriceLevel.csv,6,韩币,KRW,
ShopConfig_OriPriceLevel.csv,7,港币,HKD,
ShopConfig_OriPriceLevel.csv,8,澳门元,MOP,
ShopConfig_OriPriceLevel.csv,9,售卖加拿大元,CAD,
ShopConfig_OriPriceLevel.csv,10,售卖马来林吉特,MYR,
ShopConfig_OriPriceLevel.csv,11,售卖澳大利亚元,AUD,
ShopConfig_OriPriceLevel.csv,12,备注,Mark,
ShopConfig_PayRandomPrize.csv,1,流水ID,Id,
ShopConfig_PayRandomPrize.csv,2,奖励,Reward,1
ShopConfig_PayRandomPrize.csv,3,权重,GroupId,1
ShopConfig_PriceLevel.csv,1,流水ID,Id,
ShopConfig_PriceLevel.csv,2,人民币,RMB,
ShopConfig_PriceLevel.csv,3,美元,USD,
ShopConfig_PriceLevel.csv,4,新台币,TWD,
ShopConfig_PriceLevel.csv,5,日元,JPY,
ShopConfig_PriceLevel.csv,6,韩币,KRW,
ShopConfig_PriceLevel.csv,7,港币,HKD,
ShopConfig_PriceLevel.csv,8,澳门元,MOP,
ShopConfig_PriceLevel.csv,9,售卖加拿大元,CAD,
ShopConfig_PriceLevel.csv,10,售卖马来林吉特,MYR,
ShopConfig_PriceLevel.csv,11,售卖澳大利亚元,AUD,
ShopConfig_PriceLevel.csv,12,档位充值所得积分,ChargingPoint,1
ShopConfig_PriceLevel.csv,13,备注,Mark,
ShopConfig_RefreshGroup.csv,1,ID,Id,
ShopConfig_RefreshGroup.csv,2,组ID,GroupId,
ShopConfig_RefreshGroup.csv,3,商品id,GoodsId,1
ShopConfig_RefreshGroup.csv,4,备注,Desc,
ShopConfig_RefreshGroup.csv,5,随机概率,Weight,1
ShopConfig_RefreshGroup.csv,6,解锁条件,Condition,1
ShopConfig_RefreshShop.csv,1,商店id,ShopId,
ShopConfig_RefreshShop.csv,2,额外刷新时间,RefreshTime,1
ShopConfig_RefreshShop.csv,3,商品组id,GroupId,1
ShopConfig_RefreshShop.csv,4,Key_刷新规则,Key_RefreshDesc,
ShopConfig_RefreshShop.csv,5,刷新规则,RefreshDesc,
ShopConfig_ShopType.csv,1,商店ID,Id,
ShopConfig_ShopType.csv,2,Key商店名称,Key_Name,
ShopConfig_ShopType.csv,3,商店名称,Name,
ShopConfig_ShopType.csv,4,关联SystemId,SystemId,
ShopConfig_ShopType.csv,5,商店类型,FirstLevel,
ShopConfig_ShopType.csv,6,二级商店,SecondLevel,
ShopConfig_ShopType.csv,7,三级商店,ThirdLevel,
ShopConfig_ShopType.csv,8,前置商店,PreShop,
ShopConfig_ShopType.csv,9,刷新类型,RefreshType,
ShopConfig_ShopType.csv,10,刷新参数,RefreshValue,
ShopConfig_ShopType.csv,11,手动刷新,RefreshByHand,
ShopConfig_ShopType.csv,12,手动刷新次数,RefreshCount,1
ShopConfig_ShopType.csv,13,手动刷新消耗,RefreshCost,1
ShopConfig_ShopType.csv,14,随机商品格子,RandomCell,1
ShopConfig_ShopType.csv,15,父商店按钮图标,ShopButtonIcon,
ShopConfig_ShopType.csv,16,描述,Desc,
ShopConfig_ShopType.csv,17,售罄是否关闭页签,IsClose,
ShopConfig_ShopType.csv,18,标签关联二级商店id,RelateId,
ShopConfig_ShopType.csv,19,Key标签文本,Key_Label,
ShopConfig_ShopType.csv,20,标签文本,Label,
ShopConfig_ShopType.csv,21,关联系统id,RelateSystemId,
ShopConfig_ShopType.csv,22,页签开启时间,StartTime,1
ShopConfig_ShopType.csv,23,页签关闭时间,EndTime,1
ShopConfig_ShopType.csv,24,排序,Order,
ShopConfig_ShopType.csv,25,角色创建后N天关闭,EndAfterCreateRole,
ShopConfig_ShopType.csv,26,页签选中态读片,TabSelectedPic,
ShopConfig_ShopType.csv,27,页签非选中态读片,TabUnselectedPic,
ShopConfig_ShopType.csv,28,售罄是否自动排序,IsSort,
Sign_Divination.csv,1,流水ID,Id,
Sign_Divination.csv,2,关联Id,LuckId,
Sign_Divination.csv,3,普通奖励,Award,1
Sign_Divination.csv,4,随机权重,weight,1
Sign_Luck.csv,1,流水ID,Id,
Sign_Luck.csv,2,Key_运势,Key_Name,
Sign_Luck.csv,3,运势,Name,
Sign_Luck.csv,4,随机权重,weight,1
Sign_Reward.csv,1,流水ID,Id,
Sign_Reward.csv,2,名称,Name,
Sign_Reward.csv,3,条件id,ConditionID,
Sign_Reward.csv,4,条件参数,ConditionParameters,
Sign_Reward.csv,5,普通奖励,Award,1
Sign_Suit.csv,1,流水ID,Id,
Sign_Suit.csv,2,Key_宜,Key_Name,
Sign_Suit.csv,3,宜,Name,
Sign_Suit.csv,4,随机权重,weight,1
Sign_Understand.csv,1,流水ID,Id,
Sign_Understand.csv,2,Key_解语,Key_Name,
Sign_Understand.csv,3,解语,Name,
Sign_Understand.csv,4,结果,LuckId,
SignActivityConfig_Base.csv,1,流水ID,Id,
SignActivityConfig_Base.csv,2,活动类型,Type,
SignActivityConfig_Base.csv,3,Key_活动标题,Key_Name,
SignActivityConfig_Base.csv,4,活动标题,Name,
SignActivityConfig_Base.csv,5,奖池列表,RewardLottery,1
SignActivityConfig_Base.csv,6,主模块名,ModuleName,
SignActivityConfig_Base.csv,7,材料所需数量,MaterialNum,
SignActivityConfig_Base.csv,8,每日随机材料数量,DailyMaterialNum,
SignActivityConfig_Base.csv,9,材料列表,MaterialList,
SignActivityConfig_Base.csv,10,合成材料列表,TargetMaterialList,
SignActivityConfig_Reward.csv,1,流水ID,Id,
SignActivityConfig_Reward.csv,2,奖励列表,Reward,1
SignActivityConfig_Reward.csv,3,权重,weight,1
SignActivityConfig_Reward.csv,4,稀有度,Rarity,
SignActivityConfig_Transform.csv,1,流水ID,Id,
SignActivityConfig_Transform.csv,2,稀有度,Rarity,
SignActivityConfig_Transform.csv,3,材料图标,Material,
SignActivityConfig_Transform.csv,4,Key_描述,Key_Desc,
SignActivityConfig_Transform.csv,5,描述,Desc,
SignActivityConfig_Transform.csv,6,权重,weight,1
SignNewActivity_Base.csv,1,流水ID,Id,
SignNewActivity_Base.csv,2,Key_活动系统名,Key_Name,
SignNewActivity_Base.csv,3,活动系统名,Name,
SignNewActivity_Base.csv,4,活动开始时间,StartTime,1
SignNewActivity_Base.csv,5,活动结束时间,EndTime,1
SignNewActivity_Base.csv,6,是否可以补签,IsReplenish,
SignNewActivity_Reward.csv,1,流水ID,Id,
SignNewActivity_Reward.csv,2,id,ActvityId,
SignNewActivity_Reward.csv,3,签到天数,Days,
SignNewActivity_Reward.csv,4,Key_标题,Key_Title,
SignNewActivity_Reward.csv,5,标题,Title,
SignNewActivity_Reward.csv,6,签到奖励,Rewards,1
SignNewActivity_Reward.csv,7,补签消耗,Cost,1
SimpleArenaConfig_AreaEffect.csv,1,序号,ID,
SimpleArenaConfig_AreaEffect.csv,2,Key_场地BUFF名称,Key_AreaEffectName,
SimpleArenaConfig_AreaEffect.csv,3,场地BUFF名称,AreaEffectName,
SimpleArenaConfig_AreaEffect.csv,4,Key_场地BUFF名称,Key_AreaEffectDes,
SimpleArenaConfig_AreaEffect.csv,5,场地BUFF描述,AreaEffectDes,
SimpleArenaConfig_AreaEffect.csv,6,场地格类型,TypeID,
SimpleArenaConfig_AreaEffect.csv,7,场地BUFF组ID,AreaEffectGroupID,
SimpleArenaConfig_AreaEffect.csv,8,场地效果等级,AreaEffectLevel,
SimpleArenaConfig_AreaEffect.csv,9,场地格ID,FormationCellID,
SimpleArenaConfig_AreaEffect.csv,10,场地格BUFF图标,AreaEffectIcon,
SimpleArenaConfig_AreaEffect.csv,11,场地格升级消耗,AreaLevelUpCost,1
SimpleArenaConfig_ArenaBuff.csv,1,序号,ID,
SimpleArenaConfig_ArenaBuff.csv,2,策划备注,BuffDes,
SimpleArenaConfig_ArenaBuff.csv,3,Key_BUFF名称,Key_BuffName,
SimpleArenaConfig_ArenaBuff.csv,4,BUFF名称,BuffName,
SimpleArenaConfig_ArenaBuff.csv,5,BUFFID,BuffID,
SimpleArenaConfig_ArenaBuff.csv,6,Buff图标,BuffIcon,
SimpleArenaConfig_ArenaBuff.csv,7,Key_Buff效果,Key_BuffDes,
SimpleArenaConfig_ArenaBuff.csv,8,Buff效果,BuffDes,
SimpleArenaConfig_ArenaBuff.csv,9,Buff效果量,Des,
SimpleArenaConfig_ArenaFreeHero.csv,1,流水ID,Id,
SimpleArenaConfig_ArenaFreeHero.csv,2,备注,DesignerNote,
SimpleArenaConfig_ArenaFreeHero.csv,3,佣兵类型,RobotType,
SimpleArenaConfig_ArenaFreeHero.csv,4,数据源模型,OriginalID,
SimpleArenaConfig_ArenaFreeHero.csv,5,应用场景,NpcType,
SimpleArenaConfig_ArenaMatches.csv,1,流水ID,ID,
SimpleArenaConfig_ArenaMatches.csv,2,场次数,Matches,1
SimpleArenaConfig_ArenaMatches.csv,3,场次修正系数,MatchesNum,
SimpleArenaConfig_ArenaMatchRule.csv,1,流水ID,ID,
SimpleArenaConfig_ArenaMatchRule.csv,2,胜率,WinRate,
SimpleArenaConfig_ArenaMatchRule.csv,3,胜率修正参数,FixedNum,
SimpleArenaConfig_ArenaMechanism.csv,1,序号,ID,
SimpleArenaConfig_ArenaMechanism.csv,2,机关组ID,ArenaMechanismGroupID,
SimpleArenaConfig_ArenaMechanism.csv,3,机关等级,MechanismLevel,
SimpleArenaConfig_ArenaMechanism.csv,4,机关品质,MechanismQuality,
SimpleArenaConfig_ArenaMechanism.csv,5,机关类型,MechanismType,
SimpleArenaConfig_ArenaMechanism.csv,6,数据源模型,OriginalID,
SimpleArenaConfig_ArenaMechanism.csv,7,机关特效挂载,PreCombatEffect,
SimpleArenaConfig_ArenaMechanism.csv,8,机关升级消耗,MechanismLevelUpCost,1
SimpleArenaConfig_ArenaMechanism.csv,9,Key_机关名称,Key_ArenaMechanismName,
SimpleArenaConfig_ArenaMechanism.csv,10,机关名称,ArenaMechanismName,
SimpleArenaConfig_ArenaMechanism.csv,11,Key_机关描述,Key_ArenaMechanismDes,
SimpleArenaConfig_ArenaMechanism.csv,12,机关描述,ArenaMechanismDes,
SimpleArenaConfig_ArenaMechanism.csv,13,技能数值,SkillNumber,
SimpleArenaConfig_ArenaMechanism.csv,14,参数,ParamString,
SimpleArenaConfig_ArenaRank.csv,1,流水ID,ID,
SimpleArenaConfig_ArenaRank.csv,2,Key_段位名称,Key_RankName,
SimpleArenaConfig_ArenaRank.csv,3,段位名称,RankName,
SimpleArenaConfig_ArenaRank.csv,4,段位最低分数,MinRankPoints,
SimpleArenaConfig_ArenaRank.csv,5,段位最高分数,MaxRankPoints,
SimpleArenaConfig_ArenaRank.csv,6,各段位扩散分数,DefinedPoints,
SimpleArenaConfig_ArenaRank.csv,7,各段位对应段位的折算系数,DownNum,
SimpleArenaConfig_ArenaRank.csv,8,迷雾场次,ArenaFog,
SimpleArenaConfig_ArenaRank.csv,9,胜场奖励,WinArenaAward,1
SimpleArenaConfig_ArenaRank.csv,10,输场/平局奖励,LoseArenaAward,1
SimpleArenaConfig_ArenaRank.csv,11,段位图标,RankIcon,
SimpleArenaConfig_ArenaRank.csv,12,段位一次性奖励,RankFirstReward,1
SimpleArenaConfig_ArenaRank.csv,13,赛季中间奖励,RankInterimReward,1
SimpleArenaConfig_ArenaRank.csv,14,赛季最终奖励,RankFinalReward,1
SimpleArenaConfig_Base.csv,1,天空城ID,ID,
SimpleArenaConfig_Base.csv,2,备注,DesignerNote,
SimpleArenaConfig_Base.csv,3,开始时间,ArenaOpenTime,1
SimpleArenaConfig_Base.csv,4,赛季休赛时间,ArenaRestTime,
SimpleArenaConfig_Base.csv,5,结束时间,ArenaCloseTime,1
SimpleArenaConfig_Base.csv,6,老服判定时间,GroupFoundTime,
SimpleArenaConfig_Base.csv,7,赛季佣兵,FreeHeroID,
SimpleArenaConfig_Base.csv,8,赛季BUFF,ArenaBuff,
SimpleArenaConfig_Base.csv,9,赛季机关,FreeAreaEffectID,
SimpleChargeActivity_Base.csv,1,流水ID,Id,
SimpleChargeActivity_Base.csv,2,活动名,Desc,
SimpleChargeActivity_Base.csv,3,奖池列表,RewardList,1
SimpleChargeActivity_Base.csv,4,直购id,MoneyShopId,
SimpleChargeActivity_Base.csv,5,奖励角色id,HeroId,1
SimpleChargeActivity_Base.csv,6,视频文件名,Video,
SimpleChargeActivity_Reward.csv,1,流水ID,Id,
SimpleChargeActivity_Reward.csv,2,目标天数,TargetDailyNum,
SimpleChargeActivity_Reward.csv,3,奖励,Reward,1
SimpleChargeActivity_Reward.csv,4,Key_目标天数文本,Key_TargetDailyName,
SimpleChargeActivity_Reward.csv,5,目标天数文本,TargetDailyName,
SimplePhasicTower_AllStarReward.csv,1,流水ID,Id,
SimplePhasicTower_AllStarReward.csv,2,星数,StarNum,
SimplePhasicTower_AllStarReward.csv,3,奖励loot表id,RewardLootId,1
SimplePhasicTower_AllStarReward.csv,4,奖励预览,Reward,1
SimplePhasicTower_Base.csv,1,流水ID,Id,
SimplePhasicTower_Base.csv,2,Key_关卡名称,Key_Name,
SimplePhasicTower_Base.csv,3,阵营塔名称,Name,
SimplePhasicTower_Base.csv,4,所属阵营id,PhasicId,
SimplePhasicTower_Base.csv,5,开放时间,OpenTime,1
SimplePhasicTower_Base.csv,6,Key_开放时间,Key_OpenTime,
SimplePhasicTower_Base.csv,7,开放时间,OpenTime,1
SimplePhasicTower_Base.csv,8,Key_开放预告,Key_PreTime,
SimplePhasicTower_Base.csv,9,开放预告,PreTime,
SimplePhasicTower_Base.csv,10,Key_阵营限制,Key_PhasicLimited,
SimplePhasicTower_Base.csv,11,阵营限制,PhasicLimited,
SimplePhasicTower_Base.csv,12,背景图,BgPic,
SimplePhasicTower_Base.csv,13,碟面样式入口,EnterPic,
SimplePhasicTower_Base.csv,14,关卡背景,MissionPic,
SimplePhasicTower_Base.csv,15,Key_关卡名称,Key_GuideName,
SimplePhasicTower_Base.csv,16,阵营塔名称-引导用,GuideName,
SimplePhasicTower_Base.csv,17,公共层数,ComPassCntList,
SimplePhasicTower_Base.csv,18,阵营Buff图标,PhasicIcon,
SimplePhasicTower_Base.csv,19,Key_关卡名称,Key_PhasicSkillName,
SimplePhasicTower_Base.csv,20,阵营技能名称,PhasicSkillName,
SimplePhasicTower_Base.csv,21,升级道具,Item,
SimplePhasicTower_Base.csv,22,属性图标,AttributeIcon,
SimplePhasicTower_Base.csv,23,Buff图标,BuffIcon,
SimplePhasicTower_Base.csv,24,布阵格图,FormationBgPic,
SimplePhasicTower_BuffTree.csv,1,流水ID,Id,
SimplePhasicTower_BuffTree.csv,2,所属塔id,TowerId,
SimplePhasicTower_BuffTree.csv,3,节点编号,Index,
SimplePhasicTower_BuffTree.csv,4,等级,Level,
SimplePhasicTower_BuffTree.csv,5,解锁层数,Unlock,
SimplePhasicTower_BuffTree.csv,6,类型,Type,
SimplePhasicTower_BuffTree.csv,7,Key_节点描述,Key_NodeDes,
SimplePhasicTower_BuffTree.csv,8,节点描述,NodeDes,
SimplePhasicTower_BuffTree.csv,9,图标,Icon,
SimplePhasicTower_BuffTree.csv,10,布阵格Buff,Buff,
SimplePhasicTower_BuffTree.csv,11,升级消耗,Consume,1
SimplePhasicTower_BuffTree.csv,12,基础属性加成,AddAttribute,
SimplePhasicTower_Mission.csv,1,流水ID,Id,
SimplePhasicTower_Mission.csv,2,Key_关卡名称,Key_Name,
SimplePhasicTower_Mission.csv,3,关卡名称,Name,
SimplePhasicTower_Mission.csv,4,相性塔id,TowerId,
SimplePhasicTower_Mission.csv,5,关卡（推荐）战力,RecommendForce,
SimplePhasicTower_Mission.csv,6,危险战力,DangerForce,
SimplePhasicTower_Mission.csv,7,目标场景ID,SceneId,
SimplePhasicTower_Mission.csv,8,敌人信息,EnemyInfo,
SimplePhasicTower_Mission.csv,9,关卡限时,StageLimitedTime,
SimplePhasicTower_Mission.csv,10,首通奖励,FirstReward,1
SimplePhasicTower_Mission.csv,11,首通奖励loot表id,FirstRewardLootId,1
SimplePhasicTower_Mission.csv,12,三星条件,StarCondition,
SimplePhasicTower_Mission.csv,13,三星奖励,StarReward,1
SimplePhasicTower_Mission.csv,14,三星奖励loot表id,StarRewardLootId,1
SimplePhasicTower_Mission.csv,15,重点关卡奖励预览,ImportantReward,1
SimplePhasicTower_StarCondition.csv,1,流水ID,Id,
SimplePhasicTower_StarCondition.csv,2,限制条件类型,Condition,
SimplePhasicTower_StarCondition.csv,3,限制条件参数,ConditionValue,
SimplePhasicTower_StarCondition.csv,4,Key_限制条件文本描述,Key_ConditionText,
SimplePhasicTower_StarCondition.csv,5,限制条件文本描述,ConditionText,
simulator_AddAttribute.csv,1,修正id,Id,
simulator_AddAttribute.csv,2,攻击修正（乘算）,AddAttack,
simulator_AddAttribute.csv,3,物理防御修正（乘算）,AddDef,
simulator_AddAttribute.csv,4,法术防御修正（乘算）,AddMagicDef,
simulator_AddAttribute.csv,5,生命修正（乘算）,AddHP,
simulator_AddAttribute.csv,6,暴击增加（加算）,AddCritical,
simulator_AddAttribute.csv,7,暴击伤害增加（加算）,AddCriticalDamage,
simulator_AddAttribute.csv,8,抗暴增加（加算）,AddCriticalRes,
simulator_Army.csv,1,队伍ID,Id,
simulator_Army.csv,2,初始impact1,Impact1id,
simulator_Army.csv,3,初始impact2,Impact2id,
simulator_Army.csv,4,初始impact3,Impact3id,
simulator_Army.csv,5,初始impact4,Impact4id,
simulator_Army.csv,6,初始impact5,Impact5id,
simulator_Global.csv,1,流水ID,Id,
simulator_Global.csv,2,描述,Desc,
simulator_Global.csv,3,分组id,Armyid,
Simulator_Inspiration.csv,1,流水ID,Id,
Simulator_Inspiration.csv,2,预设模版id,typeId,
Simulator_Inspiration.csv,3,备注,Desc,
Simulator_Inspiration.csv,4,剧作id,InspirationId,
Simulator_Inspiration.csv,5,等级,Level,
Simulator_Inspiration.csv,6,突破等级,BreachLevel,
Simulator_Inspiration.csv,7,星级,StarLevel,
Simulator_Outfix.csv,1,流水ID,Id,
Simulator_Outfix.csv,2,预设模版id,typeId,
Simulator_Outfix.csv,3,备注,Desc,
Simulator_Outfix.csv,4,装备id,OutfixId,
Simulator_Outfix.csv,5,等级,Level,
Simulator_Outfix.csv,6,主属性,MainAttribute,
Simulator_Outfix.csv,7,副属性,SubAttribute,
Simulator_PlayerQueue.csv,1,队列id,Id,
Simulator_PlayerQueue.csv,2,分组A,UIDA,
Simulator_PlayerQueue.csv,3,分组B,UIDB,
Simulator_PlayerQueue.csv,4,战斗次数,BattleNumber,1
simulator_Queue.csv,1,队列id,Id,
simulator_Queue.csv,2,分组A,ArmyAId,
simulator_Queue.csv,3,分组B,ArmyBId,
simulator_Queue.csv,4,战斗次数,BattleNumber,1
simulator_Role.csv,1,流水ID,Id,
simulator_Role.csv,2,分组id,Armyid,
simulator_Role.csv,3,角色类型,RoleType,
simulator_Role.csv,4,角色 id,HeroId,
simulator_Role.csv,5,所属角色相性,Phasic,
simulator_Role.csv,6,等级,Level,
simulator_Role.csv,7,觉醒OR升火分类,StarClass,
simulator_Role.csv,8,角色星级,Star,
simulator_Role.csv,9,角色品质,Rare,
simulator_Role.csv,10,突破等级,BreachLevel,
simulator_Role.csv,11,奥义等级,AoyiLevel,
simulator_Role.csv,12,小技能等级,SkillLevel,
simulator_Role.csv,13,修正id,AddAttribute,
simulator_Role.csv,14,站位,Position,
simulator_Role.csv,15,剧作预设,InspirationTemplete,
simulator_Role.csv,16,装备预设,outfixTemplete,
simulator_Role.csv,17,专武等级,ZhuanwuLevel,
SkillConfig_Base.csv,1,流水ID,Id,
SkillConfig_Base.csv,2,注释,Info,
SkillConfig_Base.csv,3,Key_名称,Key_Name,
SkillConfig_Base.csv,4,名称,Name,
SkillConfig_Base.csv,5,备注,beizhu,
SkillConfig_Base.csv,6,逻辑文件路径,LogicFile,
SkillConfig_Base.csv,7,Key_描述,Key_Description,
SkillConfig_Base.csv,8,描述,Description,
SkillConfig_Base.csv,9,Key_升级效果描述,Key_LevelUpDescription,
SkillConfig_Base.csv,10,技能的升级效果文字描述,LevelUpDescription,
SkillConfig_Base.csv,11,效果列表,Impacts,
SkillConfig_Base.csv,12,战斗效果生效时间,CombatImpactsTriggerTime,1
SkillConfig_Base.csv,13,战斗效果列表,CombatImpacts,
SkillConfig_Base.csv,14,技能动作资源,CombatAnimation,
SkillConfig_Base.csv,15,技能动作时长,CombatAnimationTime,
SkillConfig_Base.csv,16,技能等级,Level,
SkillConfig_Base.csv,17,技能优先级,Priority,
SkillConfig_Base.csv,18,对指定tag的技能数值加成,Tag,
SkillConfig_Base.csv,19,回退技能,FallbackSkillId,
SkillConfig_Base.csv,20,同类技能下一技能,NextSkillId,
SkillConfig_Base.csv,21,技能霸体值,SuperArmor,
SkillConfig_Base.csv,22,施法距离,CastDistance,
SkillConfig_Base.csv,23,施法排除距离,ExcludeCastDistance,
SkillConfig_Base.csv,24,开场技触发条件,InitalTrigger,
SkillConfig_Base.csv,25,范围类型,AreaType,
SkillConfig_Base.csv,26,影响范围大小,AreaSize,
SkillConfig_Base.csv,27,施法指示器过滤,AreaSelectFilter,
SkillConfig_Base.csv,28,施法范围,CastRange,
SkillConfig_Base.csv,29,范围指示器锚点偏移,IndicatorOffset,
SkillConfig_Base.csv,30,初始冷却时间（毫秒）,InitCD,1
SkillConfig_Base.csv,31,初始冷却浮动时间（毫秒）,InitFloatTime,
SkillConfig_Base.csv,32,冷却时间（毫秒）,CD,1
SkillConfig_Base.csv,33,奥义消耗能量值,CostEnergy,1
SkillConfig_Base.csv,34,技能前置释放添加,CastCondition,
SkillConfig_Base.csv,35,技能释放获得能量值,UseGetEnergy,
SkillConfig_Base.csv,36,技能所能释放的生命值最小值,HpMinLimit,
SkillConfig_Base.csv,37,技能所能释放的生命值最大值,HpMaxLimit,
SkillConfig_Base.csv,38,"打断类型
用于硬直取消",BreakType,
SkillConfig_Base.csv,39,"技能分类
影响AI及技能性质",Category,
SkillConfig_Base.csv,40,是否为瞬发技能,InstantSkill,
SkillConfig_Base.csv,41,硬直是否可以触发,CanStartWhenStiffness,
SkillConfig_Base.csv,42,技能锁定时间,LockInputTime,
SkillConfig_Base.csv,43,同类技能缓冲时间,NextInputTime,
SkillConfig_Base.csv,44,图标名称,IconName,
SkillConfig_Base.csv,45,技能特效,SkillAnimation,
SkillConfig_Base.csv,46,技能音效,SoundEffects,
SkillConfig_Base.csv,47,是否吟唱,Chant,
SkillConfig_Base.csv,48,吟唱时间,ChantDuration,
SkillConfig_Base.csv,49,伤害类型,DamageType,
SkillConfig_Base.csv,50,伤害系数,DamageRatio,
SkillConfig_Base.csv,51,伤害步长,DamageStep,
SkillConfig_Base.csv,52,固定伤害,FixedDamage,
SkillConfig_Base.csv,53,固定伤害步长,FixedDamageStep,
SkillConfig_Base.csv,54,零件1,Part0,
SkillConfig_Base.csv,55,零件2,Part1,
SkillConfig_Base.csv,56,零件3,Part2,
SkillConfig_Base.csv,57,零件4,Part3,
SkillConfig_Base.csv,58,零件5,Part4,
SkillConfig_Base.csv,59,召唤id,SummonId,
SkillConfig_Base.csv,60,对其他技能的锁定时间,StaticTime,
SkillConfig_Base.csv,61,关联tag分表格中的ID字段,SkillTag,
SkillConfig_Base.csv,62,锁定目标范围,TargetType,
SkillConfig_Base.csv,63,锁定目标过滤,TargetFilterId,
SkillConfig_Base.csv,64,目标力竭值扣除万分比系数,ArmorDeductRatio,
SkillConfig_Base.csv,65,成就辨认Tag,AchievementTag,
SkillConfig_Base.csv,66,是否开启总伤害显示,ApplyUltraDamageShow,1
SkillConfig_CardSkill.csv,1,流水ID,Id,
SkillConfig_CardSkill.csv,2,注释,Info,
SkillConfig_CardSkill.csv,3,技能牌路径,SkillCardUi,
SkillConfig_CardSkill.csv,4,立绘奥义牌路径,EXCardUi,
SkillConfig_CardSkill.csv,5,卡牌tag,CardTag,
SkillConfig_CardSkill.csv,6,天空城卡牌类型,PVPCardType,
SkillConfig_CardSkill.csv,7,天空城卡牌初始权重,PVPAiWeight,1
SkillConfig_CardSkill.csv,8,combo标签,ComboTag,
SkillConfig_Filter.csv,1,10022,Id,
SkillConfig_Filter.csv,2,筛选类型,FilterType,
SkillConfig_Filter.csv,3,描述,Description,
SkillConfig_Filter.csv,4,随机数量,RandNum,
SkillConfig_Filter.csv,5,参数1,Param0,
SkillConfig_Filter.csv,6,参数2,Param1,
SkillConfig_Filter.csv,7,参数3,Param2,
SkillConfig_Filter.csv,8,参数3,ParamList,
SkillConfig_FilterGroup.csv,1,流水,Id,
SkillConfig_FilterGroup.csv,2,锁定目标过滤,TargetFilterId,
SkillConfig_Levelup.csv,1,流水ID,Id,
SkillConfig_Levelup.csv,2,名称,Name,
SkillConfig_Levelup.csv,3,源技能ID,SourceSkill,
SkillConfig_Levelup.csv,4,技能等级,Level,
SkillConfig_Levelup.csv,5,成长技能ID,GrowUpSkill,
SkillConfig_Levelup.csv,6,升级所需金币,LvUpGold,
SkillConfig_Levelup.csv,7,升级所需材料,LvUpItem,
SkillConfig_Levelup.csv,8,升级所需角色升格等级,NeedHeroGrade,
SkillConfig_Levelup.csv,9,升级所需角色等级,NeedHeroLevel,
SkillConfig_NewSkillLevelup.csv,1,流水ID,Id,
SkillConfig_NewSkillLevelup.csv,2,技能类型区分,Category,
SkillConfig_NewSkillLevelup.csv,3,角色ID,HeroId,
SkillConfig_NewSkillLevelup.csv,4,技能等级,Level,
SkillConfig_NewSkillLevelup.csv,5,升级所需金币,LvUpGold,
SkillConfig_NewSkillLevelup.csv,6,升级所需材料,LvUpItem,
SkillConfig_Tag.csv,1,流水ID,Id,
SkillConfig_Tag.csv,2,Key_名称,Key_Name,
SkillConfig_Tag.csv,3,名称,Name,
SkillConfig_Tag.csv,4,底色,Colour,
SkillConfig_Tag.csv,5,描述,Desc,
SkillConfig_Tag.csv,6,图标,IconName,
SkillConfig_Talent.csv,1,流水ID,Id,
SkillConfig_Talent.csv,2,角色ID,CharId,
SkillConfig_Talent.csv,3,天赋技能id,TalentLv,
SkillConfig_Talent.csv,4,天赋树类型,LeftBounty,
SkillConfig_Talent.csv,5,零件1,Part0,
SkillConfig_Talent.csv,6,零件2,Part1,
SkillConfig_Talent.csv,7,零件3,Part2,
SkillConfig_Talent.csv,8,Key_天赋名称,Key_TalentName,
SkillConfig_Talent.csv,9,天赋名称,TalentName,
SkillConfig_Talent.csv,10,Key_天赋详情,Key_TalentInfo,
SkillConfig_Talent.csv,11,天赋详情,TalentInfo,
SkillConfig_Talent.csv,12,逻辑技能ID,SkillId,
SkillConfig_Talent.csv,13,新增被动,AddPassiveBuff,
SkillConfig_Talent.csv,14,替换技能源ID,SkillReplaceID,
SkillConfig_Talent.csv,15,重置道具及消耗,Rechoise,1
SkillConfig_Talent.csv,16,天赋图标,TalentPic,
SkillConfig_Talent.csv,17,天赋替换技能原TAG,TalentReplaceSkillTag,
SkillConfig_Talent.csv,18,强化技能id,ReinforcedSkill,
SoundConfig_Base.csv,1,流水ID,id,
SoundConfig_Base.csv,2,描述,chrName,
SoundConfig_Base.csv,3,配乐名称,soundName,
SoundConfig_Scene.csv,1,流水ID,Id,
SoundConfig_Scene.csv,2,描述,Desc,
SoundConfig_Scene.csv,3,自动播放背景音乐,AutoPlay,
SoundConfig_Scene.csv,4,背景音乐,MusicName,
SoundConfig_Scene.csv,5,结束音乐,StopMusic,
SoundConfig_Scene.csv,6,入场音效,EnterMusic,
SoundConfig_Scene.csv,7,离场音效,ExitMusic,
SoundConfig_Story.csv,1,音频ID,ID,
SoundConfig_Story.csv,2,中文事件名称,CnEvent,
SoundConfig_Story.csv,3,剧情排序,Num,
SoundConfig_Story.csv,4,章节,Chapter,
SoundConfig_Story.csv,5,关卡,Scene,
SoundConfig_Story.csv,6,角色,Character,
SoundConfig_Story.csv,7,台词,Word,
SoundConfig_Story.csv,8,日语事件名称,JpEvent,
SpawnGroup_SpawnGroup.csv,1,流水ID,Id,
SpawnGroup_SpawnGroup.csv,2,刷怪组ID,GroupId,
SpawnGroup_SpawnGroup.csv,3,NPC表ID,NpcId,
SpawnGroup_SpawnGroup.csv,4,名称,name,
SpawnGroup_SpawnGroup.csv,5,布阵格位置,SpawnPosition,
SpawnGroup_SpawnGroup.csv,6,难度类型,AttrType,
SpawnGroup_SpawnGroup.csv,7,id,AttrId,
SpineConfig_Base.csv,1,流水ID,Id,
SpineConfig_Base.csv,2,live2D/立绘图路径,HeroPic,
SpineConfig_Base.csv,3,live2D/立绘图坐标,HeroPicCoordinate,
SpineConfig_Base.csv,4,live2D/立绘图缩放比例,HeroPicScale,
SpineConfig_Base.csv,5,是否为两段动画组合（enter，idle）,PlayEnterAnimation,
SpineConfig_Base.csv,6,备注,Desc,
StagePack_Base.csv,1,流水ID,Id,
StagePack_Base.csv,2,组ID,GroupId,
StagePack_Base.csv,3,组内ID,UnlockId,
StagePack_Base.csv,4,系统Id,SystemId,
StagePack_Base.csv,5,Key活动礼包名,Key_Desc,
StagePack_Base.csv,6,活动礼包名,Desc,
StagePack_Base.csv,7,直购id,MoneyShopId,
StagePack_Base.csv,8,奖励显示,RewardsShow,1
StagePack_Base.csv,9,Key付费档位名称,Key_FreeName,1
StagePack_Base.csv,10,免费档位名称,FreeName,
StagePack_Base.csv,11,Key付费档位名称,Key_ChargeName,1
StagePack_Base.csv,12,付费档位名称,ChargeName,1
StagePack_Base.csv,13,Key说明tip,Key_TipText,
StagePack_Base.csv,14,说明tip,TipText,
StagePack_Base.csv,15,标题图路径,TitlePic,
StagePack_Base.csv,16,返利图路径,RebatePic,1
StagePack_Base.csv,17,返利比,RebateNum,1
StagePack_Base.csv,18,标题底图路径,TitleBgPic,
StagePack_Base.csv,19,免费档位图标路径,FreeStageIconPic,
StagePack_Base.csv,20,付费档位图标路径,PayStageIconPic,1
StagePack_Base.csv,21,档位头图路径,StagePic,
StagePack_Base.csv,22,档位背景图路径,BgPic,
StagePack_Base.csv,23,页签图选中态路径,TabSelectedPic,
StagePack_Base.csv,24,页签图非选中态路径,TabUnselectedPic,
StagePack_Base.csv,25,页签箭头颜色,TabArrowColor,
StagePack_Base.csv,26,阶段图片路径,PeriodPic,
StagePack_Reward.csv,1,流水ID,Id,
StagePack_Reward.csv,2,所属礼包组id,PackId,
StagePack_Reward.csv,3,奖励档位参数,LevelParam,1
StagePack_Reward.csv,4,Key_奖励档位名称,Key_LevelParamName,
StagePack_Reward.csv,5,奖励档位名称,LevelParamName,1
StagePack_Reward.csv,6,免费奖励,FreeReward,1
StagePack_Reward.csv,7,付费档位奖励,ChargeReward,1
StagePack_Reward.csv,8,是否提示购买付费档位,BuyRemind,1
StarSoulBattleConfig_BonusBuffBag.csv,1,id,Id,
StarSoulBattleConfig_BonusBuffBag.csv,2,DropGroup,DropGroup,
StarSoulBattleConfig_BonusBuffBag.csv,3,策划备注,Remarks,
StarSoulBattleConfig_BonusBuffBag.csv,4,效果ID,BuffId,
StarSoulBattleConfig_BonusBuffBag.csv,5,基础权重,BaseWeight,1
StarSoulBattleConfig_Buff.csv,1,序号,Id,
StarSoulBattleConfig_Buff.csv,2,Key_名称,Key_BuffName,
StarSoulBattleConfig_Buff.csv,3,名称,BuffName,
StarSoulBattleConfig_Buff.csv,4,Key_描述,Key_BuffScription,
StarSoulBattleConfig_Buff.csv,5,描述,BuffScription,
StarSoulBattleConfig_Buff.csv,6,buff效果组,BUFFEffectID,
StarSoulBattleConfig_Buff.csv,7,BUFF施加优先级,Priority,
StarSoulBattleConfig_Buff.csv,8,BUFF图标,BuffIcon,
StarSoulBattleConfig_Buff.csv,9,BUFF背景图,BuffBackGround,
StarSoulBattleConfig_Buff.csv,10,局内效果添加条件,BuffCondition,
StarSoulBattleConfig_Config.csv,1,流水ID,id,
StarSoulBattleConfig_Config.csv,2,key,Key,
StarSoulBattleConfig_Config.csv,3,描述,des,
StarSoulBattleConfig_Config.csv,4,值,value,
StarSoulBattleConfig_Dice.csv,1,ID,Id,
StarSoulBattleConfig_Dice.csv,2,Key_名字,Key_DiceName,
StarSoulBattleConfig_Dice.csv,3,骰子名字,DiceName,
StarSoulBattleConfig_Dice.csv,4,无骰面颜色图标,DiceColorBg,
StarSoulBattleConfig_Dice.csv,5,有骰面颜色图标,DiceColor,
StarSoulBattleConfig_Dice.csv,6,解锁等级,UnlockLevel,
StarSoulBattleConfig_DiceFace.csv,1,id,Id,
StarSoulBattleConfig_DiceFace.csv,2,Key_描述,Key_DiceName,
StarSoulBattleConfig_DiceFace.csv,3,描述,DiceName,
StarSoulBattleConfig_DiceFace.csv,4,图鉴ID,DictionaryType,
StarSoulBattleConfig_DiceFace.csv,5,BUFFId,DiceFaceId,
StarSoulBattleConfig_DiceFace.csv,6,骰面数字类型,Tag,
StarSoulBattleConfig_DiceFace.csv,7,分组标志,Group,
StarSoulBattleConfig_DiceResult.csv,1,ID,Id,
StarSoulBattleConfig_DiceResult.csv,2,Buff等级,BuffLevel,
StarSoulBattleConfig_DiceResult.csv,3,Key_鸿运效果,Key_LuckyTitle,
StarSoulBattleConfig_DiceResult.csv,4,鸿运效果,LuckyTitle,
StarSoulBattleConfig_DiceResult.csv,5,Key_鸿运效果,Key_LuckyResult,
StarSoulBattleConfig_DiceResult.csv,6,鸿运效果,LuckyResult,
StarSoulBattleConfig_DiceResult.csv,7,Key_鸿运条件,Key_LuckyReason,
StarSoulBattleConfig_DiceResult.csv,8,鸿运条件,LuckyReason,
StarSoulBattleConfig_Dictionary.csv,1,ID,Id,
StarSoulBattleConfig_Dictionary.csv,2,Key_描述,Key_DiceName,
StarSoulBattleConfig_Dictionary.csv,3,描述,DiceName,
StarSoulBattleConfig_Dictionary.csv,4,BUFF图标,BuffIcon,
StarSoulBattleConfig_Dictionary.csv,5,图标类型,IconType,
StarSoulBattleConfig_DropGroup.csv,1,id,Id,
StarSoulBattleConfig_DropGroup.csv,2,DropGroup,DropGroup,
StarSoulBattleConfig_DropGroup.csv,3,策划备注,Remarks,
StarSoulBattleConfig_DropGroup.csv,4,骰面Id,DiceFaceId,
StarSoulBattleConfig_DropGroup.csv,5,基础权重,BaseWeight,1
StarSoulBattleConfig_DropParty.csv,1,流水ID,id,
StarSoulBattleConfig_DropParty.csv,2,DropGroup,DropGroup,
StarSoulBattleConfig_DropParty.csv,3,备注,Name,
StarSoulBattleConfig_Dynamic.csv,1,ID,Id,
StarSoulBattleConfig_Dynamic.csv,2,玩家等级,level,
StarSoulBattleConfig_Dynamic.csv,3,显示战力放大系数,MissionRate,
StarSoulBattleConfig_Dynamic.csv,4,等级调节系数索引,LvRate,
StarSoulBattleConfig_Dynamic.csv,5,时间系数,Time,
StarSoulBattleConfig_Dynamic.csv,6,时间调节系数索引,TimeRate,
StarSoulBattleConfig_Mission.csv,1,ID,id,
StarSoulBattleConfig_Mission.csv,2,Key_关卡名,Key_Name,
StarSoulBattleConfig_Mission.csv,3,关卡名,Name,
StarSoulBattleConfig_Mission.csv,4,塔类型,TowerType,
StarSoulBattleConfig_Mission.csv,5,目标场景ID,SceneId,
StarSoulBattleConfig_Mission.csv,6,敌人信息,EnemyInfo,
StarSoulBattleConfig_Mission.csv,7,关卡（推荐）战力,RecommendForce,
StarSoulBattleConfig_Mission.csv,8,层数,Stage,
StarSoulBattleConfig_Mission.csv,9,通用掉落组,Rewards,1
StarSoulBattleConfig_Mission.csv,10,奖励预览,RewardShow,1
StarSoulBattleConfig_Tower.csv,1,id,Id,
StarSoulBattleConfig_Tower.csv,2,Key_描述,Key_TowerName,
StarSoulBattleConfig_Tower.csv,3,描述,TowerName,
StarSoulBattleConfig_Tower.csv,4,塔入口背景小,TowerBgSmall,
StarSoulBattleConfig_Tower.csv,5,塔入口背景大,TowerBgBig,
StarSoulBattleConfig_Tower.csv,6,塔类型图标,TowerIconSmall,
StarSoulBattleConfig_Tower.csv,7,塔类型图标边框,TowerIconEdge,
StarSoulBattleConfig_Tower.csv,8,塔类型,TowerType,
StarSoulBattleConfig_Tower.csv,9,开放时间,TowerTime,1
StarSoulBattleConfig_Tower.csv,10,Key_解锁时间文本,Key_TowerTimeTxt,
StarSoulBattleConfig_Tower.csv,11,解锁时间文本,TowerTimeTxt,
StarSoulConfig_BookInfo.csv,1,流水ID,Id,
StarSoulConfig_BookInfo.csv,2,星魂录ID,BookId,
StarSoulConfig_BookInfo.csv,3,星魂录等级,BookStarLevel,
StarSoulConfig_BookInfo.csv,4,所属章节ID,ChapterId,
StarSoulConfig_BookInfo.csv,5,解锁等级,UnlockLevel,
StarSoulConfig_BookInfo.csv,6,Key_名称,Key_Name,
StarSoulConfig_BookInfo.csv,7,名字,Name,
StarSoulConfig_BookInfo.csv,8,组合星魂,StarSoul,
StarSoulConfig_BookInfo.csv,9,属性加成,AttAdd,
StarSoulConfig_BookInfo.csv,10,星魂值,BookExp,
StarSoulConfig_BookInfo.csv,11,技能id,SkillId,
StarSoulConfig_BookInfo.csv,12,Key_技能描述,Key_SkillDesc,
StarSoulConfig_BookInfo.csv,13,技能描述,SkillDesc,
StarSoulConfig_BookInfo.csv,14,虚战力,Power,
StarSoulConfig_BookInfo.csv,15,Tips图标,TipsPic,
StarSoulConfig_ChapterInfo.csv,1,所属章节ID,ChapterId,
StarSoulConfig_ChapterInfo.csv,2,Key_名称,Key_Name,
StarSoulConfig_ChapterInfo.csv,3,名字,Name,
StarSoulConfig_ChapterInfo.csv,4,图片,Pic,
StarSoulConfig_ChapterInfo.csv,5,解锁等级,UnlockLevel,
StarSoulConfig_ChapterInfo.csv,6,解锁阵图值,UnlockBookExp,
StarSoulConfig_ChapterInfo.csv,7,星魂激活上限值,BookExpLimit,1
StarSoulConfig_ChapterSkill.csv,1,流水ID,Id,
StarSoulConfig_ChapterSkill.csv,2,技能ID,SkillId,
StarSoulConfig_ChapterSkill.csv,3,技能等级,BookStarLevel,
StarSoulConfig_ChapterSkill.csv,4,所属章节ID,ChapterId,
StarSoulConfig_ChapterSkill.csv,5,解锁阵图值,UnlockBookExp,
StarSoulConfig_ChapterSkill.csv,6,激活/升级消耗,Cost,1
StarSoulConfig_ChapterSkill.csv,7,属性加成,AttAdd,
StarSoulConfig_ChapterSkill.csv,8,Key_技能描述,Key_SkillDesc,
StarSoulConfig_ChapterSkill.csv,9,技能描述,SkillDesc,
StarSoulConfig_ChapterSkill.csv,10,虚战力,Power,
StarSoulConfig_Filter.csv,1,流水ID,Id,
StarSoulConfig_Filter.csv,2,Key_名称,Key_Name,
StarSoulConfig_Filter.csv,3,名字,Name,
StarSoulConfig_Filter.csv,4,筛选类型,FilterType,
StarSoulConfig_Filter.csv,5,筛选类型值,FilterValue,
StarSoulConfig_GameConfig.csv,1,流水ID,Id,
StarSoulConfig_GameConfig.csv,2,描述,Des,
StarSoulConfig_GameConfig.csv,3,名称,Name,
StarSoulConfig_GameConfig.csv,4,值,Value,
StoryConfig_Base.csv,1,流水ID,Id,
StoryConfig_Base.csv,2,人物名字,Nickname,
StoryConfig_Base.csv,3,内容,Content,
StoryConfig_Base.csv,4,头像,Head,
StoryConfig_Base.csv,5,是否选择,HaveSelect,
StoryConfig_Base.csv,6,选项卡A,SelectA,
StoryConfig_Base.csv,7,选项卡A跳转,AJumpId,
StoryConfig_Base.csv,8,选项卡B,SelectB,
StoryConfig_Base.csv,9,选项卡B跳转,BJumpId,
StoryConfig_Base.csv,10,选项卡C,SelectC,
StoryConfig_Base.csv,11,选项卡C跳转,CJumpId,
StoryConfig_Base.csv,12,是否有暂停,IsPause,
StoryConfig_Base.csv,13,配音,Voices,
StoryConfig_Base.csv,14,音谱,VoiceCode,
StoryConfig_CharacterConfig.csv,1,流水ID,Id,
StoryConfig_CharacterConfig.csv,2,中文名字,ChsName,
StoryConfig_CharacterConfig.csv,3,英文名字,EngName,
StoryConfig_CharacterConfig.csv,4,模型短名,ShortName,
StoryConfig_CharacterConfig.csv,5,模型名,ModelName,
StoryConfig_CharacterConfig.csv,6,默认眨眼参数,BlinkBlendShape,
StoryConfig_CharacterConfig.csv,7,眨眼关联归位参数,BlinkResetBlendShape,
StoryConfig_PlaySettings.csv,1,流水ID,Id,
StoryConfig_PlaySettings.csv,2,剧情名,StoryName,
StoryConfig_PlaySettings.csv,3,场景名,SceneName,
StoryConfig_PlaySettings.csv,4,剧情模式,StoryMode,
StoryConfig_PlaySettings.csv,5,可否略过台词,CanPassover,
StoryConfig_PlaySettings.csv,6,使用剧情相机,UseStoryCameras,
StoryConfig_PlaySettings.csv,7,启用动骨,EnableDynamicBone,
StoryConfig_PlaySettings.csv,8,日志功能按钮显隐,LogVisible,
StoryConfig_PlaySettings.csv,9,暂停时启用通用眨眼,EnableDefaultBlink,
StoryConfig_PlaySettings.csv,10,剧情跳过权限,StorySkipMode,
StoryConfig_PlaySettings.csv,11,限制跳过时长,SkipLimitTime,
StoryConfig_PlaySettings.csv,12,结尾是否截图,Capture,
StoryConfig_PlaySettings.csv,13,是否淡入,FadeIn,
StoryConfig_PlaySettings.csv,14,是否淡出,FadeOut,
StoryConfig_PlaySettings.csv,15,淡入是否黑幕,FadeInBlack,
StoryConfig_PlaySettings.csv,16,淡出是否黑幕,FadeOutBlack,
StoryConfig_SceneDialogue.csv,1,流水ID,Id,
StoryConfig_SceneDialogue.csv,2,人物位置,TeamPos,
StoryConfig_SceneDialogue.csv,3,Key_内容,Key_Content,
StoryConfig_SceneDialogue.csv,4,内容,Content,
StoryConfig_SceneDialogue.csv,5,头像,Head,
StoryConfig_SceneDialogue.csv,6,配音,Voices,
StoryConfig_SceneDialogue.csv,7,是否结束,IsOver,
StoryConfig_SpeakerName.csv,1,流水ID,Id,
StoryConfig_SpeakerName.csv,2,Key_名字,Key_Name,
StoryConfig_SpeakerName.csv,3,名字,Name,
StoryConfig_StoryComment.csv,1,流水ID,Id,
StoryConfig_StoryComment.csv,2,剧情名称,StoryName,
StoryConfig_StoryComment.csv,3,Key_标题,Key_Title,
StoryConfig_StoryComment.csv,4,标题,Title,
StoryConfig_StoryComment.csv,5,关卡标号,LevelNum,
StoryConfig_StoryComment.csv,6,Key_关卡名称,Key_LevelName,
StoryConfig_StoryComment.csv,7,关卡名称,LevelName,
StoryConfig_StoryComment.csv,8,Key_剧情内容,Key_Content,
StoryConfig_StoryComment.csv,9,剧情内容,Content,
StoryConfig_StoryComment.csv,10,排序,Order,
StoryWindow_Base.csv,1,流水ID,Id,
StoryWindow_Base.csv,2,类型,type,
StoryWindow_Base.csv,3,子类型,subtype,
StoryWindow_Base.csv,4,Key_简介,Key_Desc,
StoryWindow_Base.csv,5,简介,Desc,
StoryWindow_Base.csv,6,Key_选项,Key_Option,
StoryWindow_Base.csv,7,选项,Option,
StoryWindow_Base.csv,8,是否显示,visible,
StoryWindow_Listen.csv,1,流水ID,Id,
StoryWindow_Listen.csv,2,Key_内容,Key_Text,
StoryWindow_Listen.csv,3,内容,Text,
StoryWindow_Listen.csv,4,语音链接,Voice,
StoryWindow_Listen.csv,5,Key_选项显示,Key_OptionDis,
StoryWindow_Listen.csv,6,选项显示,OptionDis,
StoryWindow_Listen.csv,7,Key_选项1,Key_Option1,
StoryWindow_Listen.csv,8,选项1,Option1,
StoryWindow_Listen.csv,9,选项1跳转,Skip1,
StoryWindow_Listen.csv,10,Key_选项2,Key_Option2,
StoryWindow_Listen.csv,11,选项2,Option2,
StoryWindow_Listen.csv,12,选项2跳转,Skip2,
StoryWindow_Read.csv,1,流水ID,Id,
StoryWindow_Read.csv,2,组id,GroupID,
StoryWindow_Read.csv,3,组内编号,index,
StoryWindow_Read.csv,4,Key_标题,Key_Title,
StoryWindow_Read.csv,5,标题,Title,
StoryWindow_Read.csv,6,Key_内容,Key_Text,
StoryWindow_Read.csv,7,内容,Text,
StoryWindow_Read.csv,8,图片链接,ImagePath,
SystemConfig_Base.csv,1,ID,Id,
SystemConfig_Base.csv,2,Key_描述,Key_Name,
SystemConfig_Base.csv,3,描述,Name,
SystemConfig_Base.csv,4,说明,Des,
SystemConfig_Base.csv,5,一级系统,FirstLv,
SystemConfig_Base.csv,6,二级系统,SecondLv,
SystemConfig_Base.csv,7,三级系统,ThirdLv,
SystemConfig_Base.csv,8,主入口未开启前的显示方式,ShowType,
SystemConfig_Base.csv,9,顶部返回按钮可见性,TopCommonVisible,
SystemConfig_Base.csv,10,顶部栏位,TopList,
SystemConfig_Base.csv,11,开放时间（具体时间）,OpenTime,1
SystemConfig_Base.csv,12,活动开放,ActivityTime,
SystemConfig_Base.csv,13,UI面板名称,UIName,
SystemConfig_Base.csv,14,打开函数,OpenFuncName,
SystemConfig_Base.csv,15,是否出现功能图,Diagram,
SystemConfig_Base.csv,16,功能图路径,DiagramIcon,
SystemConfig_Base.csv,17,均衡模式id,BalancedId,
SystemConfig_Base.csv,18,所在场景ID,SceneId,
SystemConfig_Base.csv,19,是否还在使用,Uesd,
SystemConfig_Base.csv,20,开启类型,ConditionType,
SystemConfig_Base.csv,21,预览条件,PreviewCondition,
SystemConfig_Base.csv,22,基础开放条件,OpenCondition,1
SystemConfig_Base.csv,23,解锁序列优先级,UnlockPri,
SystemConfig_Base.csv,24,功能解锁动画播放场景,UnlockNotice,
SystemConfig_Base.csv,25,解锁播放资源图标,Unlockicon,
SystemConfig_Base.csv,26,Key_解锁标题,Key_UnlockTitle,
SystemConfig_Base.csv,27,解锁标题,UnlockTitle,
SystemConfig_Base.csv,28,Key_解锁内容,Key_UnlockContent,
SystemConfig_Base.csv,29,解锁内容,UnlockContent,
SystemConfig_Base.csv,30,隐藏主界面按钮,HideHomeButton,
SystemConfig_Base.csv,31,隐藏返回按钮,HideReturnButton,
SystemConfig_Base.csv,32,解锁奖励,UnlockReward,1
SystemConfig_Base.csv,33,是否商城类功能,IsShopFunction,
SystemConfig_Explain.csv,1,流水ID,Id,
SystemConfig_Explain.csv,2,界面ID,UIID,
SystemConfig_Image.csv,1,流水ID,Id,
SystemConfig_Image.csv,2,备注,Remarks,
SystemConfig_Image.csv,3,图片,Image,
SystemConfig_LobbyShowPriority.csv,1,流水ID,Id,
SystemConfig_LobbyShowPriority.csv,2,排序权重,weight,1
SystemConfig_LobbyShowPriority.csv,3,是否弹出,isShow,
SystemConfig_LobbyShowPriority.csv,4,备注,Desc,
SystemConfig_LobbyShowPriority.csv,5,功能类型,Type,
SystemConfig_LobbyShowPriority.csv,6,推送类型,ShowType,
SystemConfig_LobbyShowPriority.csv,7,弹出次数上限,MaxNumber,1
SystemConfig_LobbyShowPriority.csv,8,不再提醒间隔,IntervalTime,
SystemConfig_LobbyShowPriority.csv,9,Key_不再提醒文本,Key_Text,
SystemConfig_LobbyShowPriority.csv,10,不再提醒文本,Text,
SystemConfig_LobbyShowPriority.csv,11,关联商品id,ShopItemId,1
SystemConfig_LobbyShowPriority.csv,12,关联活动id,Param,
SystemConfig_QuickPath.csv,1,流水ID,Id,
SystemConfig_QuickPath.csv,2,跳转类型,Type,
SystemConfig_QuickPath.csv,3,描述,Des,
SystemConfig_QuickPath.csv,4,Key_跳转文本,Key_JumpTxt,
SystemConfig_QuickPath.csv,5,跳转文本,JumpTxt,
SystemConfig_QuickPath.csv,6,概率,ProbLabel,1
SystemConfig_QuickPath.csv,7,系统ID,SystemId,
SystemConfig_QuickPath.csv,8,值,Value,
SystemConfig_QuickPath.csv,9,注释,Test,
SystemDescribe_Base.csv,1,流水ID,id,
SystemDescribe_Base.csv,2,Key_标题,Key_TitleDes,
SystemDescribe_Base.csv,3,标题,TitleDes,
SystemDescribe_Base.csv,4,页面信息,Page,
SystemDescribe_Base.csv,5,Key_解锁文本,Key_UnlockDes,
SystemDescribe_Base.csv,6,解锁文本,UnlockDes,
SystemDescribe_Base.csv,7,icon,Icon,
SystemDescribe_Base.csv,8,分类,TabType,
SystemDescribe_Base.csv,9,出现顺序,AppearOrder,
SystemDescribe_Base.csv,10,解锁奖励,Award,1
SystemDescribe_Base.csv,11,系统ID,SystemID,
SystemDescribe_Page.csv,1,流水ID,Id,
SystemDescribe_Page.csv,2,功能,BaseID,
SystemDescribe_Page.csv,3,图片,Image,
SystemDescribe_Page.csv,4,Key_说明文本,Key_DescribeDes,
SystemDescribe_Page.csv,5,说明文本,DescribeDes,
SystemDescribe_Type.csv,1,流水ID,Id,
SystemDescribe_Type.csv,2,Key_标题,Key_TitleDes,
SystemDescribe_Type.csv,3,标题,TitleDes,
SystemDescribe_Type.csv,4,icon,Icon,
TagConfig_Base.csv,1,流水ID,Id,
TagConfig_Base.csv,2,Key_名称,Key_Name,
TagConfig_Base.csv,3,名称,Name,
TagConfig_Base.csv,4,底色,Colour,
TagConfig_Base.csv,5,描述,Desc,
TagConfig_Base.csv,6,图标,IconName,
TagConfig_Base.csv,7,卡牌图标,CardIconName,
TagConfig_Color.csv,1,流水ID,Id,
TagConfig_Color.csv,2,名称,Name,
TagConfig_Color.csv,3,色号,StringColor,
TeamBattleConfig_Base.csv,1,ID,ID,
TeamBattleConfig_Base.csv,2,关卡名称,bz,
TeamBattleConfig_Base.csv,3,关卡ID,MissionID,
TeamBattleConfig_Base.csv,4,BOSS立绘,Icon,
TeamBattleConfig_Base.csv,5,BOSS小图,SmallIcon,
TeamBattleConfig_Base.csv,6,解锁条件,Target,1
TeamBattleConfig_Base.csv,7,翻牌奖励,CardRewardGroup,1
TeamBattleConfig_Base.csv,8,机器人战力区间,RobotFightCapacity,
TeamBattleConfig_Base.csv,9,机器人伤害区间,RobotHurt,
TeamBattleConfig_Base.csv,10,Key_特性描述,Key_BuffDes,
TeamBattleConfig_Base.csv,11,特性描述,BuffDes,
TeamBattleConfig_Base.csv,12,关卡序号,Index,
TeamBattleConfig_Base.csv,13,BOSS分享图,ShareIcon,
TeamBattleConfig_Broadcast.csv,1,流水ID,Id,
TeamBattleConfig_Broadcast.csv,2,类型描述,TypeString,
TeamBattleConfig_Broadcast.csv,3,Key描述,Key_Describe,
TeamBattleConfig_Broadcast.csv,4,描述,Describe,
TeamBattleConfig_Broadcast.csv,5,播报框,Icon,
TeamBattleConfig_CardReward.csv,1,流水ID,Id,
TeamBattleConfig_CardReward.csv,2,组别,Group,
TeamBattleConfig_CardReward.csv,3,奖励道具,Reward,1
TeamBattleConfig_CardReward.csv,4,刷新权重,weight,1
TeamBattleConfig_CardReward.csv,5,奖励预览,RewardShow,1
TeamBattleConfig_CardReward.csv,6,备战,Notes,
TeamBattleConfig_Config.csv,1,流水ID,Id,
TeamBattleConfig_Config.csv,2,描述,des,
TeamBattleConfig_Config.csv,3,key,Key,
TeamBattleConfig_Config.csv,4,值,value,
TeamBattleConfig_LevelRequire.csv,1,流水ID,Id,
TeamBattleConfig_LevelRequire.csv,2,最低等级,Group,
TeamBattleConfig_LevelRequire.csv,3,Key描述,Key_Describe,
TeamBattleConfig_LevelRequire.csv,4,描述,Describe,
TeamBattleConfig_Mission.csv,1,流水ID,id,
TeamBattleConfig_Mission.csv,2,Key_关卡名称,Key_Name,
TeamBattleConfig_Mission.csv,3,关卡名称,Name,
TeamBattleConfig_Mission.csv,4,关卡类型(一级）,Type,
TeamBattleConfig_Mission.csv,5,关卡（推荐）战力,RecommendForce,
TeamBattleConfig_Mission.csv,6,危险战力,DangerForce,
TeamBattleConfig_Mission.csv,7,上一关卡,LastMission,
TeamBattleConfig_Mission.csv,8,敌人信息,EnemyInfo,
TeamBattleConfig_Mission.csv,9,目标场景ID,SceneId,
TeamBattleConfig_Mission.csv,10,是否需要破盾,NeedBreak,
TeamBattleConfig_Mission.csv,11,奖励预览,RewardShow,1
TeamBattleConfig_Mission.csv,12,奖励掉落,Loot,1
TeamBattleConfig_Mission.csv,13,助战奖励,HelpReward,1
TeamBattleConfig_Mission.csv,14,首领怪物ID,BossID,
TeamBattleConfig_SpecialImpact.csv,1,流水ID,Id,
TeamBattleConfig_SpecialImpact.csv,2,类型,Type,
TeamBattleConfig_SpecialImpact.csv,3,关卡ID,MissionID,
TeamBattleConfig_SpecialImpact.csv,4,NPCID,NpcID,
TeamBattleConfig_SpecialImpact.csv,5,参数,Data1,
TeamBuffConfig_Base.csv,1,流水ID,Id,
TeamBuffConfig_Base.csv,2,加成类型,TeamType,
TeamBuffConfig_Base.csv,3,图标,Icon,
TeamBuffConfig_Base.csv,4,Key_名称,Key_ConditionDesc,
TeamBuffConfig_Base.csv,5,加成条件描述,ConditionDesc,
TeamBuffConfig_Base.csv,6,Key_加成效果描述,Key_ImpactDesc,
TeamBuffConfig_Base.csv,7,加成效果描述,ImpactDesc,
TeamBuffConfig_Base.csv,8,效果ID,ImpactID,
TeamEditConfig_Base.csv,1,玩法ID,Id,
TeamEditConfig_Base.csv,2,Key_队伍名称,Key_TeamName,
TeamEditConfig_Base.csv,3,队伍名称,TeamName,
TeamEditConfig_Base.csv,4,布阵id,PveTeamID,
TeamEditConfig_Base.csv,5,编辑队伍数量,TeamNumber,
TeamEditConfig_Base.csv,6,每队可战斗次数,BattleTime,1
TeamEditConfig_Base.csv,7,是否支持养成编辑,IsEdit,
TeamEditConfig_Base.csv,8,不同玩法养成类型,AttrPlayMode,
TeamEditConfig_Base.csv,9,最小英雄数量,MinHeroNum,
TeamEditConfig_Base.csv,10,同步名册勾选框,SynchronizedRoster,
TeamEditConfig_Base.csv,11,均衡id,Balanced,
TechTreeConfig_Base.csv,1,流水ID,Id,
TechTreeConfig_Base.csv,2,Key_名称,Key_Name,
TechTreeConfig_Base.csv,3,名称,Name,
TechTreeConfig_Base.csv,4,包含科技链,IncloudTechLine,
TechTreeConfig_Tech.csv,1,流水ID,Id,
TechTreeConfig_Tech.csv,2,类别,LineType,
TechTreeConfig_Tech.csv,3,节点分类,IconType,
TechTreeConfig_Tech.csv,4,等级,Level,
TechTreeConfig_Tech.csv,5,限制条件,Unlock,
TechTreeConfig_Tech.csv,6,激活消耗,Cost,1
TechTreeConfig_Tech.csv,7,属性加成,AddAttribute,
TechTreeConfig_Tech.csv,8,技能,Skill,
TechTreeConfig_Tech.csv,9,作用对象,ObjectType,
TechTreeConfig_Tech.csv,10,Key_技能名称,Key_Name,
TechTreeConfig_Tech.csv,11,技能名称,Name,
TechTreeConfig_Tech.csv,12,Key_技能描述,Key_Desc,
TechTreeConfig_Tech.csv,13,技能描述,Desc,
TechTreeConfig_TechLine.csv,1,流水ID,Id,
TechTreeConfig_TechLine.csv,2,Key_名称,Key_Name,
TechTreeConfig_TechLine.csv,3,名称,Name,
TechTreeConfig_TechLine.csv,4,图标,Icon,
TechTreeConfig_TechLine.csv,5,Key_描述,Key_Desc,
TechTreeConfig_TechLine.csv,6,描述,Desc,
TheatreConfig_Base.csv,1,流水ID,Id,
TheatreConfig_Base.csv,2,描述,Des,
TheatreConfig_Base.csv,3,积分规则,Score,
TheatreConfig_Base.csv,4,在场时间,LiteTime,
TheatreConfig_Base.csv,5,英雄/怪物ID,LinkId,
TheatreConfig_Base.csv,6,死亡初速度,DieSpeed,
TheatreConfig_Base.csv,7,死亡加速度,DieAddSpeed,
TheatreConfig_Base.csv,8,抖动时间,ShakeDruation,
TheatreConfig_Base.csv,9,抖动幅度,ShakeDistance,
TheatreConfig_Base.csv,10,抖动频率,ShakeFrequency,
TheatreConfig_Collection.csv,1,流水ID,Id,
TheatreConfig_Collection.csv,2,收藏物隶属关卡,MissionId,
TheatreConfig_Collection.csv,3,Key_收藏物名称,Key_CollectionName,
TheatreConfig_Collection.csv,4,收藏物名称,CollectionName,
TheatreConfig_Collection.csv,5,Key_收藏物描述,Key_CollectionDes,
TheatreConfig_Collection.csv,6,收藏物描述,CollectionDes,
TheatreConfig_Collection.csv,7,Key_收藏物种类,Key_CollectionType,
TheatreConfig_Collection.csv,8,收藏物种类,CollectionType,
TheatreConfig_Collection.csv,9,收藏物是否可使用,CollectionUseful,
TheatreConfig_Collection.csv,10,收藏物位置,CollectionPos,
TheatreConfig_Collection.csv,11,收集册任务相对位置,TransformPos,
TheatreConfig_Collection.csv,12,收集册任务相对方向,TransformRot,
TheatreConfig_Collection.csv,13,收集册任务相对缩放,TransformScale,
TheatreConfig_Collection.csv,14,收集册美术资源,MissionRes,
TheatreConfig_Collection.csv,15,装饰物使用预制,DesPrefebs,
TheatreConfig_Collection.csv,16,是否默认解锁,Unlock,
TheatreConfig_Combo.csv,1,流水ID,Id,
TheatreConfig_Combo.csv,2,门槛次数,Count,1
TheatreConfig_Combo.csv,3,积分倍率,Radio,1
TheatreConfig_Task.csv,1,流水ID,Id,
TheatreConfig_Task.csv,2,Key_任务名称,Key_MissionName,
TheatreConfig_Task.csv,3,任务名称,MissionName,
TheatreConfig_Task.csv,4,任务类型,MissionType,
TheatreConfig_Task.csv,5,任务分类,MissionKind,
TheatreConfig_Task.csv,6,任务参数,MissionNum,
TheatreConfig_Task.csv,7,任务奖励,MissionRewards,1
TheatreConfig_Task.csv,8,任务对应关卡,MissionId,
TheatreConfig_Task.csv,9,Key_任务描述,Key_MissionDes,
TheatreConfig_Task.csv,10,任务描述,MissionDes,
ThemeActivity_Base.csv,1,流水ID,Id,
ThemeActivity_Base.csv,2,备注,Desc,
ThemeActivity_Base.csv,3,Key_活动系统名,Key_Name,
ThemeActivity_Base.csv,4,活动系统名,Name,
ThemeActivity_Base.csv,5,活动开始时间,StartTime,1
ThemeActivity_Base.csv,6,活动结束时间,EndTime,1
ThemeActivity_Base.csv,7,界面背景,UIPrefab,
ThemeActivity_Base.csv,8,主界面入口icon底图,EntranceBgPic,
ThemeActivity_Base.csv,9,主界面入口icon标题图,EntranceTitlePic,
ThemeActivity_Info.csv,1,流水ID,Id,
ThemeActivity_Info.csv,2,活动id,ActivityId,
ThemeActivity_Info.csv,3,入口,BtnID,
ThemeActivity_Info.csv,4,Key_活动系统名,Key_Name,
ThemeActivity_Info.csv,5,活动系统名,Name,
ThemeActivity_Info.csv,6,子活动类型,SubActivityType,
ThemeActivity_Info.csv,7,子活动id,SubActivityId,
ThemeActivity_Info.csv,8,Key_活动类型,Key_TypeName,
ThemeActivity_Info.csv,9,活动类型,TypeName,
ThemeActivity_Info.csv,10,按钮控件名称,PrefabId,
ThemeActivity_Info.csv,11,系统ID,SystemId,
TimeConfig_Base.csv,1,流水ID,Id,
TimeConfig_Base.csv,2,描述,Desc,
TimeConfig_Base.csv,3,速率,TimeScale,
TimeConfig_Base.csv,4,淡入时间,EnterTime,
TimeConfig_Base.csv,5,持续时间,Duration,1
TimeConfig_Base.csv,6,淡出时间,LeaveTime,
TimeConfig_Base.csv,7,联机场景生效,CanStartOnline,
TimeConfig_Base.csv,8,表现层1or逻辑层2,Layer,
TotalPay_Base.csv,1,流水ID,Id,
TotalPay_Base.csv,2,活动名,Desc,
TotalPay_Base.csv,3,所属充值活动id,TotalPayId,1
TotalPay_Base.csv,4,档位id,PriceId,
TotalPay_Base.csv,5,Key_档位名称,Key_ClassifyName,
TotalPay_Base.csv,6,档位名称,ClassifyName,
TotalPay_Base.csv,7,Key_气泡文本,Key_TipText,
TotalPay_Base.csv,8,气泡文本,TipText,
TotalPay_ClassifyReward.csv,1,流水ID,Id,
TotalPay_ClassifyReward.csv,2,档位ID,ClassifyId,
TotalPay_ClassifyReward.csv,3,奖励,Reward,1
TotalPay_ClassifyReward.csv,4,Key_目标天数文本,Key_TargetDailyName,
TotalPay_ClassifyReward.csv,5,目标天数文本,TargetDailyName,
TotalPay_ClassifyReward.csv,6,天数,TargetDay,
TotalPayNew_Base.csv,1,流水ID,Id,
TotalPayNew_Base.csv,2,活动名,Desc,
TotalPayNew_Base.csv,3,充值计算最小粒度,PriceId,1
TotalPayNew_Base.csv,4,积分数值,Point,
TotalPayNew_Base.csv,5,邮件模板,MailId,
TotalPayNew_Reward.csv,1,流水ID,Id,
TotalPayNew_Reward.csv,2,组ID,GroupId,
TotalPayNew_Reward.csv,3,积分档位,PointLevel,
TotalPayNew_Reward.csv,4,奖励,Reward,1
TotalPayNew_Reward.csv,5,是否重点奖励,TargetDay,1
TotalSignActivity_Base.csv,1,流水ID,Id,
TotalSignActivity_Base.csv,2,活动名,Desc,
TotalSignActivity_Base.csv,3,签到组id,SignRewardId,
TotalSignActivity_Base.csv,4,累登组id,TotalSignId,
TotalSignActivity_SignReward.csv,1,流水ID,Id,
TotalSignActivity_SignReward.csv,2,组id,GroupId,
TotalSignActivity_SignReward.csv,3,奖励,Reward,1
TotalSignActivity_SignReward.csv,4,对应签到天数,SignDay,
TotalSignActivity_TotalSign.csv,1,流水ID,Id,
TotalSignActivity_TotalSign.csv,2,组id,GroupId,
TotalSignActivity_TotalSign.csv,3,累签天数,TotalSignNum,
TotalSignActivity_TotalSign.csv,4,奖励组,Reward,1
TotalSignActivity_TotalSignReward.csv,1,流水ID,Id,
TotalSignActivity_TotalSignReward.csv,2,组id,GroupId,
TotalSignActivity_TotalSignReward.csv,3,奖励,Reward,1
Tower_Base.csv,1,塔id,Id,
Tower_Base.csv,2,层数,floor,
Tower_Base.csv,3,机制数量上限,MechanicCounts,1
Tower_Base.csv,4,每层随机的机制数量,AttributeCounts,
TreasureBoxConfig_BP.csv,1,ID,ID,
TreasureBoxConfig_BP.csv,2,直购id,MoneyShopId,
TreasureBoxConfig_BP.csv,3,奖励显示,RewardsShow,1
TreasureBoxConfig_BP.csv,4,Key免费档位名称,Key_FreeName,
TreasureBoxConfig_BP.csv,5,免费档位名称,FreeName,
TreasureBoxConfig_BP.csv,6,Key付费档位名称,Key_ChargeName,1
TreasureBoxConfig_BP.csv,7,付费档位名称,ChargeName,1
TreasureBoxConfig_BP.csv,8,Key说明tip,Key_TipText,
TreasureBoxConfig_BP.csv,9,说明tip,TipText,
TreasureBoxConfig_BP.csv,10,首次开放时间,FirstOpenTime,1
TreasureBoxConfig_BP.csv,11,邮件模板,MailId,
TreasureBoxConfig_BP.csv,12,BP持续时间,Duration,1
TreasureBoxConfig_BP.csv,13,间隔时间,Interval,1
TreasureBoxConfig_BP.csv,14,返利比,Num,1
TreasureBoxConfig_BPReward.csv,1,流水ID,Id,
TreasureBoxConfig_BPReward.csv,2,所属礼包id,SeaSon,
TreasureBoxConfig_BPReward.csv,3,奖励档位参数,LevelParam,1
TreasureBoxConfig_BPReward.csv,4,Key_奖励档位名称,Key_LevelParamName,
TreasureBoxConfig_BPReward.csv,5,奖励档位名称,LevelParamName,1
TreasureBoxConfig_BPReward.csv,6,免费奖励,FreeReward,1
TreasureBoxConfig_BPReward.csv,7,付费档位奖励,ChargeReward,1
TreasureBoxConfig_BPReward.csv,8,是否为特殊展示档位,IsSpecial,
TreasureBoxConfig_Common.csv,1,宝箱id,Id,
TreasureBoxConfig_Common.csv,2,banner图标,banner,
TreasureBoxConfig_Common.csv,3,剧作掉落组（必须要配）,BaseLootGroup,1
TreasureBoxConfig_Common.csv,4,前N次固定掉落,CertainlyLoot,1
TreasureBoxConfig_Common.csv,5,R剧作套装保底次数,RSuitGuarantee,1
TreasureBoxConfig_Common.csv,6,SR剧作套装保底次数,SRSuitGuarantee,1
TreasureBoxConfig_Common.csv,7,SSR剧作套装保底次数,SSRSuitGuarantee,1
TreasureBoxConfig_Common.csv,8,SSR剧作套装保底组,SSRGuaranteeList,1
TreasureBoxConfig_Common.csv,9,SSR剧作保底次数,SSRGuarantee,1
TreasureBoxConfig_Common.csv,10,SSR剧作保底LOOT,SSRGuaranteeLoot,1
TreasureBoxConfig_Common.csv,11,UR保底次数,URGuarantee,1
TreasureBoxConfig_Common.csv,12,UR保底Loot,URGuaranteeLoot,1
TreasureBoxConfig_Common.csv,13,UR剧作套装保底次数,URSuitGuarantee,1
TreasureBoxConfig_Common.csv,14,UR剧作套装保底组,URGuaranteeList,1
TreasureBoxConfig_Common.csv,15,材料掉落组,DevelopLootGroup,1
TreasureBoxConfig_Common.csv,16,开启积分奖励,AddPoints,1
TreasureBoxConfig_Common.csv,17,展示大图,Picture,
TreasureBoxConfig_Common.csv,18,Key_描述,Key_Describe,
TreasureBoxConfig_Common.csv,19,描述,Describe,
TreasureBoxConfig_Common.csv,20,固定掉落展示,ItemShow,1
TreasureBoxConfig_Common.csv,21,宝箱idle动画,AnimatorIdle,
TreasureBoxConfig_Common.csv,22,宝箱open动画,AnimatorOpen,
TreasureBoxConfig_Common.csv,23,界面展开宝箱动画,AnimatorLoop,
TreasureBoxConfig_Common.csv,24,宝箱开启前摇动画,AnimatorOut,
TreasureBoxConfig_Common.csv,25,宝箱开启音频,AudioOpen,
TreasureBoxConfig_Common.csv,26,获取宝箱动画,AnimatorGet,
TreasureBoxConfig_Common.csv,27,单次开启上限,OnceOpenMax,1
TreasureBoxConfig_Common.csv,28,额外奖励所需次数,RewardTimes,1
TreasureBoxConfig_Common.csv,29,额外奖励关联道具,RewardItem,1
TreasureBoxConfig_GuaranteeList.csv,1,ID,Id,
TreasureBoxConfig_GuaranteeList.csv,2,掉落组id,TeamId,1
TreasureBoxConfig_GuaranteeList.csv,3,道具id,ItemId,
TreasureBoxConfig_GuaranteeList.csv,4,备注,beizhu,
TreasureBoxConfig_LootShow.csv,1,ID,Id,
TreasureBoxConfig_LootShow.csv,2,掉落库id,LootId,1
TreasureBoxConfig_LootShow.csv,3,道具id,ItemId,
TreasureBoxConfig_LootShow.csv,4,道具数量,ItemNum,1
TreasureBoxConfig_LootShow.csv,5,掉落概率,ItemRadio,1
TreasureBoxConfig_LootShow.csv,6,备注,beizhu,
TreasureBoxConfig_LotteryShow.csv,1,ID,Id,
TreasureBoxConfig_LotteryShow.csv,2,Key_描述,Key_Describe,
TreasureBoxConfig_LotteryShow.csv,3,描述,Describe,
TreasureBoxConfig_LotteryShow.csv,4,Key_UP提升说明,Key_UPString,
TreasureBoxConfig_LotteryShow.csv,5,UP提升说明,UPString,
TreasureBoxConfig_LotteryShow.csv,6,UP角色道具ID,UPItemId,
TreasureBoxConfig_LotteryShow.csv,7,UR掉落预览,SSRShow,1
TreasureBoxConfig_LotteryShow.csv,8,Key_UR掉落说明,Key_SSRString,
TreasureBoxConfig_LotteryShow.csv,9,UR掉落说明,SSRString,1
TreasureBoxConfig_LotteryShow.csv,10,SSR掉落预览,SRShow,1
TreasureBoxConfig_LotteryShow.csv,11,Key_SSR掉落说明,Key_SRString,
TreasureBoxConfig_LotteryShow.csv,12,SSR掉落说明,SRString,1
TreasureBoxConfig_LotteryShow.csv,13,SR掉落预览,RShow,1
TreasureBoxConfig_LotteryShow.csv,14,Key_SR掉落说明,Key_RString,
TreasureBoxConfig_LotteryShow.csv,15,SR掉落说明,RString,1
TreasureBoxConfig_LotteryShow.csv,16,道具掉落预览,ItemShow,1
TreasureBoxConfig_LotteryShow.csv,17,Key_道具掉落说明,Key_ItemString,
TreasureBoxConfig_LotteryShow.csv,18,道具掉落说明,ItemString,1
TreasureBoxConfig_LotteryShow.csv,19,UR碎片掉落预览,URFragmentShow,1
TreasureBoxConfig_LotteryShow.csv,20,Key_UR碎片掉落说明,Key_URFragmentString,
TreasureBoxConfig_LotteryShow.csv,21,UR碎片掉落说明,URFragmentString,1
TreasureBoxConfig_LotteryShow.csv,22,SSR碎片掉落预览,SSRFragmentShow,1
TreasureBoxConfig_LotteryShow.csv,23,Key_SSR碎片掉落说明,Key_SSRFragmentString,
TreasureBoxConfig_LotteryShow.csv,24,SSR碎片掉落说明,SSRFragmentString,1
TreasureBoxConfig_LotteryShow.csv,25,SR碎片掉落预览,SRFragmentShow,1
TreasureBoxConfig_LotteryShow.csv,26,Key_SR碎片掉落说明,Key_SRFragmentString,
TreasureBoxConfig_LotteryShow.csv,27,SR碎片掉落说明,SRFragmentString,1
TreasureBoxConfig_PointsBoxList.csv,1,key,Id,
TreasureBoxConfig_PointsBoxList.csv,2,宝箱id,itemid,
TreasureBoxConfig_PointsBoxList.csv,3,开启需要积分,GetPoints,
TroupeNew_Config.csv,1,ID,id,
TroupeNew_Config.csv,2,描述,Desc,
TroupeNew_Config.csv,3,参数,Param,
TroupeNew_Expedition.csv,1,流水Id,Id,
TroupeNew_Expedition.csv,2,任务tag,ExpeditionTag,
TroupeNew_Expedition.csv,3,任务等级要求,PlayerLevel,1
TroupeNew_Expedition.csv,4,Key_任务名称,Key_ExpeditionName,
TroupeNew_Expedition.csv,5,任务名称,ExpeditionName,
TroupeNew_Expedition.csv,6,任务耗时,ExpeditionTime,
TroupeNew_Expedition.csv,7,人数要求,OrderHero,
TroupeNew_Expedition.csv,8,主奖励,MainReward,1
TroupeNew_Expedition.csv,9,概率up要求,OrderProbability,1
TroupeNew_Expedition.csv,10,概率奖励,ProbabilityReward,1
TroupeNew_Expedition.csv,11,初始概率,InitialProbability,1
TroupeNew_Expedition.csv,12,惊喜要求,OrderSurprise,
TroupeNew_Expedition.csv,13,惊喜奖励,SurpriseReward,1
TroupeNew_Expedition.csv,14,任务刷新权重,Weight,1
TroupeNew_ExpeditionEntryPool.csv,1,key,ID,
TroupeNew_ExpeditionEntryPool.csv,2,池子type,PoolType,
TroupeNew_ExpeditionEntryPool.csv,3,Key_任务描述,Key_ExpeditionDiscribe,
TroupeNew_ExpeditionEntryPool.csv,4,任务描述,ExpeditionDiscribe,
TroupeNew_ExpeditionEntryPool.csv,5,任务所需条件,ExpeditionNeed,
TroupeNew_ExpeditionEntryPool.csv,6,随机权重,Weight,1
TroupeNew_ExpeditionEntryPool.csv,7,概率条件增加奖励概率,IncreaseProbability,1
TroupeNew_HeroFavorite.csv,1,英雄ID,Id,
TroupeNew_HeroFavorite.csv,2,喜欢道具,FavoriteItem,
TroupeNew_HeroFavorite.csv,3,讨厌道具,HateItem,
TroupeNew_HeroFavorite.csv,4,专属道具,UniqueItem,
TroupeNew_HeroFiles.csv,1,流水ID,Id,
TroupeNew_HeroFiles.csv,2,角色id,HeroId,
TroupeNew_HeroFiles.csv,3,解锁等级,Level,
TroupeNew_HeroFiles.csv,4,Key_标题,Key_Title,
TroupeNew_HeroFiles.csv,5,标题,Title,
TroupeNew_HeroFiles.csv,6,Key_文本,Key_Text,
TroupeNew_HeroFiles.csv,7,文本,Text,
TroupeNew_HeroInfo.csv,1,英雄ID,Id,
TroupeNew_HeroInfo.csv,2,性别,Sex,
TroupeNew_HeroInfo.csv,3,备注,beizhu,
TroupeNew_HeroInfo.csv,4,Key_生日,Key_Age,
TroupeNew_HeroInfo.csv,5,生日,Age,
TroupeNew_HeroInfo.csv,6,Key_入团时间,Key_High,
TroupeNew_HeroInfo.csv,7,入团时间,High,
TroupeNew_HeroInfo.csv,8,Key_别称,Key_NickName,
TroupeNew_HeroInfo.csv,9,别称,NickName,
TroupeNew_HeroInfo.csv,10,Key_种族,Key_Weapon,
TroupeNew_HeroInfo.csv,11,种族,Weapon,
TroupeNew_HeroInfo.csv,12,Key_出身地,Key_Team,
TroupeNew_HeroInfo.csv,13,出身地,Team,
TroupeNew_HeroInfo.csv,14,Key_爱吃的食物,Key_LoveFood,
TroupeNew_HeroInfo.csv,15,爱吃的食物,LoveFood,
TroupeNew_HeroInfo.csv,16,Key_定位,Key_Tag,
TroupeNew_HeroInfo.csv,17,定位,Tag,
TroupeNew_HeroInfo.csv,18,Key_杂志热评,Key_Des,
TroupeNew_HeroInfo.csv,19,杂志热评,Des,
TroupeNew_HeroInfo.csv,20,是否开启故事页签,IsOpenStory,1
TroupeNew_HeroStory.csv,1,流水ID,Id,
TroupeNew_HeroStory.csv,2,英雄ID,HeroId,
TroupeNew_HeroStory.csv,3,故事1,Story01,
TroupeNew_HeroStory.csv,4,Key_故事名称,Key_StoryName,
TroupeNew_HeroStory.csv,5,故事名称,StoryName,
TroupeNew_HeroStory.csv,6,解锁需求好感度等级1,UnlockLv1,
TroupeNew_HeroStory.csv,7,故事类型,StoryType,
TroupeNew_HeroStory.csv,8,故事引用预制,ConnectStory,
TroupeNew_HeroStory.csv,9,Key_文本,Key_Text,
TroupeNew_HeroStory.csv,10,文本,Text,
TroupeNew_HeroStory.csv,11,多语言注释,ContentAuthor,
TroupeNew_HeroVoice.csv,1,流水ID,Id,
TroupeNew_HeroVoice.csv,2,英雄ID,HeroId,
TroupeNew_HeroVoice.csv,3,Key_语音标题,Key_CharvoiceTitle,
TroupeNew_HeroVoice.csv,4,语音标题,CharvoiceTitle,
TroupeNew_HeroVoice.csv,5,语音1,Charvoice01,
TroupeNew_HeroVoice.csv,6,Key_语音1台词,Key_Charvoice01content,
TroupeNew_HeroVoice.csv,7,语音1台词,Charvoice01content,
TroupeNew_HeroVoice.csv,8,多语言注释,ContentAuthor,
TroupeNew_HeroVoice.csv,9,解锁需求好感度等级01,UnlockLv01,
TroupeNew_HeroVoice.csv,10,赠礼触发台词,GiftVoice,
TroupeNew_HeroVoice.csv,11,好感度升级触发台词,LvUpVoice,
TroupeNew_LevelUp.csv,1,流水Id,Id,
TroupeNew_LevelUp.csv,2,升级所需要Exp,Exp,
TroupeNew_LevelUp.csv,3,等级奖励,LevelReward,1
TroupeNew_WorldLinkLevelUp.csv,1,流水Id,Id,
TroupeNew_WorldLinkLevelUp.csv,2,升级所需要Exp,Exp,
TroupeNew_WorldLinkLevelUp.csv,3,属性加成（加法）,AddAttribute,
UIConfig_Expression.csv,1,流水ID,Id,
UIConfig_Expression.csv,2,描述,Desc,
UIConfig_Expression.csv,3,路径,Path,
UIConfig_Impact.csv,1,流水ID,Id,
UIConfig_Impact.csv,2,描述,Desc,
UIConfig_Impact.csv,3,路径,Path,
UIConfig_Impact.csv,4,边框装饰路径,BorderPath,
UIConfig_Impact.csv,5,图标底色,IconColor,
UIConfig_Quality.csv,1,流水ID,Id,
UIConfig_Quality.csv,2,描述,Desc,
UIConfig_Quality.csv,3,路径,Path,
UIConfig_Quality.csv,4,详情背景路径,BigPicPath,
UIConfig_Quality.csv,5,品质色色号,QualityColor,
UIConfig_Quality.csv,6,品质底图,BaseMapPath,
UnionBattleConfig_Base.csv,1,ID,id,
UnionBattleConfig_Base.csv,2,描述,Des,
UnionBattleConfig_Base.csv,3,开放时间,StartTime,1
UnionBattleConfig_Base.csv,4,正式战斗开放(模拟战结束)时间,RealStartTime,
UnionBattleConfig_Base.csv,5,结束时间,EndTime,1
UnionBattleConfig_Base.csv,6,全局buff,Buff,
UnionBattleConfig_Base.csv,7,全局buff作用目标,BuffTarget,
UnionBattleConfig_Base.csv,8,Key_buff描述,Key_BuffDes,
UnionBattleConfig_Base.csv,9,buff描述,BuffDes,
UnionBattleConfig_Base.csv,10,模拟战可用循环数,Circulate,
UnionBattleConfig_Base.csv,11,使用关卡组,MissionGroup,
UnionBattleConfig_Base.csv,12,起始关,MissionStart,
UnionBattleConfig_Base.csv,13,终止关,MissionEnd,
UnionBattleConfig_Mission.csv,1,ID,id,
UnionBattleConfig_Mission.csv,2,Key_描述,Key_Des,
UnionBattleConfig_Mission.csv,3,描述,Des,
UnionBattleConfig_Mission.csv,4,关卡组,MissionGroup,
UnionBattleConfig_Mission.csv,5,循环数,Circulate,
UnionBattleConfig_Mission.csv,6,关卡序号,Order,
UnionBattleConfig_Mission.csv,7,下一关,Next,
UnionBattleConfig_Mission.csv,8,调用MissionID,MissionID,
UnionBattleConfig_Mission.csv,9,关卡入口资源（大）,BigResources,
UnionBattleConfig_Mission.csv,10,关卡入口资源（小）,SmallResources,
UnionBattleConfig_Mission.csv,11,首领怪物ID,BossID,
UnionBattleConfig_Mission.csv,12,首领怪物基础血量,BossBasicHp,
UnionBattleConfig_Mission.csv,13,首领血量放大系数,BossHpAmplify,
UnionBattleConfig_Mission.csv,14,小怪血量放大系数,AddHpAmplify,
UnionBattleConfig_Mission.csv,15,攻击力放大系数,Atk,
UnionBattleConfig_Mission.csv,16,法术强度放大系数,Mag,
UnionBattleConfig_Mission.csv,17,护甲放大系数,Def,
UnionBattleConfig_Mission.csv,18,魔法抗性放大系数,Mgr,
UnionBattleConfig_Mission.csv,19,力竭值放大系数,Armor,
UnionBattleConfig_Mission.csv,20,BUFF,Buff,
UnionBattleConfig_Mission.csv,21,BUFF类型,BuffType,
UnionBattleConfig_Mission.csv,22,BUFF作用类型（暂时不用）,BuffTargetType,
UnionBattleConfig_Mission.csv,23,BUFF作用目标,BuffTarget,
UnionBattleConfig_Mission.csv,24,得分倍率,Multiplying,1
UnionBattleConfig_Mission.csv,25,通关奖励掉落包,ClearReward,1
UnionBattleConfig_Mission.csv,26,最后一击奖励,LastReward,1
UnionBattleConfig_Mission.csv,27,押注奖励权重掉落包,StakeReward,1
UnionBattleConfig_Mission.csv,28,评价区间,Score,
UnionBattleConfig_Mission.csv,29,公会战DPS调整系数(新增),UnionAntiCheatDpsAdjustRatio,
UnionBattleConfig_Mission.csv,30,关卡详情资源,DetailResources,
UnionBattleConfig_Mission.csv,31,SS评价额外奖励,SSReward,1
UnionBattleConfig_Rank.csv,1,ID,id,
UnionBattleConfig_Rank.csv,2,描述,Des,
UnionBattleConfig_Rank.csv,3,对应排名区间,Rank,
UnionBattleConfig_Rank.csv,4,排名奖励,RankReward,1
UnionBattleConfig_Rank.csv,5,邮件模板,Mail,
UnionConfig_Achievement.csv,1,ID,id,
UnionConfig_Achievement.csv,2,Key_描述,Key_Text,
UnionConfig_Achievement.csv,3,描述,Text,
UnionConfig_Achievement.csv,4,任务条件,TaskType,
UnionConfig_Achievement.csv,5,任务参数,TaskValue,
UnionConfig_Achievement.csv,6,达成人数要求,NeedNum,
UnionConfig_Achievement.csv,7,任务奖励,Reward,1
UnionConfig_Achievement.csv,8,公会活跃度,ActiveExp,
UnionConfig_Banner.csv,1,流水ID,Id,
UnionConfig_Banner.csv,2,备注,Remarks,
UnionConfig_Banner.csv,3,名称,Name,
UnionConfig_Banner.csv,4,开始时间,StartTime,1
UnionConfig_Banner.csv,5,结束时间,EndTime,1
UnionConfig_Banner.csv,6,排序权重,Weight,1
UnionConfig_Banner.csv,7,跳转时间,Time,
UnionConfig_Banner.csv,8,公告图,Icon,
UnionConfig_Banner.csv,9,跳转功能id,RelationIdSystem,
UnionConfig_Banner.csv,10,是否显示,IsShow,
UnionConfig_DailyTask.csv,1,ID,id,
UnionConfig_DailyTask.csv,2,Key_描述,Key_Text,
UnionConfig_DailyTask.csv,3,描述,Text,
UnionConfig_DailyTask.csv,4,任务类型,Type,
UnionConfig_DailyTask.csv,5,任务条件,TaskType,
UnionConfig_DailyTask.csv,6,任务参数,TaskValue,
UnionConfig_DailyTask.csv,7,需要人数,NeedNum,
UnionConfig_DailyTask.csv,8,单人任务奖励,Reward,1
UnionConfig_DailyTask.csv,9,公会任务奖励,UnionReward,1
UnionConfig_DailyTask.csv,10,公会活跃度,ActiveExp,
UnionConfig_DailyTask.csv,11,跳转id,Jump,
UnionConfig_Level.csv,1,ID,id,
UnionConfig_Level.csv,2,描述,Des,
UnionConfig_Level.csv,3,所需活跃度,Exp,
UnionConfig_Level.csv,4,最大成员数,Member,
UnionConfig_Level.csv,5,管理员上限,AdminMax,1
UnionConfig_Level.csv,6,公会升级奖励,LevelUPGift,1
UnionConfig_Mark.csv,1,流水ID,id,
UnionConfig_Mark.csv,2,描述,des,
UnionConfig_Mark.csv,3,资源,Resourse,
UnionConfig_Mark.csv,4,公会升级解锁徽章,LevelLimit,
UnionConfig_PlayerDisplayWall.csv,1,ID,id,
UnionConfig_PlayerDisplayWall.csv,2,展示类型,Type,
UnionConfig_PlayerDisplayWall.csv,3,展示优先级,Order,
UnionConfig_PlayerDisplayWall.csv,4,Key_名称,Key_Text,
UnionConfig_PlayerDisplayWall.csv,5,名称,Text,
UnionConfig_PlayerDisplayWall.csv,6,Key_描述1,Key_Desc,
UnionConfig_PlayerDisplayWall.csv,7,描述1,Desc,
UnionConfig_PlayerDisplayWall.csv,8,Key_描述2,Key_Desc2,
UnionConfig_PlayerDisplayWall.csv,9,描述2,Desc2,
UnionConfig_PlayerShow.csv,1,流水ID,Id,
UnionConfig_PlayerShow.csv,2,类型,Type,
UnionConfig_PlayerShow.csv,3,Key_称号,Key_Title,
UnionConfig_PlayerShow.csv,4,称号,Title,
UnionConfig_Position.csv,1,ID,id,
UnionConfig_Position.csv,2,Key_描述,Key_Text,
UnionConfig_Position.csv,3,描述,Text,
UnionConfig_Position.csv,4,邀请成员权限,Invite,
UnionConfig_Position.csv,5,成员审批,Examine,
UnionConfig_Position.csv,6,修改联盟名称,ChangeName,
UnionConfig_Position.csv,7,修改公告,Announcement,
UnionConfig_Position.csv,8,修改图标,Sign,
UnionConfig_Position.csv,9,修改宣言,Declaration,
UnionConfig_Position.csv,10,修改标签,Tag,
UnionConfig_Position.csv,11,更改审批方式,ExamineChange,
UnionConfig_Position.csv,12,更改是否可见,ChangeShow,
UnionConfig_Position.csv,13,移除成员,Kick,
UnionConfig_Position.csv,14,晋升管理,PromoteAdmin,
UnionConfig_Position.csv,15,降职管理,ReduceAdmin,
UnionConfig_Position.csv,16,晋升非管理,Promote,
UnionConfig_Position.csv,17,降职非管理,Reduce,
UnionConfig_Position.csv,18,解散公会,Dismiss,
UnionConfig_Position.csv,19,转让会长,Transfer,
UnionConfig_Position.csv,20,据点战指挥,Command,
UnionConfig_Seting.csv,1,流水ID,id,
UnionConfig_Seting.csv,2,设置类型,Typ,
UnionConfig_Seting.csv,3,Key_类型名称,Key_TypeName,
UnionConfig_Seting.csv,4,类型名称,TypeName,
UnionConfig_Seting.csv,5,设置对象,Position,
UnionConfig_Shading.csv,1,流水ID,id,
UnionConfig_Shading.csv,2,描述,des,
UnionConfig_Shading.csv,3,资源,Resourse,
UnionConfig_Shading.csv,4,对应旗帜,Flag,
UnionConfig_Sign.csv,1,ID,id,
UnionConfig_Sign.csv,2,描述,Des,
UnionConfig_Sign.csv,3,Key_标签名称,Key_Name,
UnionConfig_Sign.csv,4,标签名称,Name,
UnionConfig_TaskReward.csv,1,流水ID,Id,
UnionConfig_TaskReward.csv,2,联盟积分进度,Points,
UnionConfig_TaskReward.csv,3,宝箱icon,Icon,
UnionConfig_TaskReward.csv,4,奖励预览,RewardShow,1
UnionConfig_TaskReward.csv,5,奖励,Reward,1
UnionConfig_TaskString.csv,1,ID,id,
UnionConfig_TaskString.csv,2,Key_委托详情,Key_Des,
UnionConfig_TaskString.csv,3,委托详情,Des,
UnionConfig_Trends.csv,1,ID,id,
UnionConfig_Trends.csv,2,描述,Des,
UnionConfig_Trends.csv,3,Key_文本,Key_Text,
UnionConfig_Trends.csv,4,文本,Text,
UnionConfig_Trends.csv,5,占位符信息,SpecialText,
UnionConfig_UnionBox.csv,1,ID,id,
UnionConfig_UnionBox.csv,2,类型,Type,
UnionConfig_UnionBox.csv,3,来源备注,dec,
UnionConfig_UnionBox.csv,4,排名区间,RankRange,
UnionConfig_UnionBox.csv,5,获取数量,GetNumber,
UnionConfig_UnionBoxLoot.csv,1,ID,id,
UnionConfig_UnionBoxLoot.csv,2,数量区间,NumberRange,
UnionConfig_UnionBoxLoot.csv,3,固定奖励,FixedReward,1
UnionConfig_UnionBoxLoot.csv,4,奖励预览,RewardShow,1
UnionConfig_UnionBoxLoot.csv,5,随机掉落,LootId,1
UnionConfig_Value.csv,1,流水ID,id,
UnionConfig_Value.csv,2,描述,des,
UnionConfig_Value.csv,3,名称,name,
UnionConfig_Value.csv,4,值,value,
UnionHunting_HurtReward.csv,1,流水ID,Id,
UnionHunting_HurtReward.csv,2,伤害范围,HurtRange,
UnionHunting_HurtReward.csv,3,伤害奖励预览,KillRewardShow,1
UnionHunting_HurtReward.csv,4,伤害奖励,KillReward,1
UnionHuntingConfig_Base.csv,1,ID,id,
UnionHuntingConfig_Base.csv,2,关卡id,SceneID,
UnionHuntingConfig_Base.csv,3,Key_难度名称,Key_Name,
UnionHuntingConfig_Base.csv,4,难度名称,Name,
UnionHuntingConfig_Base.csv,5,顺序,LocalID,
UnionHuntingConfig_Base.csv,6,组别,Group,
UnionHuntingConfig_Base.csv,7,页签icon,Icon,
UnionHuntingConfig_Base.csv,8,击杀奖励预览,KillRewardShow,1
UnionHuntingConfig_Base.csv,9,击杀奖励,KillReward,1
UnionHuntingConfig_Base.csv,10,NPCid,NPCID,
UnionHuntingConfig_Base.csv,11,monsterid,MonsterID,
UnionHuntingConfig_Base.csv,12,生命调节系数,HpRate,
UnionHuntingConfig_Base.csv,13,攻击调节系数,AtkRate,
UnionHuntingConfig_Base.csv,14,防御调节系数,DefRate,
UnionHuntingConfig_Base.csv,15,魔抗调节系数,MgrRate,
UnionHuntingConfig_Base.csv,16,护甲调节系数,ArmorRate,
UnionHuntingConfig_Base.csv,17,boss死亡宝箱奖励,UnionBox,1
UnionHuntingConfig_Base.csv,18,显示技能,SkillShow,
UnionHuntingConfig_Config.csv,1,ID,id,
UnionHuntingConfig_Config.csv,2,描述,Desc,
UnionHuntingConfig_Config.csv,3,参数,Param,
ValuableConfg_Base.csv,1,ID,ID,
ValuableConfg_Base.csv,2,Key_描述,Key_Name,
ValuableConfg_Base.csv,3,秘宝名称,Name,
ValuableConfg_Base.csv,4,秘宝品质,Quality,
ValuableConfg_Base.csv,5,是否屏蔽,Shield,1
ValuableConfg_Base.csv,6,道具图标,Icon,
ValuableConfg_Base.csv,7,Key_描述,Key_Describe,
ValuableConfg_Base.csv,8,秘宝描述,Describe,
ValuableConfg_Base.csv,9,类型判断,Type,
ValuableConfg_Base.csv,10,信物类型判断,TreasureType,
ValuableConfg_Base.csv,11,任务ID,TaskID,
ValuableConfg_Base.csv,12,目标计数,Count,
ValuableConfg_Base.csv,13,碎片id,FragmentID,
ValuableConfg_Base.csv,14,碎片转化数量,FragmentCount,
ValuableConfg_Base.csv,15,激活数量,ActivateCount,
ValuableConfg_Base.csv,16,转化道具id,TransFormID,
ValuableConfg_Base.csv,17,碎片转精华数量,EssenceCount,
ValuableConfg_Base.csv,18,标签图标,LabelIcon,
ValuableConfg_BP.csv,1,ID,ID,
ValuableConfg_BP.csv,2,直购id,MoneyShopId,
ValuableConfg_BP.csv,3,奖励显示,RewardsShow,1
ValuableConfg_BP.csv,4,Key免费档位名称,Key_FreeName,
ValuableConfg_BP.csv,5,免费档位名称,FreeName,
ValuableConfg_BP.csv,6,Key付费档位名称,Key_ChargeName,1
ValuableConfg_BP.csv,7,付费档位名称,ChargeName,1
ValuableConfg_BP.csv,8,Key说明tip,Key_TipText,
ValuableConfg_BP.csv,9,说明tip,TipText,
ValuableConfg_BP.csv,10,首次开放时间,FirstOpenTime,1
ValuableConfg_BP.csv,11,邮件模板,MailId,
ValuableConfg_BP.csv,12,BP持续时间,Duration,1
ValuableConfg_BP.csv,13,间隔时间,Interval,1
ValuableConfg_BP.csv,14,返利比,Num,1
ValuableConfg_BPReward.csv,1,流水ID,Id,
ValuableConfg_BPReward.csv,2,所属礼包id,SeaSon,
ValuableConfg_BPReward.csv,3,奖励档位参数,LevelParam,1
ValuableConfg_BPReward.csv,4,Key_奖励档位名称,Key_LevelParamName,
ValuableConfg_BPReward.csv,5,奖励档位名称,LevelParamName,1
ValuableConfg_BPReward.csv,6,免费奖励,FreeReward,1
ValuableConfg_BPReward.csv,7,付费档位奖励,ChargeReward,1
ValuableConfg_BPReward.csv,8,是否为特殊展示档位,IsSpecial,
ValuableConfg_CircleReward.csv,1,id,Id,
ValuableConfg_CircleReward.csv,2,奖励组id,GroupID,1
ValuableConfg_CircleReward.csv,3,奖励,Rewards,1
ValuableConfg_CircleReward.csv,4,累计抽数区间起点,WishNumStart,
ValuableConfg_CircleReward.csv,5,累计抽数区间终点,WishNumEnd,
ValuableConfg_Goddess.csv,1,ID,ID,
ValuableConfg_Goddess.csv,2,Key_描述,Key_Name,
ValuableConfg_Goddess.csv,3,神启名称,Name,
ValuableConfg_Goddess.csv,4,是否锁定,Unlock,
ValuableConfg_Goddess.csv,5,信物id,TreasureID,
ValuableConfg_Goddess.csv,6,技能图标,Icon,
ValuableConfg_Goddess.csv,7,Key_描述,Key_Label,
ValuableConfg_Goddess.csv,8,神启标签,Label,
ValuableConfg_Goddess.csv,9,标签颜色,Color,
ValuableConfg_Goddess.csv,10,技能,Key_SkillName,
ValuableConfg_Goddess.csv,11,技能名称,SkillName,
ValuableConfg_Goddess.csv,12,页签图片,TabPicture,
ValuableConfg_Goddess.csv,13,live2D/立绘图路径,HeroPic,
ValuableConfg_Goddess.csv,14,live2D/立绘图坐标,HeroPicCoordinate,
ValuableConfg_Goddess.csv,15,live2D/立绘图缩放比例,HeroPicScale,
ValuableConfg_Goddess.csv,16,至宝类型,type,
ValuableConfg_GoddessUpStar.csv,1,ID,ID,
ValuableConfg_GoddessUpStar.csv,2,女神id,GoddessID,
ValuableConfg_GoddessUpStar.csv,3,星级,Star,
ValuableConfg_GoddessUpStar.csv,4,技能id,SkillID,
ValuableConfg_GoddessUpStar.csv,5,Key_描述,Key_SkillIDescribe,
ValuableConfg_GoddessUpStar.csv,6,技能描述,SkillIDescribe,
ValuableConfg_GoddessUpStar.csv,7,Key_描述,Key_UpStarTitle,
ValuableConfg_GoddessUpStar.csv,8,升星标题,UpStarTitle,
ValuableConfg_GoddessUpStar.csv,9,道具图标,Icon,
ValuableConfg_GoddessUpStar.csv,10,技能虚战力,SkillAbilityAdd,
ValuableConfg_GuaranteeList.csv,1,ID,Id,
ValuableConfg_GuaranteeList.csv,2,掉落组id,TeamId,1
ValuableConfg_GuaranteeList.csv,3,道具id,ItemId,
ValuableConfg_GuaranteeList.csv,4,备注,beizhu,
ValuableConfg_LootShow.csv,1,ID,Id,
ValuableConfg_LootShow.csv,2,掉落库id,LootId,1
ValuableConfg_LootShow.csv,3,道具id,ItemId,
ValuableConfg_LootShow.csv,4,道具数量,ItemNum,1
ValuableConfg_LootShow.csv,5,掉落概率,ItemRadio,1
ValuableConfg_LootShow.csv,6,备注,beizhu,
ValuableConfg_LotteryConfig.csv,1,ID,ID,
ValuableConfg_LotteryConfig.csv,2,Key_描述,Key_Name,
ValuableConfg_LotteryConfig.csv,3,卡池名称,Name,1
ValuableConfg_LotteryConfig.csv,4,开始标题颜色,StartColor,
ValuableConfg_LotteryConfig.csv,5,结束标题颜色,EndColor,
ValuableConfg_LotteryConfig.csv,6,卡池类型,Type,1
ValuableConfg_LotteryConfig.csv,7,卡池是否开放,IsOpen,1
ValuableConfg_LotteryConfig.csv,8,开启条件,OpenCondition,1
ValuableConfg_LotteryConfig.csv,9,首次开放时间,FirstOpenTime,1
ValuableConfg_LotteryConfig.csv,10,卡池持续时间,Duration,1
ValuableConfg_LotteryConfig.csv,11,卡池间隔时间,Interval,1
ValuableConfg_LotteryConfig.csv,12,Key_描述,Key_Desc,
ValuableConfg_LotteryConfig.csv,13,卡池描述,Desc,1
ValuableConfg_LotteryConfig.csv,14,信物id,TreasureID,
ValuableConfg_LotteryConfig.csv,15,女神id,GoddessID,
ValuableConfg_LotteryConfig.csv,16,循环奖励id,CircleRewardId,1
ValuableConfg_LotteryConfig.csv,17,掉落组（必须要配）,BaseLootGroup,1
ValuableConfg_LotteryConfig.csv,18,SSR信物套装保底次数,SSRSuitGuarantee,1
ValuableConfg_LotteryConfig.csv,19,保底信物列表,GuaranteeList,1
ValuableConfg_LotteryConfig.csv,20,SSR秘宝保底次数,SSRGuarantee,1
ValuableConfg_LotteryConfig.csv,21,SSR秘宝保底LOOT,GuaranteeLoot,1
ValuableConfg_LotteryConfig.csv,22,卡池保底显示次数,GuaranteeNumShow,1
ValuableConfg_LotteryConfig.csv,23,卡池货币显示,TopList,1
ValuableConfg_LotteryConfig.csv,24,单次召唤价格1,CostPrice1,1
ValuableConfg_LotteryConfig.csv,25,卡池详情id,LotteryShowID,1
ValuableConfg_LotteryConfig.csv,26,Banner图路径,BannerBg,
ValuableConfg_LotteryConfig.csv,27,背景图路径,BgPic,
ValuableConfg_LotteryConfig.csv,28,live2D/立绘图路径,HeroPic,
ValuableConfg_LotteryConfig.csv,29,live2D/立绘图坐标,HeroPicCoordinate,
ValuableConfg_LotteryConfig.csv,30,live2D/立绘图缩放比例,HeroPicScale,
ValuableConfg_LotteryShow.csv,1,ID,Id,
ValuableConfg_LotteryShow.csv,2,SSR掉落预览,SSRShow,1
ValuableConfg_LotteryShow.csv,3,Key_SSR掉落说明,Key_SSRString,
ValuableConfg_LotteryShow.csv,4,SSR掉落说明,SSRString,1
ValuableConfg_LotteryShow.csv,5,SR掉落预览,SRShow,1
ValuableConfg_LotteryShow.csv,6,Key_SR掉落说明,Key_SRString,
ValuableConfg_LotteryShow.csv,7,SR掉落说明,SRString,1
ValuableConfg_LotteryShow.csv,8,R掉落预览,RShow,1
ValuableConfg_LotteryShow.csv,9,Key_R掉落说明,Key_RString,
ValuableConfg_LotteryShow.csv,10,R掉落说明,RString,1
ValuableConfg_LotteryShow.csv,11,道具掉落预览,ItemShow,1
ValuableConfg_LotteryShow.csv,12,Key_道具掉落说明,Key_ItemString,
ValuableConfg_LotteryShow.csv,13,道具掉落说明,ItemString,1
ValuableConfg_LotteryShow.csv,14,Key_规则说明,Key_Desc,
ValuableConfg_LotteryShow.csv,15,规则说明,Desc,
ValuableConfg_UpStar.csv,1,ID,ID,
ValuableConfg_UpStar.csv,2,星级,Star,
ValuableConfg_UpStar.csv,3,秘宝id,TreasuerID,
ValuableConfg_UpStar.csv,4,秘宝品质,Quality,
ValuableConfg_UpStar.csv,5,属性,AttrID,
ValuableConfg_UpStar.csv,6,属性值,Attribute,
ValuableConfg_UpStar.csv,7,特殊属性,SpAttrID,
ValuableConfg_UpStar.csv,8,特殊属性值,SpAttribute,
ValuableConfg_UpStar.csv,9,成长属性,GrowthAttrID,
ValuableConfg_UpStar.csv,10,成长属性值,GrowthAttribute,
ValuableConfg_UpStar.csv,11,最大生效次数,Count,1
ValuableConfg_UpStar.csv,12,升星道具id,ItemID,
ValuableConfg_UpStar.csv,13,升星道具数量,ItemCount,1
ValuableConfg_UpStar.csv,14,Key_描述,Key_AttrDescribe,
ValuableConfg_UpStar.csv,15,秘宝成长属性描述1,AttrDescribe,
ValuableConfg_UpStar.csv,16,Key_描述,Key_AttrDescribe01,
ValuableConfg_UpStar.csv,17,秘宝成长属性描述2,AttrDescribe01,
ValuableConfg_UpStar.csv,18,Key_描述,Key_AttrDescribe02,
ValuableConfg_UpStar.csv,19,秘宝成长属性描述3,AttrDescribe02,
ValuableConfg_UpStar.csv,20,技能id,SkillID,
ValuableConfg_UpStar.csv,21,Key_描述,Key_SkillIDescribe,
ValuableConfg_UpStar.csv,22,技能描述,SkillIDescribe,
ValuableConfg_UpStar.csv,23,技能虚战力,SkillAbilityAdd,
WeaponConfig_Base.csv,1,流水ID,Id,
WeaponConfig_Base.csv,2,Key_名称,Key_Name,
WeaponConfig_Base.csv,3,名称,Name,
WeaponConfig_Base.csv,4,Key_描述,Key_Desc,
WeaponConfig_Base.csv,5,描述,Desc,
WeaponConfig_Base.csv,6,使用者ID,OwnerId,
WeaponConfig_Base.csv,7,武器id,WeaponId,
WeaponConfig_Base.csv,8,皮肤ID,SkinId,
WeaponConfig_Base.csv,9,角色等级,HeroLevel,
WeaponConfig_Base.csv,10,展示模型,ShowModel,
WeaponConfig_Base.csv,11,战斗武器,BattleModel,
WeaponConfig_Base.csv,12,节奏玩法模型,RhythmModel,
WeaponConfig_Base.csv,13,高模武器部位,HighModelPositions,
WeaponConfig_Base.csv,14,低模武器部位,LowModelPositions,
WeaponConfig_Base.csv,15,星盘部位名字,AstrolabeName,
WeaponConfig_Base.csv,16,展示位置,DisplayPos,
WeaponConfig_Base.csv,17,展示角度,DisplayRot,
WeaponConfig_Base.csv,18,灿金武器推进显示位置,DisplayPushPos,
WeaponConfig_Base.csv,19,灿金武器推进显示角度,DisplayPushRot,
WeaponConfig_Base.csv,20,旋转骨骼名字,RotBones,
WeaponConfig_Base.csv,21,骨骼旋转是否与手势相反,RotInvert,
WeaponConfig_Base.csv,22,骨骼本地旋转轴,RotateLocalAxis,
WeaponConfig_Skin.csv,1,流水ID,Id,
WeaponConfig_Skin.csv,2,名字,Name,
WeaponConfig_Skin.csv,3,武器几阶解锁该皮肤,LockStage,
WeaponConfig_Skin.csv,4,描述,Desc,
WeaponConfig_Skin.csv,5,角色归属,OwnerId,
WeaponConfig_Skin.csv,6,皮肤序号,SkinSeq,
WeaponConfig_Skin.csv,7,展示模型,ShowModel,
WeaponConfig_Skin.csv,8,战斗模型,BattleModel,
WeaponConfig_Skin.csv,9,节奏玩法使用武器预制,RhythmModel,
WeaponConfig_Skin.csv,10,高模部位名字,HighModelPositions,
WeaponConfig_Skin.csv,11,低模部位名字,LowModelPositions,
WeaponConfig_Skin.csv,12,立绘,DrawPic,
WeaponConfig_Skin.csv,13,武器模型名字,ModelName,
WorldBossConfig_Base.csv,1,ID,id,
WorldBossConfig_Base.csv,2,备注,Des,
WorldBossConfig_Base.csv,3,预热开启时间,PreviewTime,1
WorldBossConfig_Base.csv,4,正式开始时间,StartTime,1
WorldBossConfig_Base.csv,5,结算时间,SettlementTime,
WorldBossConfig_Base.csv,6,结束时间,EndTime,1
WorldBossConfig_Base.csv,7,调用MissionID,MissionID,
WorldBossConfig_Base.csv,8,公会战DPS调整系数(新增),UnionAntiCheatDpsAdjustRatio,
WorldBossConfig_Base.csv,9,关卡入口资源（大）,BigResources,
WorldBossConfig_Base.csv,10,活动界面背景,BgPic,
WorldBossConfig_Base.csv,11,首领怪物ID,BossID,
WorldBossConfig_Base.csv,12,固定奖励掉落包,ClearReward,1
WorldBossConfig_Base.csv,13,惊喜奖励掉落包,SurpriseReward,1
WorldBossConfig_Base.csv,14,展示奖励,ShowReward,1
WorldBossConfig_Base.csv,15,个人进度奖励组id,SingleRewardGroupId,1
WorldBossConfig_Base.csv,16,累计伤害奖励组id,WorldRewardGroupId,1
WorldBossConfig_Base.csv,17,控制参数组id,ControlValueGrouopId,
WorldBossConfig_Base.csv,18,排行榜赛季组,SeasonGroup,
WorldBossConfig_Base.csv,19,联盟排行榜id,UnionRankId,
WorldBossConfig_Base.csv,20,是否发放联盟排行榜奖励,IsSendSeasonRankReward,1
WorldBossConfig_ControlValue.csv,1,ID,id,
WorldBossConfig_ControlValue.csv,2,组id,GroupId,
WorldBossConfig_ControlValue.csv,3,目标天数,DayNum,
WorldBossConfig_ControlValue.csv,4,最低伤害,MinNum,
WorldBossConfig_ControlValue.csv,5,最高伤害,MaxNum,
WorldBossConfig_ControlValue.csv,6,系数,Ratio,
WorldBossConfig_ControlValue.csv,7,地区,ZoneId,
WorldBossConfig_SingleReward.csv,1,ID,id,
WorldBossConfig_SingleReward.csv,2,赛季id,GroupId,
WorldBossConfig_SingleReward.csv,3,目标伤害,TargetNum,
WorldBossConfig_SingleReward.csv,4,奖励,RewardList,1
WorldBossConfig_TargetNum.csv,1,ID,id,
WorldBossConfig_TargetNum.csv,2,组id,GroupId,
WorldBossConfig_TargetNum.csv,3,目标天数,DayNum,
WorldBossConfig_TargetNum.csv,4,累计目标伤害,TargetNum,
WorldBossConfig_TargetNum.csv,5,地区,ZoneId,
WorldBossConfig_Value.csv,1,ID,id,
WorldBossConfig_Value.csv,2,描述,Desc,
WorldBossConfig_Value.csv,3,参数,Param,
WorldBossConfig_WorldReward.csv,1,ID,id,
WorldBossConfig_WorldReward.csv,2,组id,GroupId,
WorldBossConfig_WorldReward.csv,3,目标伤害,TargetNum,
WorldBossConfig_WorldReward.csv,4,奖励,RewardList,1
WorldBossConfig_WorldReward.csv,5,地区,ZoneId,
WorldLevel_Base.csv,1,流水id,Id,
WorldLevel_Base.csv,2,等级差,LevelDiff,
WorldLevel_Base.csv,3,经验倍率,ExpRate,1
WorldLevel_Base.csv,4,区域净化倍率,RewardRate,1
WorldLevel_ServerLevel.csv,1,流水id,Id,
WorldLevel_ServerLevel.csv,2,世界等级,WorldLevel,
WorldLevel_ServerLevel.csv,3,开服时间,OpeningTime,1
zhuanwu_Base.csv,1,流水ID,Id,
zhuanwu_Base.csv,2,对应角色ID,HeroID,
zhuanwu_Base.csv,3,相性,Phasic,
zhuanwu_Base.csv,4,对应角色,NOTES,
zhuanwu_Base.csv,5,等级,Level,
zhuanwu_Base.csv,6,开启条件,Condition,1
zhuanwu_Base.csv,7,品质,Quilty,
zhuanwu_Base.csv,8,专武名字,Key_Name,
zhuanwu_Base.csv,9,专武名称_文本,Name,
zhuanwu_Base.csv,10,专武技能名字,Key_SkillName,
zhuanwu_Base.csv,11,专武技能名称_文本,SkillName,
zhuanwu_Base.csv,12,专武描述,Key_Introduce,
zhuanwu_Base.csv,13,专武描述_文本, Introduce,
zhuanwu_Base.csv,14,专武图标,IconName,
zhuanwu_Base.csv,15,专武模型,Model,
zhuanwu_Base.csv,16,技能,SkillId,
zhuanwu_Base.csv,17,技能类型,SkillType,
zhuanwu_Base.csv,18,天赋,TalentId,
zhuanwu_Base.csv,19,技能简述,Key_SkillShort,
zhuanwu_Base.csv,20,技能详述,SkillShort,
zhuanwu_Base.csv,21,技能详述,Key_SkillLong,
zhuanwu_Base.csv,22,技能详述,SkillLong,
zhuanwu_Base.csv,23,升级消耗,Cost,1
zhuanwu_Base.csv,24,属性ID,Attribute,
zhuanwu_Base.csv,25,虚战力,Fight,
